event,date_et,symbol,fill_time_et,fill_price,stamped_flip_level,raw_recalculated_atr_sell_et,recalculated_atr_sell_et,sell_deferred_from_halt,halt_windows_in_measurement,outcome,plus5_touch_et,minus8_touch_et,touch_order,trigger_time_et,exit_bid,high_bid_pct_time,low_bid_pct_time,event_return_pct,actual_exit_time_et,actual_exit_price,actual_return_pct,actual_exit_note,dependency,plus5_no_stop_return_pct,plus10_no_stop_return_pct,window,bid_print_gate
1,2026-08-24,PMI,Schwab: 07:32:02.000; Webull: 07:32:04.446,Schwab: 4.3600; Webull: 4.3600,Schwab: 4.3581; Webull: 4.3581,07:46:00.000,07:46:00.000,no,0,exited on ATR flip,Schwab: NA; Webull: NA,Schwab: NA; Webull: NA,Schwab: not both touched; Webull: not both touched,Schwab: 07:46:02.625; Webull: 07:46:02.625,Schwab: 4.3000; Webull: 4.3000,Schwab: +0.4587% @ 7.456m; Webull: +0.4587% @ 7.415m,Schwab: -1.8349% @ 12.204m; Webull: -1.8349% @ 12.164m,-1.3761,Schwab: 07:46:02.000; Webull: 07:46:04.045,Schwab: 4.3003; Webull: 4.3000,-1.3716,Schwab: CW_FLIP; Webull: CW_FLIP,depends on recalculated ATR SELL endpoint,-1.3761,-1.3761,actual resting fill -> recalculated ATR SELL; 16:00 backstop,Schwab: bid=4.3800 print=4.3900; Webull: bid=4.3800 print=4.3900
2,2026-08-24,BTCT,Webull: 09:26:59.338,Webull: 1.6893,Webull: 1.6765,09:33:00.000,09:33:00.000,no,0,exited at -8%,Webull: NA,Webull: 09:31:31.114,Webull: not both touched,Webull: 09:31:31.114,Webull: 1.5500,Webull: -0.5505% @ 0.003m,Webull: -8.8380% @ 4.551m,-8.2460,Webull: 09:30:39.103,Webull: 1.6013,-5.2093,Webull: CW_HARD_STOP,endpoint-independent,-7.0621,-7.0621,actual resting fill -> recalculated ATR SELL; 16:00 backstop,Webull: bid=1.6800 print=1.6900
3,2026-08-24,XPON,Schwab: 09:33:25.000; Webull: 09:33:25.665,Schwab: 8.7200; Webull: 8.7150,Schwab: 8.7173; Webull: 8.7173,10:09:00.000,10:09:00.000,no,2,exited at -8%,Schwab: NA; Webull: NA,Schwab: 09:34:37.041; Webull: 09:34:37.044,Schwab: not both touched; Webull: not both touched,Schwab: 09:34:37.041; Webull: 09:34:37.044,Schwab: 8.0200; Webull: 8.0100,Schwab: +1.8349% @ 0.175m; Webull: +1.8933% @ 0.164m,Schwab: -42.6606% @ 33.049m; Webull: -42.6277% @ 33.038m,-8.0482,Schwab: 09:33:35.000; Webull: NA,Schwab: 8.8900; Webull: NA,NA,Schwab: native OCO target; Webull: broker fills close only 0 of 1.00000000 shares,endpoint-independent,-23.8386,-23.8386,actual resting fill -> recalculated ATR SELL; 16:00 backstop,Schwab: bid=8.8800 print=8.9000; Webull: bid=8.8800 print=8.9000
4,2026-08-24,BTCT,Webull: 09:54:54.944,Webull: 1.6300,Webull: 1.6343,11:11:00.000,11:11:00.000,no,1,exited at +5%,Webull: 10:03:14.380,Webull: NA,Webull: not both touched,Webull: 10:03:14.380,Webull: 1.7200,Webull: +68.0982% @ 32.438m,Webull: -2.4540% @ 0.606m,+5.5215,Webull: NA,Webull: NA,NA,Webull: broker fills close only 0 of 1.00000000 shares,endpoint-independent,+5.5215,+10.4294,actual resting fill -> recalculated ATR SELL; 16:00 backstop,Webull: bid=2.7400 print=2.7500
5,2026-08-24,XPON,Schwab: 10:54:00.000,Schwab: 7.1191,Schwab: 7.1226,12:25:00.000,12:25:00.000,no,2,exited at +5%,Schwab: 11:07:54.171,Schwab: 11:33:00.383,Schwab: +5 first,Schwab: 11:07:54.171,Schwab: 7.4800,Schwab: +29.7917% @ 31.949m,Schwab: -21.0574% @ 39.006m,+5.0695,Schwab: 10:56:32.000,Schwab: 7.2700,+2.1196,Schwab: native OCO target,endpoint-independent,+5.0695,+10.1263,actual resting fill -> recalculated ATR SELL; 16:00 backstop,Schwab: bid=9.2400 print=9.2600
6,2026-08-24,DAIC,Webull: 11:12:20.955; Schwab: 11:12:21.000,Webull: 1.9399; Schwab: 1.9400,Webull: 1.9387; Schwab: 1.9387,11:37:00.000,11:41:47.333,yes,4,exited at +5%,Webull: 11:14:04.039; Schwab: 11:14:04.039,Webull: 11:20:45.719; Schwab: 11:20:45.719,Webull: +5 first; Schwab: +5 first,Webull: 11:14:04.039; Schwab: 11:14:04.039,Webull: 2.0400; Schwab: 2.0400,Webull: +20.1093% @ 13.896m; Schwab: +20.1031% @ 13.895m,Webull: -32.4707% @ 24.156m; Schwab: -32.4742% @ 24.155m,+5.1564,Webull: NA; Schwab: 11:15:27.000,Webull: NA; Schwab: 2.1200,NA,Webull: broker fills close only 0 of 1.00000000 shares; Schwab: native OCO target,endpoint-independent,+5.1564,+9.2802,actual resting fill -> recalculated ATR SELL; 16:00 backstop,Webull: bid=2.3300 print=2.3500; Schwab: bid=2.3300 print=2.3500
7,2026-08-24,DAIC,Schwab: 11:54:34.000,Schwab: 2.2487,Schwab: 2.2478,12:38:00.000,12:38:00.000,no,5,exited at +5%,Schwab: 11:55:31.764,Schwab: 12:05:46.797,Schwab: +5 first,Schwab: 11:55:31.764,Schwab: 2.3700,Schwab: +13.3989% @ 11.213m,Schwab: -43.5229% @ 43.195m,+5.3942,Schwab: 12:56:10.000,Schwab: 2.5300,+12.5094,Schwab: native OCO target,endpoint-independent,+5.3942,-15.9514,actual resting fill -> recalculated ATR SELL; 16:00 backstop,Schwab: bid=2.5500 print=2.5900
8,2026-08-24,DAIC,Schwab: 12:56:10.000,Schwab: 2.4800,Schwab: 2.4837,14:33:00.000,14:33:00.000,no,11,exited at +5%,Schwab: 12:56:50.187,Schwab: 13:29:40.008,Schwab: +5 first,Schwab: 12:56:50.187,Schwab: 2.6200,Schwab: +25.8065% @ 68.602m,Schwab: -5.6452% @ 33.501m,+5.6452,Schwab: 14:10:03.000,Schwab: 2.8200,+13.7097,Schwab: native OCO target,endpoint-independent,+5.6452,+10.0806,actual resting fill -> recalculated ATR SELL; 16:00 backstop,Schwab: bid=3.1200 print=3.1300
9,2026-08-24,XPON,Schwab: 13:03:07.000,Schwab: 7.6300,Schwab: 7.6291,14:19:00.000,14:19:00.000,no,1,exited at -8%,Schwab: NA,Schwab: 13:09:55.553,Schwab: not both touched,Schwab: 13:09:55.553,Schwab: 7.0100,Schwab: -0.3932% @ 0.012m,Schwab: -38.9253% @ 12.060m,-8.1258,Schwab: 13:09:42.000,Schwab: 7.2500,-4.9803,Schwab: native OCO stop,endpoint-independent,-9.0433,-9.0433,actual resting fill -> recalculated ATR SELL; 16:00 backstop,Schwab: bid=7.6000 print=7.6500
10,2026-08-24,XPON,Schwab: 13:31:58.000,Schwab: 7.2100,Schwab: 7.2108,14:19:00.000,14:19:00.000,no,0,exited on ATR flip,Schwab: NA,Schwab: NA,Schwab: not both touched,Schwab: 14:19:00.208,Schwab: 6.9400,Schwab: +4.0222% @ 34.624m,Schwab: -6.9348% @ 46.791m,-3.7448,Schwab: 13:33:31.000,Schwab: 7.3600,+2.0804,Schwab: native OCO target,depends on recalculated ATR SELL endpoint,-3.7448,-3.7448,actual resting fill -> recalculated ATR SELL; 16:00 backstop,Schwab: bid=7.5000 print=7.5200
11,2026-08-24,LUCY,Schwab: 13:50:43.000; Webull: 13:50:43.613,Schwab: 1.0800; Webull: 1.0800,Schwab: 1.0807; Webull: 1.0807,15:12:00.000,15:12:00.000,no,0,exited on ATR flip,Schwab: NA; Webull: NA,Schwab: NA; Webull: NA,Schwab: not both touched; Webull: not both touched,Schwab: 15:12:00.091; Webull: 15:12:00.091,Schwab: 1.0400; Webull: 1.0400,Schwab: +0.9259% @ 60.119m; Webull: +0.9259% @ 60.108m,Schwab: -3.7037% @ 4.976m; Webull: -3.7037% @ 4.966m,-3.7037,Schwab: 14:50:51.000; Webull: NA,Schwab: 1.1000; Webull: NA,NA,Schwab: native OCO target; Webull: broker fills close only 0 of 1.00000000 shares,depends on recalculated ATR SELL endpoint,-3.7037,-3.7037,actual resting fill -> recalculated ATR SELL; 16:00 backstop,Schwab: bid=1.0900 print=1.1000; Webull: bid=1.0900 print=1.1000
12,2026-08-24,XPON,Schwab: 14:38:42.000,Schwab: 7.3800,Schwab: 7.3751,15:07:00.000,15:07:00.000,no,0,exited at +5%,Schwab: 14:55:11.391,Schwab: NA,Schwab: not both touched,Schwab: 14:55:11.391,Schwab: 7.7500,Schwab: +8.2656% @ 16.492m,Schwab: -7.3171% @ 17.166m,+5.0136,Schwab: 14:51:18.000,Schwab: 7.5200,+1.8970,Schwab: native OCO target,endpoint-independent,+5.0136,-5.4201,actual resting fill -> recalculated ATR SELL; 16:00 backstop,Schwab: bid=7.9900 print=8.0000
13,2026-08-24,PMI,Schwab: 15:13:59.000; Webull: 15:13:59.237,Schwab: 4.6500; Webull: 4.6690,Schwab: 4.6501; Webull: 4.6501,none; 16:00 backstop,none; 16:00 backstop,no,0,exited at +5%,Schwab: 15:49:47.562; Webull: 15:49:51.423,Schwab: NA; Webull: NA,Schwab: not both touched; Webull: not both touched,Schwab: 15:49:47.562; Webull: 15:49:51.423,Schwab: 4.8900; Webull: 4.9100,Schwab: +13.3333% @ 45.965m; Webull: +12.8721% @ 45.961m,Schwab: -3.2258% @ 5.758m; Webull: -3.6196% @ 5.754m,+5.1614,Schwab: 15:15:54.000; Webull: NA,Schwab: 4.7400; Webull: NA,NA,Schwab: native OCO target; Webull: broker fills close only 0 of 1.00000000 shares,endpoint-independent,+5.1614,+10.1010,actual resting fill -> recalculated ATR SELL; 16:00 backstop,Schwab: bid=5.2700 print=5.3000; Webull: bid=5.2700 print=5.3000
14,2026-08-24,LUCY,Schwab: 15:19:10.000,Schwab: 1.0800,Schwab: 1.0806,15:39:00.000,15:39:00.000,no,0,exited on ATR flip,Schwab: NA,Schwab: NA,Schwab: not both touched,Schwab: 15:39:05.663,Schwab: 1.0500,Schwab: +2.7778% @ 0.751m,Schwab: -3.7037% @ 0.000m,-2.7778,Schwab: 15:19:40.000,Schwab: 1.1000,+1.8519,Schwab: native OCO target,depends on recalculated ATR SELL endpoint,-2.7778,-2.7778,actual resting fill -> recalculated ATR SELL; 16:00 backstop,Schwab: bid=1.1100 print=1.1150
15,2026-08-25,DAIC,Schwab: 11:36:51.000; Webull: 11:36:51.957,Schwab: 3.2000; Webull: 3.2000,Schwab: 3.1950; Webull: 3.1950,13:14:00.000,13:14:00.000,no,0,exited at +5%,Schwab: 12:05:00.721; Webull: 12:05:00.721,Schwab: NA; Webull: NA,Schwab: not both touched; Webull: not both touched,Schwab: 12:05:00.721; Webull: 12:05:00.721,Schwab: 3.3600; Webull: 3.3600,Schwab: +31.2500% @ 50.252m; Webull: +31.2500% @ 50.236m,Schwab: -4.0625% @ 17.092m; Webull: -4.0625% @ 17.076m,+5.0000,Schwab: 12:05:00.000; Webull: NA,Schwab: 3.2600; Webull: NA,NA,Schwab: native OCO target; Webull: broker fills close only 0 of 1.00000000 shares,endpoint-independent,+5.0000,+10.0000,actual resting fill -> recalculated ATR SELL; 16:00 backstop,Schwab: bid=4.2000 print=4.2200; Webull: bid=4.2000 print=4.2200
16,2026-08-25,BTCT,Webull: 11:48:33.567,Webull: 1.9400,Webull: 1.9365,none; 16:00 backstop,none; 16:00 backstop,no,0,exited at +5%,Webull: 13:02:28.573,Webull: NA,Webull: not both touched,Webull: 13:02:28.573,Webull: 2.0400,Webull: +6.7010% @ 89.186m,Webull: -2.0619% @ 26.592m,+5.1546,Webull: NA,Webull: NA,NA,Webull: broker fills close only 0 of 1.00000000 shares,endpoint-independent,+5.1546,NA,actual resting fill -> recalculated ATR SELL; 16:00 backstop,Webull: bid=2.0700 print=2.0800
17,2026-08-25,AIXI,Webull: 12:05:08.180,Webull: 1.1700,Webull: 1.1714,12:56:00.000,12:56:00.000,no,0,exited at -8%,Webull: 12:35:04.190,Webull: 12:12:13.782,Webull: -8 first,Webull: 12:12:13.782,Webull: 1.0700,Webull: +14.5299% @ 31.827m,Webull: -9.4017% @ 7.122m,-8.5470,Webull: 12:29:28.378,Webull: 1.1800,+0.8547,Webull: native OCO exit,endpoint-independent,+5.1282,+10.2564,actual resting fill -> recalculated ATR SELL; 16:00 backstop,Webull: bid=1.3400 print=1.3500
18,2026-08-25,PMI,Schwab: 12:18:46.000; Webull: 12:18:46.363,Schwab: 7.6800; Webull: 7.7000,Schwab: 7.6789; Webull: 7.6789,14:16:00.000,14:16:00.000,no,0,exited at +5%,Schwab: 12:29:06.415; Webull: 12:29:06.416,Schwab: NA; Webull: NA,Schwab: not both touched; Webull: not both touched,Schwab: 12:29:06.415; Webull: 12:29:06.416,Schwab: 8.0800; Webull: 8.0900,Schwab: +44.5312% @ 102.070m; Webull: +44.1558% @ 102.064m,Schwab: -1.1719% @ 0.007m; Webull: -1.4286% @ 0.001m,+5.1605,Schwab: 12:23:18.000; Webull: NA,Schwab: 7.8300; Webull: NA,NA,Schwab: native OCO target; Webull: broker fills close only 0 of 1.00000000 shares,endpoint-independent,+5.1605,+10.0174,actual resting fill -> recalculated ATR SELL; 16:00 backstop,Schwab: bid=11.1000 print=11.1300; Webull: bid=11.1000 print=11.1300
19,2026-08-25,AIXI,Webull: 12:22:58.387,Webull: 1.1550,Webull: 1.1600,12:56:00.000,12:56:00.000,no,0,exited at +5%,Webull: 12:29:58.658,Webull: NA,Webull: not both touched,Webull: 12:29:58.658,Webull: 1.2200,Webull: +16.0173% @ 13.990m,Webull: -2.1645% @ 2.354m,+5.6277,Webull: 14:12:43.810,Webull: 1.2600,+9.0909,Webull: native OCO target,endpoint-independent,+5.6277,+10.8225,actual resting fill -> recalculated ATR SELL; 16:00 backstop,Webull: bid=1.3400 print=1.3500
20,2026-08-25,PMI,Schwab: 12:24:29.000,Schwab: 7.8600,Schwab: 7.8600,14:16:00.000,14:16:00.000,no,0,exited at +5%,Schwab: 12:42:20.600,Schwab: NA,Schwab: not both touched,Schwab: 12:42:20.600,Schwab: 8.2600,Schwab: +41.2214% @ 96.353m,Schwab: -1.2723% @ 1.710m,+5.0891,Schwab: 12:25:06.000,Schwab: 8.0200,+2.0356,Schwab: native OCO target,endpoint-independent,+5.0891,+10.0509,actual resting fill -> recalculated ATR SELL; 16:00 backstop,Schwab: bid=11.1000 print=11.1300
21,2026-08-25,AIXI,Webull: 13:28:57.283,Webull: 1.2000,Webull: 1.2002,13:54:00.000,13:54:00.000,no,0,exited at +5%,Webull: 13:37:33.138,Webull: NA,Webull: not both touched,Webull: 13:37:33.138,Webull: 1.2600,Webull: +6.6667% @ 8.899m,Webull: -4.1667% @ 24.203m,+5.0000,Webull: NA,Webull: NA,NA,Webull: broker fills close only 0 of 1.00000000 shares,endpoint-independent,+5.0000,-4.1667,actual resting fill -> recalculated ATR SELL; 16:00 backstop,Webull: bid=1.2800 print=1.3000
22,2026-08-25,DAIC,Schwab: 14:02:06.000,Schwab: 3.5899,Schwab: 3.5877,15:12:00.000,15:12:00.000,no,0,exited at +5%,Schwab: 14:10:26.731,Schwab: NA,Schwab: not both touched,Schwab: 14:10:26.731,Schwab: 3.7700,Schwab: +13.9308% @ 22.602m,Schwab: -3.6185% @ 0.021m,+5.0169,Schwab: 14:02:08.000,Schwab: 3.6600,+1.9527,Schwab: native OCO target,endpoint-independent,+5.0169,+11.4237,actual resting fill -> recalculated ATR SELL; 16:00 backstop,Schwab: bid=4.0900 print=4.1100
23,2026-08-25,AIXI,Webull: 14:12:15.686,Webull: 1.2350,Webull: 1.1952,15:16:00.000,15:16:00.000,no,0,exited on ATR flip,Webull: NA,Webull: NA,Webull: not both touched,Webull: 15:16:00.327,Webull: 1.1600,Webull: +4.4534% @ 2.692m,Webull: -6.0729% @ 63.725m,-6.0729,Webull: NA,Webull: NA,NA,Webull: broker fills close only 0 of 1.00000000 shares,depends on recalculated ATR SELL endpoint,-6.0729,-6.0729,actual resting fill -> recalculated ATR SELL; 16:00 backstop,Webull: bid=1.2900 print=1.3000
24,2026-08-25,PMI,Schwab: 14:39:04.000; Webull: 14:39:04.407,Schwab: 9.6900; Webull: 9.6900,Schwab: 9.6816; Webull: 9.6816,15:57:00.000,15:57:00.000,no,0,exited at +5%,Schwab: 15:20:03.915; Webull: 15:20:03.915,Schwab: NA; Webull: NA,Schwab: not both touched; Webull: not both touched,Schwab: 15:20:03.915; Webull: 15:20:03.915,Schwab: 10.2200; Webull: 10.2200,Schwab: +8.7719% @ 42.305m; Webull: +8.7719% @ 42.298m,Schwab: -6.0888% @ 13.620m; Webull: -6.0888% @ 13.613m,+5.4696,Schwab: 14:41:09.000; Webull: NA,Schwab: 9.8800; Webull: NA,NA,Schwab: native OCO target; Webull: broker fills close only 0 of 1.00000000 shares,endpoint-independent,+5.4696,-2.7864,actual resting fill -> recalculated ATR SELL; 16:00 backstop,Schwab: bid=10.5400 print=10.5800; Webull: bid=10.5400 print=10.5800
25,2026-08-25,DAIC,Schwab: 15:44:40.000,Schwab: 3.6200,Schwab: 3.6307,none; 16:00 backstop,none; 16:00 backstop,no,0,exited at +5%,Schwab: 15:45:47.450,Schwab: NA,Schwab: not both touched,Schwab: 15:45:47.450,Schwab: 3.8100,Schwab: +10.2210% @ 12.281m,Schwab: -1.6575% @ 0.008m,+5.2486,Schwab: 15:45:16.000,Schwab: 3.7000,+2.2099,Schwab: native OCO target,endpoint-independent,+5.2486,+10.2210,actual resting fill -> recalculated ATR SELL; 16:00 backstop,Schwab: bid=3.9900 print=4.0000
26,2026-08-26,DAIC,Schwab: 08:34:28.000; Webull: 08:34:31.244,Schwab: 5.8662; Webull: 5.8700,Schwab: 5.8570; Webull: 5.8570,09:32:00.000,09:32:00.000,no,0,exited at +5%,Schwab: 08:49:25.290; Webull: 08:49:27.198,Schwab: NA; Webull: NA,Schwab: not both touched; Webull: not both touched,Schwab: 08:49:25.290; Webull: 08:49:27.198,Schwab: 6.1600; Webull: 6.1700,Schwab: +13.7022% @ 56.002m; Webull: +13.6286% @ 55.948m,Schwab: -1.1285% @ 6.517m; Webull: -1.1925% @ 6.463m,+5.0425,Schwab: 08:47:27.000; Webull: 08:47:27.942,Schwab: 5.9800; Webull: 5.9600,+1.8044,Schwab: CW_FLOOR; Webull: CW_FLOOR,endpoint-independent,+5.0425,+10.0986,actual resting fill -> recalculated ATR SELL; 16:00 backstop,Schwab: bid=6.6700 print=6.6900; Webull: bid=6.6700 print=6.6900
27,2026-08-26,YYGH,Webull: 08:55:12.254,Webull: 1.9500,Webull: 1.9416,09:31:00.000,09:31:00.000,no,0,exited on ATR flip,Webull: NA,Webull: NA,Webull: not both touched,Webull: 09:31:00.191,Webull: 1.8700,Webull: +3.0769% @ 6.842m,Webull: -4.6154% @ 35.319m,-4.1026,Webull: 09:04:09.860,Webull: 1.9700,+1.0256,Webull: CW_FLOOR,depends on recalculated ATR SELL endpoint,-4.1026,-4.1026,actual resting fill -> recalculated ATR SELL; 16:00 backstop,Webull: bid=2.0100 print=2.0200
28,2026-08-26,CRE,Webull: 08:57:44.917,Webull: 6.7700,Webull: 6.7285,09:03:00.000,09:03:00.000,no,0,exited at +5%,Webull: 08:58:06.430,Webull: 09:01:23.929,Webull: +5 first,Webull: 08:58:06.430,Webull: 7.1100,Webull: +5.1699% @ 0.377m,Webull: -16.1004% @ 5.147m,+5.0222,Webull: 08:58:09.449,Webull: 6.9100,+2.0679,Webull: CW_FLOOR,endpoint-independent,+5.0222,-15.0665,actual resting fill -> recalculated ATR SELL; 16:00 backstop,Webull: bid=7.1200 print=7.1300
29,2026-08-26,YYGH,Webull: 09:39:54.027,Webull: 1.9700,Webull: 1.9698,09:57:00.000,09:57:00.000,no,0,exited at -8%,Webull: NA,Webull: 09:56:12.091,Webull: not both touched,Webull: 09:56:12.091,Webull: 1.8100,Webull: +4.5685% @ 3.356m,Webull: -10.1523% @ 16.493m,-8.1218,Webull: 09:43:03.696,Webull: 2.0100,+2.0305,Webull: native OCO exit,endpoint-independent,-8.1218,-8.1218,actual resting fill -> recalculated ATR SELL; 16:00 backstop,Webull: bid=2.0600 print=2.0700
30,2026-08-26,YYGH,Webull: 10:31:00.827,Webull: 1.9500,Webull: 1.9370,11:06:00.000,11:06:00.000,no,0,exited on ATR flip,Webull: NA,Webull: NA,Webull: not both touched,Webull: 11:06:00.513,Webull: 1.9000,Webull: +4.1026% @ 9.154m,Webull: -2.5641% @ 0.271m,-2.5641,Webull: 10:31:08.610,Webull: 1.9312,-0.9641,Webull: CW_FLIP,depends on recalculated ATR SELL endpoint,-2.5641,-2.5641,actual resting fill -> recalculated ATR SELL; 16:00 backstop,Webull: bid=2.0300 print=2.0400
31,2026-08-26,YYGH,Webull: 10:32:40.360,Webull: 1.9350,Webull: 1.9698,11:06:00.000,11:06:00.000,no,0,exited on ATR flip,Webull: NA,Webull: NA,Webull: not both touched,Webull: 11:06:00.513,Webull: 1.9000,Webull: +4.9096% @ 7.495m,Webull: -1.8088% @ 25.894m,-1.8088,Webull: 10:35:37.964,Webull: 1.9800,+2.3256,Webull: native OCO target,depends on recalculated ATR SELL endpoint,-1.8088,-1.8088,actual resting fill -> recalculated ATR SELL; 16:00 backstop,Webull: bid=2.0300 print=2.0400
32,2026-08-26,YYGH,Webull: 11:30:08.920,Webull: 1.9700,Webull: 1.9590,12:32:00.000,12:32:00.000,no,0,exited at +5%,Webull: 11:31:58.269,Webull: NA,Webull: not both touched,Webull: 11:31:58.269,Webull: 2.0700,Webull: +6.0914% @ 1.847m,Webull: -5.0761% @ 61.601m,+5.0761,Webull: 11:30:33.530,Webull: 2.0100,+2.0305,Webull: native OCO exit,endpoint-independent,+5.0761,-4.0609,actual resting fill -> recalculated ATR SELL; 16:00 backstop,Webull: bid=2.0900 print=2.0900
33,2026-08-26,XPON,Schwab: 11:36:09.000; Webull: 11:36:09.213,Schwab: 9.4100; Webull: 9.4200,Schwab: 9.4055; Webull: 9.4055,12:14:00.000,12:14:00.000,no,0,exited at -8%,Schwab: NA; Webull: NA,Schwab: 12:13:37.300; Webull: 12:13:37.299,Schwab: not both touched; Webull: not both touched,Schwab: 12:13:37.300; Webull: 12:13:37.299,Schwab: 8.6500; Webull: 8.6600,Schwab: +1.5940% @ 0.532m; Webull: +1.4862% @ 0.528m,Schwab: -8.0765% @ 37.472m; Webull: -8.1741% @ 37.468m,-8.0737,Schwab: 11:49:11.000; Webull: 11:49:11.857,Schwab: 8.9300; Webull: 8.9100,-5.2053,Schwab: native OCO stop; Webull: native OCO exit,endpoint-independent,-8.1090,-8.1090,actual resting fill -> recalculated ATR SELL; 16:00 backstop,Schwab: bid=9.5600 print=9.5800; Webull: bid=9.5600 print=9.5800
34,2026-08-26,CRE,Webull: 12:18:17.300,Webull: 6.2784,Webull: 6.2829,12:33:00.000,12:33:00.000,no,0,exited on ATR flip,Webull: NA,Webull: NA,Webull: not both touched,Webull: 12:33:00.618,Webull: 6.0200,Webull: +2.0961% @ 5.225m,Webull: -4.4343% @ 14.014m,-4.1157,Webull: 12:22:27.422,Webull: 6.4000,+1.9368,Webull: native OCO exit,depends on recalculated ATR SELL endpoint,-4.1157,-4.1157,actual resting fill -> recalculated ATR SELL; 16:00 backstop,Webull: bid=6.4100 print=6.4200
35,2026-08-26,XPON,Schwab: 12:42:21.000; Webull: 12:42:21.356,Schwab: 8.9300; Webull: 8.9100,Schwab: 8.9020; Webull: 8.9020,14:01:00.000,14:01:00.000,no,0,exited at -8%,Schwab: NA; Webull: NA,Schwab: 12:53:59.658; Webull: 12:53:59.665,Schwab: not both touched; Webull: not both touched,Schwab: 12:53:59.658; Webull: 12:53:59.665,Schwab: 8.2000; Webull: 8.1600,Schwab: -0.3359% @ 0.027m; Webull: -0.1122% @ 0.021m,Schwab: -12.6540% @ 22.825m; Webull: -12.4579% @ 22.819m,-8.2556,Schwab: 12:51:30.000; Webull: 12:42:37.974,Schwab: 8.4600; Webull: 8.8450,-3.7519,Schwab: native OCO stop; Webull: CW_FLIP,endpoint-independent,-9.4508,-9.4508,actual resting fill -> recalculated ATR SELL; 16:00 backstop,Schwab: bid=8.9000 print=8.9300; Webull: bid=8.9000 print=8.9300
36,2026-08-26,CRE,Webull: 12:49:00.259,Webull: 6.2100,Webull: 6.2023,14:45:00.000,14:45:00.000,no,0,exited at +5%,Webull: 13:38:28.428,Webull: NA,Webull: not both touched,Webull: 13:38:28.428,Webull: 6.5300,Webull: +7.7295% @ 50.983m,Webull: -3.2206% @ 25.946m,+5.1530,Webull: 13:29:21.335,Webull: 6.3300,+1.9324,Webull: native OCO exit,endpoint-independent,+5.1530,-1.7713,actual resting fill -> recalculated ATR SELL; 16:00 backstop,Webull: bid=6.6900 print=6.7200
37,2026-08-26,YYGH,Webull: 13:24:51.515,Webull: 1.9288,Webull: 1.9252,15:14:00.000,15:14:00.000,no,0,exited at +5%,Webull: 14:37:17.833,Webull: NA,Webull: not both touched,Webull: 14:37:17.833,Webull: 2.0300,Webull: +5.2468% @ 72.439m,Webull: -1.4932% @ 11.770m,+5.2468,Webull: 14:26:13.551,Webull: 1.9700,+2.1360,Webull: native OCO target,endpoint-independent,+5.2468,+0.0622,actual resting fill -> recalculated ATR SELL; 16:00 backstop,Webull: bid=2.0300 print=2.0400
38,2026-08-26,XPON,Schwab: 13:29:09.000; Webull: 13:29:09.171,Schwab: 8.2300; Webull: 8.2390,Schwab: 8.2293; Webull: 8.2293,14:01:00.000,14:01:00.000,no,0,exited on ATR flip,Schwab: NA; Webull: NA,Schwab: NA; Webull: NA,Schwab: not both touched; Webull: not both touched,Schwab: 14:01:00.713; Webull: 14:01:00.713,Schwab: 8.0800; Webull: 8.0800,Schwab: +2.9162% @ 6.050m; Webull: +2.8037% @ 6.047m,Schwab: -2.4301% @ 31.391m; Webull: -2.5367% @ 31.388m,-1.8583,Schwab: 13:35:07.000; Webull: 13:35:07.032,Schwab: 8.3900; Webull: 8.4000,+1.9474,Schwab: native OCO target; Webull: native OCO exit,depends on recalculated ATR SELL endpoint,-1.8583,-1.8583,actual resting fill -> recalculated ATR SELL; 16:00 backstop,Schwab: bid=8.4700 print=8.4800; Webull: bid=8.4700 print=8.4800
39,2026-08-26,XPON,Schwab: 14:47:15.000; Webull: 14:47:15.113,Schwab: 8.2200; Webull: 8.2400,Schwab: 8.2249; Webull: 8.2249,15:36:00.000,15:36:00.000,no,0,exited at +5%,Schwab: 14:49:25.120; Webull: 14:49:25.131,Schwab: NA; Webull: NA,Schwab: not both touched; Webull: not both touched,Schwab: 14:49:25.120; Webull: 14:49:25.131,Schwab: 8.6400; Webull: 8.7000,Schwab: +9.4891% @ 42.211m; Webull: +9.2233% @ 42.209m,Schwab: -1.0949% @ 0.003m; Webull: -1.3350% @ 0.001m,+5.2672,Schwab: 14:47:58.000; Webull: 14:47:35.552,Schwab: 8.3900; Webull: 8.1800,+1.1360,Schwab: native OCO target; Webull: CW_FLIP,endpoint-independent,+5.2672,+2.1071,actual resting fill -> recalculated ATR SELL; 16:00 backstop,Schwab: bid=9.0000 print=9.0500; Webull: bid=9.0000 print=9.0500
40,2026-08-26,CRE,Webull: 15:24:31.618,Webull: 6.1700,Webull: 6.1627,none; 16:00 backstop,none; 16:00 backstop,no,0,exited at +5%,Webull: 15:59:08.724,Webull: NA,Webull: not both touched,Webull: 15:59:08.724,Webull: 6.4800,Webull: +11.3452% @ 35.415m,Webull: -1.9449% @ 15.149m,+5.0243,Webull: 15:24:44.335,Webull: 6.2900,+1.9449,Webull: native OCO exit,endpoint-independent,+5.0243,+10.0486,actual resting fill -> recalculated ATR SELL; 16:00 backstop,Webull: bid=6.8700 print=6.8900
41,2026-08-26,YYGH,Webull: 15:25:44.667,Webull: 1.9700,Webull: 1.9712,none; 16:00 backstop,none; 16:00 backstop,no,0,exited at +5%,Webull: 15:49:42.453,Webull: NA,Webull: not both touched,Webull: 15:49:42.453,Webull: 2.0700,Webull: +8.1218% @ 34.193m,Webull: -2.0305% @ 0.520m,+5.0761,Webull: 15:48:38.313,Webull: 2.0100,+2.0305,Webull: native OCO exit,endpoint-independent,+5.0761,+8.1218,actual resting fill -> recalculated ATR SELL; 16:00 backstop,Webull: bid=2.1300 print=2.1499
42,2026-08-26,XPON,Schwab: 15:50:44.000; Webull: 15:50:44.712,Schwab: 8.6900; Webull: 8.6900,Schwab: 8.6919; Webull: 8.6919,none; 16:00 backstop,none; 16:00 backstop,no,0,exited at +5%,Schwab: 15:57:24.694; Webull: 15:57:24.694,Schwab: NA; Webull: NA,Schwab: not both touched; Webull: not both touched,Schwab: 15:57:24.694; Webull: 15:57:24.694,Schwab: 9.1400; Webull: 9.1400,Schwab: +7.9402% @ 7.210m; Webull: +7.9402% @ 7.198m,Schwab: -1.6110% @ 3.071m; Webull: -1.6110% @ 3.059m,+5.1784,Schwab: 15:55:00.000; Webull: 15:51:35.025,Schwab: 8.8700; Webull: 8.8600,+2.0330,Schwab: native OCO target; Webull: native OCO exit,endpoint-independent,+5.1784,+4.6030,actual resting fill -> recalculated ATR SELL; 16:00 backstop,Schwab: bid=9.3800 print=9.4000; Webull: bid=9.3800 print=9.4000
43,2026-08-27,PPCB,Webull: 10:59:24.900,Webull: 2.8295,Webull: 2.8118,11:39:00.000,11:39:00.000,no,0,exited at -8%,Webull: NA,Webull: 11:38:30.870,Webull: not both touched,Webull: 11:38:30.870,Webull: 2.6000,Webull: +3.5519% @ 16.510m,Webull: -9.5247% @ 39.100m,-8.1110,Webull: 10:59:37.319,Webull: 2.8305,+0.0353,Webull: CW_FLIP,endpoint-independent,-8.1110,-8.1110,actual resting fill -> recalculated ATR SELL; 16:00 backstop,Webull: bid=2.9300 print=2.9400
44,2026-08-27,MIMI,Webull: 11:29:46.731,Webull: 2.6700,Webull: 2.6683,12:28:00.000,12:28:00.000,no,0,exited at +5%,Webull: 11:49:27.424,Webull: NA,Webull: not both touched,Webull: 11:49:27.424,Webull: 2.8100,Webull: +5.2434% @ 19.678m,Webull: -2.2472% @ 58.030m,+5.2434,Webull: 11:30:55.505,Webull: 2.7200,+1.8727,Webull: native OCO exit,endpoint-independent,+5.2434,-2.2472,actual resting fill -> recalculated ATR SELL; 16:00 backstop,Webull: bid=2.8100 print=2.8200
45,2026-08-27,CELU,Webull: 12:35:25.960; Schwab: 12:35:26.000,Webull: 2.0000; Schwab: 1.9999,Webull: 2.0024; Schwab: 2.0024,13:11:00.000,13:11:00.000,no,0,exited at +5%,Webull: 12:39:47.677; Schwab: 12:39:47.677,Webull: NA; Schwab: NA,Webull: not both touched; Schwab: not both touched,Webull: 12:39:47.677; Schwab: 12:39:47.677,Webull: 2.1000; Schwab: 2.1000,Webull: +9.5000% @ 14.828m; Schwab: +9.5055% @ 14.827m,Webull: -1.5000% @ 33.139m; Schwab: -1.4951% @ 33.138m,+5.0035,Webull: 12:36:21.738; Schwab: 12:36:21.000,Webull: 2.0400; Schwab: 2.0400,+2.0034,Webull: native OCO exit; Schwab: native OCO target,endpoint-independent,+5.0035,-1.4967,actual resting fill -> recalculated ATR SELL; 16:00 backstop,Webull: bid=2.1900 print=2.2000; Schwab: bid=2.1900 print=2.2000
46,2026-08-27,PPCB,Webull: 12:58:23.270,Webull: 2.4200,Webull: 2.4109,14:12:00.000,14:12:00.000,no,0,exited at -8%,Webull: NA,Webull: 13:17:51.571,Webull: not both touched,Webull: 13:17:51.571,Webull: 2.2200,Webull: +0.0000% @ 0.001m,Webull: -18.1818% @ 37.455m,-8.2645,Webull: 13:12:19.646,Webull: 2.3000,-4.9587,Webull: native OCO exit,endpoint-independent,-14.4628,-14.4628,actual resting fill -> recalculated ATR SELL; 16:00 backstop,Webull: bid=2.4200 print=2.4200
47,2026-08-27,PPCB,Webull: 13:51:52.570,Webull: 2.1300,Webull: 2.1203,14:12:00.000,14:12:00.000,no,0,exited on ATR flip,Webull: NA,Webull: NA,Webull: not both touched,Webull: 14:12:02.917,Webull: 2.0700,Webull: +4.2254% @ 3.014m,Webull: -2.8169% @ 20.086m,-2.8169,Webull: 13:53:17.232,Webull: 2.1700,+1.8779,Webull: native OCO exit,depends on recalculated ATR SELL endpoint,-2.8169,-2.8169,actual resting fill -> recalculated ATR SELL; 16:00 backstop,Webull: bid=2.2200 print=2.2300
48,2026-08-27,PPCB,Webull: 14:15:22.404,Webull: 2.2100,Webull: 2.2002,14:59:00.000,14:59:00.000,no,0,exited on ATR flip,Webull: NA,Webull: NA,Webull: not both touched,Webull: 14:59:02.797,Webull: 2.1600,Webull: +1.8100% @ 13.027m,Webull: -3.6199% @ 6.945m,-2.2624,Webull: 14:28:23.035,Webull: 2.2500,+1.8100,Webull: native OCO exit,depends on recalculated ATR SELL endpoint,-2.2624,-2.2624,actual resting fill -> recalculated ATR SELL; 16:00 backstop,Webull: bid=2.2500 print=2.2600
49,2026-08-27,CELU,Schwab: 14:15:35.000; Webull: 14:15:35.565,Schwab: 2.1187; Webull: 2.1200,Schwab: 2.1224; Webull: 2.1224,15:14:00.000,15:14:00.000,no,0,exited at +5%,Schwab: 14:17:55.386; Webull: 14:17:55.386,Schwab: NA; Webull: NA,Schwab: not both touched; Webull: not both touched,Schwab: 14:17:55.386; Webull: 14:17:55.386,Schwab: 2.2300; Webull: 2.2300,Schwab: +8.5571% @ 8.374m; Webull: +8.4906% @ 8.365m,Schwab: -7.4904% @ 58.226m; Webull: -7.5472% @ 58.217m,+5.2317,Schwab: 14:17:13.000; Webull: 14:17:13.917,Schwab: 2.1600; Webull: 2.1600,+1.9285,Schwab: native OCO target; Webull: native OCO exit,endpoint-independent,+5.2317,-6.5656,actual resting fill -> recalculated ATR SELL; 16:00 backstop,Schwab: bid=2.3000 print=2.3100; Webull: bid=2.3000 print=2.3100
50,2026-08-27,CELU,Schwab: 15:39:08.000; Webull: 15:39:08.725,Schwab: 2.1099; Webull: 2.1100,Schwab: 2.1147; Webull: 2.1147,none; 16:00 backstop,none; 16:00 backstop,no,0,still open at 16:00,Schwab: NA; Webull: NA,Schwab: NA; Webull: NA,Schwab: not both touched; Webull: not both touched,Schwab: 15:59:59.988; Webull: 15:59:59.988,Schwab: 2.0900; Webull: 2.0900,Schwab: +1.4266% @ 2.681m; Webull: +1.4218% @ 2.669m,Schwab: -3.7869% @ 11.378m; Webull: -3.7915% @ 11.366m,-0.9447,Schwab: 16:05:00.000; Webull: 16:01:09.714,Schwab: 1.9915; Webull: 2.2050,-2.2403,Schwab: CW_FLOOR; Webull: CW_FLOOR,16:00 backstop,-0.9447,-0.9447,actual resting fill -> recalculated ATR SELL; 16:00 backstop,Schwab: bid=2.1400 print=2.1500; Webull: bid=2.1400 print=2.1500
51,2026-08-28,QNRX,Webull: 08:41:25.804,Webull: 7.1400,Webull: 7.1048,14:05:00.000,14:05:00.000,no,0,exited at +5%,Webull: 09:30:19.544,Webull: 10:08:34.184,Webull: +5 first,Webull: 09:30:19.544,Webull: 7.5000,Webull: +15.2661% @ 54.806m,Webull: -8.4034% @ 87.140m,+5.0420,Webull: 09:14:43.300,Webull: 7.1900,+0.7003,Webull: CW_FLOOR,endpoint-independent,+5.0420,+10.0840,actual resting fill -> recalculated ATR SELL; 16:00 backstop,Webull: bid=8.2300 print=8.2500
52,2026-08-31,AEHL,Webull: 08:18:08.590,Webull: 6.0700,Webull: 6.0688,09:42:00.000,09:42:00.000,no,1,exited at +5%,Webull: 08:45:58.824,Webull: NA,Webull: not both touched,Webull: 08:45:58.824,Webull: 6.3800,Webull: +26.6886% @ 75.876m,Webull: -1.4827% @ 8.106m,+5.1071,Webull: 10:31:59.525,Webull: 6.4200,+5.7661,Webull: native OCO exit,endpoint-independent,+5.1071,+10.0494,actual resting fill -> recalculated ATR SELL; 16:00 backstop,Webull: bid=7.6900 print=7.7100
53,2026-08-31,YDDL,Webull: 09:33:51.591,Webull: 2.4790,Webull: 2.4804,09:55:00.000,09:55:00.000,no,0,exited at +5%,Webull: 09:34:54.909,Webull: 09:54:19.919,Webull: +5 first,Webull: 09:34:54.909,Webull: 2.6100,Webull: +5.6878% @ 1.279m,Webull: -11.2545% @ 20.759m,+5.2844,Webull: 09:34:26.807,Webull: 2.5300,+2.0573,Webull: native OCO exit,endpoint-independent,+5.2844,-10.0444,actual resting fill -> recalculated ATR SELL; 16:00 backstop,Webull: bid=2.6200 print=2.6300
54,2026-08-31,AEHL,Webull: 10:23:13.099,Webull: 6.2900,Webull: 6.2785,11:07:00.000,11:07:00.000,no,0,exited on ATR flip,Webull: NA,Webull: NA,Webull: not both touched,Webull: 11:07:00.509,Webull: 6.1400,Webull: +3.6566% @ 20.645m,Webull: -3.6566% @ 5.243m,-2.3847,Webull: 11:33:46.768,Webull: 6.5500,+4.1335,Webull: native OCO exit,depends on recalculated ATR SELL endpoint,-2.3847,-2.3847,actual resting fill -> recalculated ATR SELL; 16:00 backstop,Webull: bid=6.5200 print=6.5400
55,2026-08-31,YDDL,Webull: 10:29:24.821; Webull: 10:29:38.252,Webull: 2.4300; Webull: 2.4387,Webull: 2.4315; Webull: 2.4804,12:09:00.000,12:09:00.000,no,0,exited at -8%,Webull: NA; Webull: NA,Webull: 10:57:06.863; Webull: 10:46:27.481,Webull: not both touched; Webull: not both touched,Webull: 10:57:06.863; Webull: 10:46:27.481,Webull: 2.2300; Webull: 2.2400,Webull: +0.0000% @ 0.130m; Webull: -0.3567% @ 0.004m,Webull: -12.7572% @ 28.545m; Webull: -13.0684% @ 28.321m,-8.1891,Webull: 10:32:14.796; Webull: 14:47:57.881,Webull: 2.3220; Webull: 2.1900,-7.3213,Webull: native OCO exit; Webull: native OCO stop,endpoint-independent,NA,NA,actual resting fill -> recalculated ATR SELL; 16:00 backstop,Webull: bid=2.4300 print=2.4400; Webull: bid=2.4300 print=2.4400
56,2026-08-31,RDHL,Webull: 10:30:05.537,Webull: 1.1100,Webull: 1.1081,11:26:00.000,11:26:00.000,no,0,exited on ATR flip,Webull: NA,Webull: NA,Webull: not both touched,Webull: 11:26:01.803,Webull: 1.0700,Webull: +2.7027% @ 36.389m,Webull: -5.4054% @ 19.700m,-3.6036,Webull: 10:49:47.447,Webull: 1.0500,-5.4054,Webull: native OCO exit,depends on recalculated ATR SELL endpoint,-3.6036,-3.6036,actual resting fill -> recalculated ATR SELL; 16:00 backstop,Webull: bid=1.1400 print=1.1500
57,2026-08-31,AEHL,Webull: 11:21:30.212,Webull: 6.4200,Webull: 6.4154,12:46:00.000,12:46:00.000,no,2,exited at +5%,Webull: 11:35:16.262,Webull: NA,Webull: not both touched,Webull: 11:35:16.262,Webull: 6.7500,Webull: +29.4393% @ 79.707m,Webull: -2.9595% @ 6.449m,+5.1402,Webull: 11:35:17.361,Webull: 6.8400,+6.5421,Webull: native OCO exit,endpoint-independent,+5.1402,+10.1246,actual resting fill -> recalculated ATR SELL; 16:00 backstop,Webull: bid=8.3100 print=8.4799
58,2026-08-31,WETO,Webull: 11:30:06.840; Webull: 11:30:12.088,Webull: 12.6200; Webull: 12.6685,Webull: 12.6391; Webull: 12.7099,12:32:00.000,12:32:00.000,no,0,exited at -8%,Webull: NA; Webull: NA,Webull: 11:38:58.354; Webull: 11:38:16.599,Webull: not both touched; Webull: not both touched,Webull: 11:38:58.354; Webull: 11:38:16.599,Webull: 11.6100; Webull: 11.6500,Webull: +0.4754% @ 0.079m; Webull: -0.2250% @ 0.007m,Webull: -23.6926% @ 61.435m; Webull: -23.9847% @ 61.347m,-8.0214,Webull: 11:32:26.606; Webull: 12:47:25.940,Webull: 12.0650; Webull: 10.4900,-10.7970,Webull: CW_HARD_STOP; Webull: native OCO stop,endpoint-independent,-23.8386,-23.8386,actual resting fill -> recalculated ATR SELL; 16:00 backstop,Webull: bid=12.6800 print=12.7099; Webull: bid=12.6400 print=12.7000
59,2026-08-31,NCRA,Webull: 12:21:19.680; Webull: 12:21:23.309,Webull: 3.0500; Webull: 3.0300,Webull: 3.0360; Webull: 2.3835,12:51:00.000,12:51:00.000,no,0,exited at -8%,Webull: NA; Webull: NA,Webull: 12:26:20.808; Webull: 12:26:20.813,Webull: not both touched; Webull: not both touched,Webull: 12:26:20.808; Webull: 12:26:20.813,Webull: 2.8000; Webull: 2.7800,Webull: +2.9508% @ 4.156m; Webull: +3.6304% @ 4.096m,Webull: -10.8197% @ 25.733m; Webull: -10.2310% @ 25.672m,-8.2238,Webull: 12:25:12.289; Webull: 13:13:35.618,Webull: 3.0954; Webull: 2.9100,-1.2359,Webull: CW_FLOOR; Webull: native OCO stop,endpoint-independent,-9.5385,-9.5385,actual resting fill -> recalculated ATR SELL; 16:00 backstop,Webull: bid=3.1400 print=3.1500; Webull: bid=3.1400 print=3.1500
60,2026-08-31,RDHL,Webull: 12:35:12.972; Webull: 12:35:25.038,Webull: 1.0700; Webull: 1.0700,Webull: 1.0747; Webull: 1.1081,13:51:00.000,13:51:00.000,no,0,UNANSWERABLE,Webull: NA; Webull: NA,Webull: NA; Webull: NA,Webull: not both touched; Webull: not both touched,Webull: 13:51:00.000; Webull: 13:51:00.000,Webull: NA; Webull: NA,Webull: +4.6729% @ 28.681m; Webull: +4.6729% @ 28.480m,Webull: -3.7383% @ 6.358m; Webull: -3.7383% @ 6.157m,NA,Webull: 13:04:23.548; Webull: NA,Webull: 1.0900; Webull: NA,NA,Webull: CW_FLOOR; Webull: broker fills close only 0 of 1.00000000 shares,Webull: no valid bid within 10s of recalculated ATR SELL; Webull: no valid bid within 10s of recalculated ATR SELL,NA,NA,actual resting fill -> recalculated ATR SELL; 16:00 backstop,Webull: bid=1.1200 print=1.1300; Webull: bid=1.1200 print=1.1300
61,2026-08-31,WETO,Webull: 12:46:06.451,Webull: 10.2800,Webull: 10.2811,13:25:00.000,13:25:00.000,no,0,exited at +5%,Webull: 12:49:07.373,Webull: NA,Webull: not both touched,Webull: 12:49:07.373,Webull: 10.8200,Webull: +14.9805% @ 7.310m,Webull: -1.4591% @ 0.076m,+5.2529,Webull: 12:52:04.684,Webull: 11.3300,+10.2140,Webull: native OCO exit,endpoint-independent,+5.2529,+10.1167,actual resting fill -> recalculated ATR SELL; 16:00 backstop,Webull: bid=11.8200 print=11.8700
62,2026-08-31,NCRA,Webull: 13:13:20.426,Webull: 2.8500,Webull: 2.8456,14:19:00.000,14:19:00.000,no,0,UNANSWERABLE,Webull: 13:16:02.484,Webull: NA,Webull: not both touched,Webull: NA,Webull: NA,Webull: +10.8772% @ 39.426m,Webull: -2.8070% @ 20.250m,NA,Webull: 14:49:07.682,Webull: 2.8200,-1.0526,Webull: native OCO exit,Webull: no valid bid within 10s after fill,NA,NA,actual resting fill -> recalculated ATR SELL; 16:00 backstop,Webull: bid=3.1600 print=3.1700
63,2026-08-31,WETO,Webull: 13:47:22.651,Webull: 10.8200,Webull: 10.8086,none; 16:00 backstop,none; 16:00 backstop,no,0,exited at -8%,Webull: NA,Webull: 13:58:58.302,Webull: not both touched,Webull: 13:58:58.302,Webull: 9.9500,Webull: +0.3697% @ 0.049m,Webull: -32.9945% @ 109.897m,-8.0407,Webull: NA,Webull: NA,NA,Webull: broker fills close only 0 of 1.00000000 shares,endpoint-independent,NA,NA,actual resting fill -> recalculated ATR SELL; 16:00 backstop,Webull: bid=10.8600 print=10.8800
64,2026-08-31,AEHL,Webull: 14:14:00.750,Webull: 6.2990,Webull: 6.2846,15:22:00.000,15:22:00.000,no,0,exited at +5%,Webull: 14:26:49.547,Webull: NA,Webull: not both touched,Webull: 14:26:49.547,Webull: 6.6200,Webull: +9.0649% @ 30.195m,Webull: -1.0954% @ 0.001m,+5.0960,Webull: 15:57:11.900,Webull: 6.6300,+5.2548,Webull: native OCO exit,endpoint-independent,+5.0960,-0.4604,actual resting fill -> recalculated ATR SELL; 16:00 backstop,Webull: bid=6.8700 print=6.9000
65,2026-08-31,YDDL,Webull: 14:35:43.987,Webull: 2.3200,Webull: 2.3139,14:47:00.000,14:47:00.000,no,0,exited on ATR flip,Webull: NA,Webull: NA,Webull: not both touched,Webull: 14:47:00.113,Webull: 2.2500,Webull: +0.8621% @ 0.262m,Webull: -3.0172% @ 11.266m,-3.0172,Webull: 16:05:03.338,Webull: 2.1808,-6.0000,Webull: CW_HARD_STOP,depends on recalculated ATR SELL endpoint,-3.0172,-3.0172,actual resting fill -> recalculated ATR SELL; 16:00 backstop,Webull: bid=2.3400 print=2.3500
66,2026-08-31,NCRA,Webull: 15:10:43.016,Webull: 3.0290,Webull: 3.0266,15:34:00.000,15:34:00.000,no,0,exited at -8%,Webull: NA,Webull: 15:33:25.098,Webull: not both touched,Webull: 15:33:25.098,Webull: 2.7800,Webull: +4.3249% @ 1.198m,Webull: -16.8042% @ 22.910m,-8.2205,Webull: NA,Webull: NA,NA,Webull: broker fills close only 0 of 1.00000000 shares,endpoint-independent,-9.8712,-9.8712,actual resting fill -> recalculated ATR SELL; 16:00 backstop,Webull: bid=3.1600 print=3.1700
67,2026-08-31,AEHL,Webull: 15:46:39.332,Webull: 6.4979,Webull: 6.4881,none; 16:00 backstop,none; 16:00 backstop,no,0,still open at 16:00,Webull: NA,Webull: NA,Webull: not both touched,Webull: 15:59:58.838,Webull: 6.4600,Webull: +1.8791% @ 10.544m,Webull: -4.1229% @ 7.472m,-0.5833,Webull: NA,Webull: NA,NA,Webull: broker fills close only 0 of 1.00000000 shares,16:00 backstop,-0.5833,-0.5833,actual resting fill -> recalculated ATR SELL; 16:00 backstop,Webull: bid=6.6200 print=6.6500
68,2026-08-31,NCRA,Webull: 15:51:11.606,Webull: 2.8700,Webull: 2.8739,none; 16:00 backstop,none; 16:00 backstop,no,0,still open at 16:00,Webull: NA,Webull: NA,Webull: not both touched,Webull: 15:59:59.034,Webull: 2.8600,Webull: +3.4843% @ 6.290m,Webull: -3.1359% @ 0.527m,-0.3484,Webull: NA,Webull: NA,NA,Webull: broker fills close only 0 of 1.00000000 shares,16:00 backstop,-0.3484,-0.3484,actual resting fill -> recalculated ATR SELL; 16:00 backstop,Webull: bid=2.9700 print=2.9800
69,2026-09-01,SSM,Webull: 08:50:52.735,Webull: 3.7700,Webull: 3.7699,09:31:00.000,09:31:00.000,no,0,exited on ATR flip,Webull: NA,Webull: NA,Webull: not both touched,Webull: 09:31:00.338,Webull: 3.7000,Webull: +3.1830% @ 36.147m,Webull: -2.6525% @ 39.453m,-1.8568,Webull: 09:27:07.854,Webull: 3.8400,+1.8568,Webull: CW_FLOOR,depends on recalculated ATR SELL endpoint,-1.8568,-1.8568,actual resting fill -> recalculated ATR SELL; 16:00 backstop,Webull: bid=3.8900 print=3.9000
70,2026-09-01,BIAF,Webull: 09:00:31.389,Webull: 6.7200,Webull: 6.6903,10:03:00.000,10:03:00.000,no,1,exited at +5%,Webull: 09:17:28.871,Webull: 09:45:26.557,Webull: +5 first,Webull: 09:17:28.871,Webull: 7.0600,Webull: +27.9762% @ 37.544m,Webull: -24.7024% @ 44.919m,+5.0595,Webull: 09:07:54.146,Webull: 6.8500,+1.9345,Webull: CW_FLOOR,endpoint-independent,+5.0595,+10.1190,actual resting fill -> recalculated ATR SELL; 16:00 backstop,Webull: bid=8.6000 print=8.6000
71,2026-09-01,FLYE,Schwab: 09:31:46.000,Schwab: 1.8399,Schwab: 1.8376,10:09:00.000,10:09:00.000,no,1,exited at +5%,Schwab: 09:32:36.202,Schwab: 10:05:36.894,Schwab: +5 first,Schwab: 09:32:36.202,Schwab: 1.9400,Schwab: +51.0952% @ 23.888m,Schwab: -17.3868% @ 33.848m,+5.4405,Schwab: 09:32:27.000,Schwab: 1.8700,+1.6360,Schwab: native OCO target,endpoint-independent,+5.4405,+10.3321,actual resting fill -> recalculated ATR SELL; 16:00 backstop,Schwab: bid=2.7800 print=2.7900
72,2026-09-01,LIDR,Schwab: 09:34:44.000; Webull: 09:34:44.623,Schwab: 1.6300; Webull: 1.6400,Schwab: 1.6437; Webull: 1.6437,10:57:00.000,10:57:00.000,no,0,exited at -8%,Schwab: NA; Webull: NA,Schwab: 09:39:22.290; Webull: 09:39:08.612,Schwab: not both touched; Webull: not both touched,Schwab: 09:39:22.290; Webull: 09:39:08.612,Schwab: 1.4900; Webull: 1.5000,Schwab: +0.6135% @ 0.099m; Webull: +0.0000% @ 0.089m,Schwab: -9.8160% @ 4.707m; Webull: -10.3659% @ 4.697m,-8.5715,Schwab: 09:35:20.000; Webull: 09:35:20.300,Schwab: 1.5650; Webull: 1.5600,-4.2845,Schwab: native OCO stop; Webull: native OCO exit,endpoint-independent,NA,NA,actual resting fill -> recalculated ATR SELL; 16:00 backstop,Schwab: bid=1.6400 print=1.6400; Webull: bid=1.6400 print=1.6400
73,2026-09-01,SSM,Webull: 09:38:01.820,Webull: 3.9700,Webull: 3.9540,09:55:00.000,09:55:00.000,no,0,exited at +5%,Webull: 09:39:15.006,Webull: NA,Webull: not both touched,Webull: 09:39:15.006,Webull: 4.1800,Webull: +10.5793% @ 10.327m,Webull: -7.3048% @ 16.493m,+5.2897,Webull: 09:39:06.352,Webull: 4.0500,+2.0151,Webull: native OCO exit,endpoint-independent,+5.2897,+10.0756,actual resting fill -> recalculated ATR SELL; 16:00 backstop,Webull: bid=4.3900 print=4.4099
74,2026-09-01,SSM,Webull: 10:43:50.477,Webull: 4.0587,Webull: 4.0578,10:49:00.000,10:49:00.000,no,0,exited on ATR flip,Webull: NA,Webull: NA,Webull: not both touched,Webull: 10:49:00.637,Webull: 3.8600,Webull: +2.7423% @ 1.196m,Webull: -6.1276% @ 4.484m,-4.8957,Webull: 10:44:48.723,Webull: 4.1400,+2.0031,Webull: native OCO exit,depends on recalculated ATR SELL endpoint,-4.8957,-4.8957,actual resting fill -> recalculated ATR SELL; 16:00 backstop,Webull: bid=4.1700 print=4.1900
75,2026-09-01,BIAF,Schwab: 11:31:52.000; Webull: 11:31:52.587,Schwab: 6.5900; Webull: 6.5890,Schwab: 6.5755; Webull: 6.5755,11:53:00.000,11:53:00.000,no,0,exited at +5%,Schwab: 11:39:53.530; Webull: 11:39:53.530,Schwab: NA; Webull: NA,Schwab: not both touched; Webull: not both touched,Schwab: 11:39:53.530; Webull: 11:39:53.530,Schwab: 6.9200; Webull: 6.9200,Schwab: +8.0425% @ 9.278m; Webull: +8.0589% @ 9.268m,Schwab: -4.0971% @ 20.945m; Webull: -4.0826% @ 20.935m,+5.0129,Schwab: 11:33:19.000; Webull: 11:33:19.547,Schwab: 6.7100; Webull: 6.7200,+1.8767,Schwab: native OCO target; Webull: native OCO exit,endpoint-independent,+5.0129,-2.8782,actual resting fill -> recalculated ATR SELL; 16:00 backstop,Schwab: bid=7.1200 print=7.1500; Webull: bid=7.1200 print=7.1500
76,2026-09-01,FLYE,Schwab: 11:37:48.000,Schwab: 1.8900,Schwab: 1.8851,12:53:00.000,12:53:00.000,no,0,exited at +5%,Schwab: 12:08:06.653,Schwab: NA,Schwab: not both touched,Schwab: 12:08:06.653,Schwab: 1.9900,Schwab: +22.2222% @ 47.462m,Schwab: -2.6455% @ 0.336m,+5.2910,Schwab: 12:05:51.000,Schwab: 1.9200,+1.5873,Schwab: native OCO target,endpoint-independent,+5.2910,+10.0529,actual resting fill -> recalculated ATR SELL; 16:00 backstop,Schwab: bid=2.3100 print=2.3200
77,2026-09-01,BIAF,Schwab: 12:39:31.000; Webull: 12:39:31.038,Schwab: 6.5100; Webull: 6.5200,Schwab: 6.5179; Webull: 6.5179,13:53:00.000,13:53:00.000,no,0,exited at +5%,Schwab: 13:30:57.531; Webull: 13:31:48.183,Schwab: NA; Webull: NA,Schwab: not both touched; Webull: not both touched,Schwab: 13:30:57.531; Webull: 13:31:48.183,Schwab: 6.8400; Webull: 6.8500,Schwab: +8.2949% @ 64.458m; Webull: +8.1288% @ 64.457m,Schwab: -2.9186% @ 13.496m; Webull: -3.0675% @ 13.495m,+5.0665,Schwab: 12:48:04.000; Webull: 12:48:04.013,Schwab: 6.6500; Webull: 6.6500,+2.0983,Schwab: native OCO target; Webull: native OCO exit,endpoint-independent,+5.0665,-0.0511,actual resting fill -> recalculated ATR SELL; 16:00 backstop,Schwab: bid=7.0500 print=7.0800; Webull: bid=7.0500 print=7.0800
78,2026-09-01,RDAC,Webull: 13:47:01.611,Webull: 6.5000,Webull: 6.5148,14:52:00.000,14:52:00.000,no,0,exited at +5%,Webull: 14:32:07.632,Webull: NA,Webull: not both touched,Webull: 14:32:07.632,Webull: 6.8600,Webull: +6.6154% @ 45.188m,Webull: -5.3846% @ 64.323m,+5.5385,Webull: 13:47:10.117,Webull: 6.6300,+2.0000,Webull: native OCO exit,endpoint-independent,+5.5385,-5.3846,actual resting fill -> recalculated ATR SELL; 16:00 backstop,Webull: bid=6.9300 print=6.9600
79,2026-09-01,RDAC,Webull: 13:48:02.083,Webull: 6.4900,Webull: 6.5299,14:52:00.000,14:52:00.000,no,0,exited at +5%,Webull: 14:32:07.632,Webull: NA,Webull: not both touched,Webull: 14:32:07.632,Webull: 6.8600,Webull: +6.7797% @ 44.180m,Webull: -5.2388% @ 63.315m,+5.7011,Webull: 13:48:08.451,Webull: 6.6600,+2.6194,Webull: native OCO target,endpoint-independent,+5.7011,-5.2388,actual resting fill -> recalculated ATR SELL; 16:00 backstop,Webull: bid=6.9300 print=6.9600
80,2026-09-01,FLYE,Schwab: 13:48:40.000,Schwab: 2.0400,Schwab: 2.0265,15:18:00.000,15:18:00.000,no,0,exited at +5%,Schwab: 14:09:35.587,Schwab: NA,Schwab: not both touched,Schwab: 14:09:35.587,Schwab: 2.1500,Schwab: +19.1176% @ 66.708m,Schwab: -0.9804% @ 3.480m,+5.3922,Schwab: 13:49:29.000,Schwab: 2.0700,+1.4706,Schwab: native OCO target,endpoint-independent,+5.3922,+10.2941,actual resting fill -> recalculated ATR SELL; 16:00 backstop,Schwab: bid=2.4300 print=2.4500
81,2026-09-01,BIAF,Schwab: 14:30:07.000,Schwab: 6.7650,Schwab: 6.7414,15:55:00.000,15:55:00.000,no,0,exited on ATR flip,Schwab: NA,Schwab: NA,Schwab: not both touched,Schwab: 15:55:03.180,Schwab: 6.5300,Schwab: +2.1434% @ 47.169m,Schwab: -4.9520% @ 12.272m,-3.4738,Schwab: 15:07:07.000,Schwab: 6.8800,+1.6999,Schwab: native OCO target,depends on recalculated ATR SELL endpoint,-3.4738,-3.4738,actual resting fill -> recalculated ATR SELL; 16:00 backstop,Schwab: bid=6.9100 print=6.9400
82,2026-09-01,FLYE,Schwab: 15:55:26.000,Schwab: 2.2100,Schwab: 2.2149,none; 16:00 backstop,none; 16:00 backstop,no,0,still open at 16:00,Schwab: NA,Schwab: NA,Schwab: not both touched,Schwab: 15:59:59.719,Schwab: 2.1600,Schwab: -0.4525% @ 0.012m,Schwab: -2.7149% @ 4.423m,-2.2624,Schwab: NA,Schwab: NA,NA,Schwab: broker fills close only 0 of 2.00000000 shares,16:00 backstop,-2.2624,-2.2624,actual resting fill -> recalculated ATR SELL; 16:00 backstop,Schwab: bid=2.2000 print=2.2400
