event,date_et,symbol,entry_time_et,broker,fill_id,fill_price,duplicate_webull_fill,max_up_pct,max_up_elapsed_minutes,max_down_pct,max_down_elapsed_minutes,boundary_kind,exit_time_et,exit_price,exit_trigger,missing_bars
1,2026-08-24,PMI,Schwab: 07:32:02.000; Webull: 07:32:04.446,Schwab+Webull,Schwab: 02e2479a-0c67-4d6d-b9bf-1d8187cd2895; Webull: 407ebd32-b633-4918-82ff-15a5f75daf27,Schwab: 4.3600; Webull: 4.3600,no,Schwab: +0.4587; Webull: +0.4587,Schwab: 7.456; Webull: 7.415,Schwab: -1.8349; Webull: -1.8349,Schwab: 12.204; Webull: 12.164,Schwab: actual exit; Webull: actual exit,Schwab: 07:46:02.000; Webull: 07:46:04.045,Schwab: 4.3003; Webull: 4.3000,Schwab: CW_FLIP; Webull: CW_FLIP,Schwab: none; Webull: none
2,2026-08-24,BTCT,Webull: 09:26:59.338,Webull,Webull: f10ed337-82aa-4d36-8510-3427ba5b9c4a,Webull: 1.6893,no,Webull: -0.5505,Webull: 0.003,Webull: -5.2862,Webull: 3.657,Webull: actual exit,Webull: 09:30:39.103,Webull: 1.6013,Webull: CW_HARD_STOP,Webull: none
3,2026-08-24,XPON,Schwab: 09:33:25.000; Webull: 09:33:25.665,Schwab+Webull,Schwab: 4acaad2a-c595-497a-8155-28c3b70db855; Webull: 9e5194f6-1933-41da-a1a6-3221907c39c4,Schwab: 8.7200; Webull: 8.7150,no,Schwab: +1.2615; Webull: +6.0241,Schwab: 0.159; Webull: 112.521,Schwab: -2.1789; Webull: -46.5290,Schwab: 0.047; Webull: 221.749,Schwab: actual exit; Webull: 16:00 cutoff,Schwab: 09:33:35.000; Webull: 16:00:00.000,Schwab: 8.8900; Webull: 6.1500 mark,Schwab: native OCO target; Webull: still open at 16:00,"Schwab: none; Webull: 25 missing: 09:48,09:49,09:50,09:51,09:57,09:58,09:59,10:00,+17 more"
4,2026-08-24,BTCT,Webull: 09:54:54.944,Webull,Webull: 27d0676b-9c0a-4107-b295-9d7afc6d1f9a,Webull: 1.6300,no,Webull: +68.0982,Webull: 32.438,Webull: -2.4540,Webull: 0.606,Webull: 16:00 cutoff,Webull: 16:00:00.000,Webull: 1.7400 mark,Webull: still open at 16:00,"Webull: 4 missing: 10:07,10:08,10:09,10:10"
5,2026-08-24,XPON,Schwab: 10:54:00.000,Schwab,Schwab: a0ddbcd9-e317-4a2a-9ea7-ce37c354b671,Schwab: 7.1191,no,Schwab: +1.4173,Schwab: 2.524,Schwab: -3.0776,Schwab: 1.616,Schwab: actual exit,Schwab: 10:56:32.000,Schwab: 7.2700,Schwab: native OCO target,Schwab: none
6,2026-08-24,DAIC,Webull: 11:12:20.955; Schwab: 11:12:21.000,Webull+Schwab,Webull: bd826d03-17ad-48cc-a73d-b1adc5ad03f3; Schwab: 9cbd93af-ff4f-4e32-972a-f96dc65f7e72,Webull: 1.9399; Schwab: 1.9400,no,Webull: +61.8640; Schwab: +8.2474,Webull: 172.127; Schwab: 2.754,Webull: -40.7186; Schwab: -6.1856,Webull: 29.441; Schwab: 0.788,Webull: 16:00 cutoff; Schwab: actual exit,Webull: 16:00:00.000; Schwab: 11:15:27.000,Webull: 1.7100 mark; Schwab: 2.1200,Webull: still open at 16:00; Schwab: native OCO target,"Webull: 164 missing: 11:16,11:17,11:18,11:19,11:22,11:23,11:24,11:25,+156 more; Schwab: none"
7,2026-08-24,DAIC,Schwab: 11:54:34.000,Schwab,Schwab: 8e9384e9-274c-4759-aa5c-4fc26f383d4b,Schwab: 2.2487,no,Schwab: +20.0694,Schwab: 2.018,Schwab: -21.7326,Schwab: 35.089,Schwab: actual exit,Schwab: 12:56:10.000,Schwab: 2.5300,Schwab: native OCO target,"Schwab: 43 missing: 11:56,11:57,11:58,11:59,12:00,12:01,12:02,12:03,+35 more"
8,2026-08-24,DAIC,Schwab: 12:56:10.000,Schwab,Schwab: 4c51c960-87b9-400c-b88e-d989c9c139b2,Schwab: 2.4800,no,Schwab: +26.6129,Schwab: 68.310,Schwab: -11.2903,Schwab: 28.607,Schwab: actual exit,Schwab: 14:10:03.000,Schwab: 2.8200,Schwab: native OCO target,"Schwab: 46 missing: 12:58,12:59,13:00,13:01,13:03,13:04,13:05,13:06,+38 more"
9,2026-08-24,XPON,Schwab: 13:03:07.000,Schwab,Schwab: 2d5ae09c-176a-4148-aa0d-c33688e1aebe,Schwab: 7.6300,no,Schwab: -0.3932,Schwab: 0.012,Schwab: -4.5872,Schwab: 6.375,Schwab: actual exit,Schwab: 13:09:42.000,Schwab: 7.2500,Schwab: native OCO stop,Schwab: none
10,2026-08-24,XPON,Schwab: 13:31:58.000,Schwab,Schwab: 82954377-9fc8-4815-a294-8c767038daae,Schwab: 7.2100,no,Schwab: +1.8031,Schwab: 1.369,Schwab: -1.9417,Schwab: 0.230,Schwab: actual exit,Schwab: 13:33:31.000,Schwab: 7.3600,Schwab: native OCO target,Schwab: none
11,2026-08-24,LUCY,Schwab: 13:50:43.000; Webull: 13:50:43.613,Schwab+Webull,Schwab: f0ca2c5c-bc3f-4ca6-996d-83790e73dc76; Webull: c26b2a80-31c7-4245-beb0-48b0a4cfde63,Schwab: 1.0800; Webull: 1.0800,no,Schwab: +0.9259; Webull: +3.7037,Schwab: 60.119; Webull: 125.024,Schwab: -3.7037; Webull: -3.7037,Schwab: 4.976; Webull: 4.966,Schwab: actual exit; Webull: 16:00 cutoff,Schwab: 14:50:51.000; Webull: 16:00:00.000,Schwab: 1.1000; Webull: 1.0900 mark,Schwab: native OCO target; Webull: still open at 16:00,Schwab: none; Webull: none
12,2026-08-24,XPON,Schwab: 14:38:42.000,Schwab,Schwab: 6bc209b6-2547-4bf4-978f-729cace99b91,Schwab: 7.3800,no,Schwab: +1.0840,Schwab: 6.823,Schwab: -3.6585,Schwab: 2.101,Schwab: actual exit,Schwab: 14:51:18.000,Schwab: 7.5200,Schwab: native OCO target,Schwab: none
13,2026-08-24,PMI,Schwab: 15:13:59.000; Webull: 15:13:59.237,Schwab+Webull,Schwab: f017f0fb-1310-47f4-bc25-49e405b94242; Webull: e1704d9c-4f78-43bd-b7e3-f3fc0bd433aa,Schwab: 4.6500; Webull: 4.6690,no,Schwab: +1.2903; Webull: +12.8721,Schwab: 1.407; Webull: 45.961,Schwab: -0.6452; Webull: -3.6196,Schwab: 0.854; Webull: 5.754,Schwab: actual exit; Webull: 16:00 cutoff,Schwab: 15:15:54.000; Webull: 16:00:00.000,Schwab: 4.7400; Webull: 5.2300 mark,Schwab: native OCO target; Webull: still open at 16:00,Schwab: none; Webull: none
14,2026-08-24,LUCY,Schwab: 15:19:10.000,Schwab,Schwab: 4c8ac1f5-177a-4d13-9a11-74be3b721c9d,Schwab: 1.0800,no,Schwab: +0.9259,Schwab: 0.293,Schwab: -3.7037,Schwab: 0.000,Schwab: actual exit,Schwab: 15:19:40.000,Schwab: 1.1000,Schwab: native OCO target,Schwab: none
15,2026-08-25,DAIC,Schwab: 11:36:51.000; Webull: 11:36:51.957,Schwab+Webull,Schwab: 6f3f4d8d-550e-40f5-a042-a74598bfff04; Webull: de290c20-d87e-4dde-a329-f40783020e47,Schwab: 3.2000; Webull: 3.2000,no,Schwab: +0.0000; Webull: +31.2500,Schwab: 28.032; Webull: 50.236,Schwab: -4.0625; Webull: -4.0625,Schwab: 17.092; Webull: 17.076,Schwab: actual exit; Webull: 16:00 cutoff,Schwab: 12:05:00.000; Webull: 16:00:00.000,Schwab: 3.2600; Webull: 3.8500 mark,Schwab: native OCO target; Webull: still open at 16:00,Schwab: none; Webull: none
16,2026-08-25,BTCT,Webull: 11:48:33.567,Webull,Webull: 6c4fcbd1-0b17-42ae-add6-fd3bbf5fe207,Webull: 1.9400,no,Webull: +6.7010,Webull: 89.186,Webull: -2.0619,Webull: 26.592,Webull: 16:00 cutoff,Webull: 16:00:00.000,Webull: 2.0700 mark,Webull: still open at 16:00,"Webull: 157 missing: 13:23,13:24,13:25,13:26,13:27,13:28,13:29,13:30,+149 more"
17,2026-08-25,AIXI,Webull: 12:05:08.180,Webull,Webull: 230e53dd-9d29-4331-a618-26eafcf96865,Webull: 1.1700,no,Webull: +0.0000,Webull: 24.065,Webull: -9.4017,Webull: 7.122,Webull: actual exit,Webull: 12:29:28.378,Webull: 1.1800,Webull: native OCO exit,Webull: none
18,2026-08-25,PMI,Schwab: 12:18:46.000; Webull: 12:18:46.363,Schwab+Webull,Schwab: fb3e8cc7-283b-448d-9861-6d60385553d7; Webull: f4afb5aa-b498-4350-a23a-ddff344f48e5,Schwab: 7.6800; Webull: 7.7000,no,Schwab: +1.0417; Webull: +44.1558,Schwab: 2.344; Webull: 102.064,Schwab: -1.1719; Webull: -1.4286,Schwab: 0.007; Webull: 0.001,Schwab: actual exit; Webull: 16:00 cutoff,Schwab: 12:23:18.000; Webull: 16:00:00.000,Schwab: 7.8300; Webull: 9.4600 mark,Schwab: native OCO target; Webull: still open at 16:00,Schwab: none; Webull: none
19,2026-08-25,AIXI,Webull: 12:22:58.387,Webull,Webull: 03588d3b-6b2a-4638-a367-02a0b592a60d,Webull: 1.1550,no,Webull: +16.0173,Webull: 13.990,Webull: -2.1645,Webull: 2.354,Webull: actual exit,Webull: 14:12:43.810,Webull: 1.2600,Webull: native OCO target,Webull: none
20,2026-08-25,PMI,Schwab: 12:24:29.000,Schwab,Schwab: f22411ed-ae52-4bc8-8ecb-7ba4b0284b43,Schwab: 7.8600,no,Schwab: +0.6361,Schwab: 0.452,Schwab: -0.7634,Schwab: 0.010,Schwab: actual exit,Schwab: 12:25:06.000,Schwab: 8.0200,Schwab: native OCO target,Schwab: none
21,2026-08-25,AIXI,Webull: 13:28:57.283,Webull,Webull: 732ecd61-5f91-4a5b-acb6-8d01b10d11c4,Webull: 1.2000,no,Webull: +13.3333,Webull: 146.116,Webull: -5.0000,Webull: 25.600,Webull: 16:00 cutoff,Webull: 16:00:00.000,Webull: 1.3100 mark,Webull: still open at 16:00,Webull: none
22,2026-08-25,DAIC,Schwab: 14:02:06.000,Schwab,Schwab: 7eaca296-95cf-4081-bd54-59e57425bddb,Schwab: 3.5899,no,Schwab: +1.1170,Schwab: 0.022,Schwab: -3.6185,Schwab: 0.021,Schwab: actual exit,Schwab: 14:02:08.000,Schwab: 3.6600,Schwab: native OCO target,Schwab: none
23,2026-08-25,AIXI,Webull: 14:12:15.686,Webull,Webull: 70453dc8-2b25-46a4-aee7-1b65d551c5a6,Webull: 1.2350,no,Webull: +10.1215,Webull: 102.809,Webull: -6.0729,Webull: 63.725,Webull: 16:00 cutoff,Webull: 16:00:00.000,Webull: 1.3100 mark,Webull: still open at 16:00,Webull: none
24,2026-08-25,PMI,Schwab: 14:39:04.000; Webull: 14:39:04.407,Schwab+Webull,Schwab: c2846e51-c861-41da-b428-934e4e047df0; Webull: fa7904cc-fdff-4f87-a1c8-101016dec1da,Schwab: 9.6900; Webull: 9.6900,no,Schwab: +1.7544; Webull: +8.7719,Schwab: 2.055; Webull: 42.298,Schwab: -1.9608; Webull: -6.0888,Schwab: 0.002; Webull: 13.613,Schwab: actual exit; Webull: 16:00 cutoff,Schwab: 14:41:09.000; Webull: 16:00:00.000,Schwab: 9.8800; Webull: 9.4600 mark,Schwab: native OCO target; Webull: still open at 16:00,Schwab: none; Webull: none
25,2026-08-25,DAIC,Schwab: 15:44:40.000,Schwab,Schwab: 06d2e759-db0e-4021-b61e-9150188856a8,Schwab: 3.6200,no,Schwab: +1.9337,Schwab: 0.224,Schwab: -1.6575,Schwab: 0.008,Schwab: actual exit,Schwab: 15:45:16.000,Schwab: 3.7000,Schwab: native OCO target,Schwab: none
26,2026-08-26,DAIC,Schwab: 08:34:28.000; Webull: 08:34:31.244,Schwab+Webull,Schwab: b39b108f-3364-43aa-bdae-b1f42e8309fb; Webull: 9fb36eec-1d95-43e9-8749-85a1406dbc01,Schwab: 5.8662; Webull: 5.8700,no,Schwab: +2.9627; Webull: +2.8961,Schwab: 12.748; Webull: 12.694,Schwab: -1.1285; Webull: -1.1925,Schwab: 6.517; Webull: 6.463,Schwab: actual exit; Webull: actual exit,Schwab: 08:47:27.000; Webull: 08:47:27.942,Schwab: 5.9800; Webull: 5.9600,Schwab: CW_FLOOR; Webull: CW_FLOOR,Schwab: none; Webull: none
27,2026-08-26,YYGH,Webull: 08:55:12.254,Webull,Webull: 6172f73b-59d4-4137-b6bd-e4b36e30e9d0,Webull: 1.9500,no,Webull: +3.0769,Webull: 6.842,Webull: -1.0256,Webull: 0.446,Webull: actual exit,Webull: 09:04:09.860,Webull: 1.9700,Webull: CW_FLOOR,Webull: none
28,2026-08-26,CRE,Webull: 08:57:44.917,Webull,Webull: baf972ac-6ec3-476f-8cb4-94a0cd454a8b,Webull: 6.7700,no,Webull: +5.1699,Webull: 0.377,Webull: -0.4431,Webull: 0.012,Webull: actual exit,Webull: 08:58:09.449,Webull: 6.9100,Webull: CW_FLOOR,Webull: none
29,2026-08-26,YYGH,Webull: 09:39:54.027,Webull,Webull: 846f6b5d-af0e-4c31-b310-b5acc992bae2,Webull: 1.9700,no,Webull: +1.0152,Webull: 0.092,Webull: -2.5381,Webull: 0.904,Webull: actual exit,Webull: 09:43:03.696,Webull: 2.0100,Webull: native OCO exit,Webull: none
30,2026-08-26,YYGH,Webull: 10:31:00.827,Webull,Webull: ff85f862-4d50-4cf6-a668-910207c6a2bf,Webull: 1.9500,no,Webull: +0.0000,Webull: 0.004,Webull: -2.0513,Webull: 0.002,Webull: actual exit,Webull: 10:31:08.610,Webull: 1.9312,Webull: CW_FLIP,Webull: none
31,2026-08-26,YYGH,Webull: 10:32:40.360,Webull,Webull: 3cc90012-bd68-4645-9193-2a8358440c6c,Webull: 1.9350,no,Webull: +0.7752,Webull: 2.397,Webull: -0.7752,Webull: 0.744,Webull: actual exit,Webull: 10:35:37.964,Webull: 1.9800,Webull: native OCO target,Webull: none
32,2026-08-26,YYGH,Webull: 11:30:08.920,Webull,Webull: 83ac5ddf-aee8-4ed2-9df6-67fa85663b8d,Webull: 1.9700,no,Webull: +1.5228,Webull: 0.359,Webull: -1.5228,Webull: 0.005,Webull: actual exit,Webull: 11:30:33.530,Webull: 2.0100,Webull: native OCO exit,Webull: none
33,2026-08-26,XPON,Schwab: 11:36:09.000; Webull: 11:36:09.213,Schwab+Webull,Schwab: c242691b-b6b6-49f5-a594-bebc14cb2ec3; Webull: 59576382-c53a-4338-9352-abdd47b343ab,Schwab: 9.4100; Webull: 9.4200,no,Schwab: +1.5940; Webull: +1.4862,Schwab: 0.532; Webull: 0.528,Schwab: -4.4633; Webull: -4.6709,Schwab: 8.883; Webull: 13.032,Schwab: actual exit; Webull: actual exit,Schwab: 11:49:11.000; Webull: 11:49:11.857,Schwab: 8.9300; Webull: 8.9100,Schwab: native OCO stop; Webull: native OCO exit,Schwab: none; Webull: none
34,2026-08-26,CRE,Webull: 12:18:17.300,Webull,Webull: 6827096b-788a-4b08-bdf2-1ef4085412ce,Webull: 6.2784,no,Webull: +1.4590,Webull: 4.089,Webull: -0.9302,Webull: 0.534,Webull: actual exit,Webull: 12:22:27.422,Webull: 6.4000,Webull: native OCO exit,Webull: none
35,2026-08-26,XPON,Schwab: 12:42:21.000; Webull: 12:42:21.356,Schwab+Webull,Schwab: dab86695-7adf-4076-b469-8eed78b4db31; Webull: c1457f22-d74d-4943-ace2-c91edbacd4b6,Schwab: 8.9300; Webull: 8.9100,no,Schwab: -0.3359; Webull: -0.1122,Schwab: 0.027; Webull: 0.021,Schwab: -4.8152; Webull: -1.1223,Schwab: 8.255; Webull: 0.057,Schwab: actual exit; Webull: actual exit,Schwab: 12:51:30.000; Webull: 12:42:37.974,Schwab: 8.4600; Webull: 8.8450,Schwab: native OCO stop; Webull: CW_FLIP,Schwab: none; Webull: none
36,2026-08-26,CRE,Webull: 12:49:00.259,Webull,Webull: 5443345a-3702-4342-bc5d-49dfcd9fbfed,Webull: 6.2100,no,Webull: +1.4493,Webull: 5.259,Webull: -3.2206,Webull: 25.946,Webull: actual exit,Webull: 13:29:21.335,Webull: 6.3300,Webull: native OCO exit,Webull: none
37,2026-08-26,YYGH,Webull: 13:24:51.515,Webull,Webull: 6fe04f76-f1a4-4e30-b358-ab2e49bae119,Webull: 1.9288,no,Webull: +1.6176,Webull: 30.570,Webull: -1.4932,Webull: 11.770,Webull: actual exit,Webull: 14:26:13.551,Webull: 1.9700,Webull: native OCO target,Webull: none
38,2026-08-26,XPON,Schwab: 13:29:09.000; Webull: 13:29:09.171,Schwab+Webull,Schwab: 06728dab-d2ed-4754-a2ce-fc57aed49657; Webull: ad4929b8-5a95-46c2-8ad7-11343cc08c92,Schwab: 8.2300; Webull: 8.2390,no,Schwab: +1.5796; Webull: +1.4686,Schwab: 5.909; Webull: 5.906,Schwab: -1.4581; Webull: -1.5657,Schwab: 0.357; Webull: 0.354,Schwab: actual exit; Webull: actual exit,Schwab: 13:35:07.000; Webull: 13:35:07.032,Schwab: 8.3900; Webull: 8.4000,Schwab: native OCO target; Webull: native OCO exit,Schwab: none; Webull: none
39,2026-08-26,XPON,Schwab: 14:47:15.000; Webull: 14:47:15.113,Schwab+Webull,Schwab: b01b2929-64ad-4dd2-a1f6-20a337c004ce; Webull: d702591f-f1f9-47e5-b48f-9e2ed2149eda,Schwab: 8.2200; Webull: 8.2400,no,Schwab: +1.7032; Webull: -0.8495,Schwab: 0.350; Webull: 0.002,Schwab: -1.0949; Webull: -1.3350,Schwab: 0.003; Webull: 0.001,Schwab: actual exit; Webull: actual exit,Schwab: 14:47:58.000; Webull: 14:47:35.552,Schwab: 8.3900; Webull: 8.1800,Schwab: native OCO target; Webull: CW_FLIP,Schwab: none; Webull: none
40,2026-08-26,CRE,Webull: 15:24:31.618,Webull,Webull: 1c33aa84-779e-48ed-912a-7e7e0ae8a17d,Webull: 6.1700,no,Webull: +0.3241,Webull: 0.013,Webull: -0.8104,Webull: 0.001,Webull: actual exit,Webull: 15:24:44.335,Webull: 6.2900,Webull: native OCO exit,Webull: none
41,2026-08-26,YYGH,Webull: 15:25:44.667,Webull,Webull: 4ae0ed81-dea2-472c-9702-546a05ead51d,Webull: 1.9700,no,Webull: +1.5228,Webull: 22.754,Webull: -2.0305,Webull: 0.520,Webull: actual exit,Webull: 15:48:38.313,Webull: 2.0100,Webull: native OCO exit,Webull: none
42,2026-08-26,XPON,Schwab: 15:50:44.000; Webull: 15:50:44.712,Schwab+Webull,Schwab: bbe0ff04-4ef8-426b-a87d-954d304105f2; Webull: 4048f402-14ae-4ecb-9034-484bbd5076d5,Schwab: 8.6900; Webull: 8.6900,no,Schwab: +1.8412; Webull: +0.6904,Schwab: 0.852; Webull: 0.838,Schwab: -1.6110; Webull: -0.8055,Schwab: 3.071; Webull: 0.001,Schwab: actual exit; Webull: actual exit,Schwab: 15:55:00.000; Webull: 15:51:35.025,Schwab: 8.8700; Webull: 8.8600,Schwab: native OCO target; Webull: native OCO exit,Schwab: none; Webull: none
43,2026-08-27,PPCB,Webull: 10:59:24.900,Webull,Webull: 11ff0122-fa1d-4d91-a052-46dec2d3d2d6,Webull: 2.8295,no,Webull: +0.7245,Webull: 0.163,Webull: -4.2234,Webull: 0.002,Webull: actual exit,Webull: 10:59:37.319,Webull: 2.8305,Webull: CW_FLIP,Webull: none
44,2026-08-27,MIMI,Webull: 11:29:46.731,Webull,Webull: 31cb55fa-1cdd-44a8-9ca6-d3f0936e9713,Webull: 2.6700,no,Webull: +1.4981,Webull: 0.526,Webull: -0.3745,Webull: 0.008,Webull: actual exit,Webull: 11:30:55.505,Webull: 2.7200,Webull: native OCO exit,Webull: none
45,2026-08-27,CELU,Webull: 12:35:25.960; Schwab: 12:35:26.000,Webull+Schwab,Webull: 08d57364-aa55-48e0-b442-8fd7e4264181; Schwab: 296f45f8-f0e2-4b72-9d6c-d75f20989e05,Webull: 2.0000; Schwab: 1.9999,no,Webull: +1.5000; Schwab: +1.5051,Webull: 0.559; Schwab: 0.558,Webull: -0.5000; Schwab: -0.4950,Webull: 0.002; Schwab: 0.002,Webull: actual exit; Schwab: actual exit,Webull: 12:36:21.738; Schwab: 12:36:21.000,Webull: 2.0400; Schwab: 2.0400,Webull: native OCO exit; Schwab: native OCO target,Webull: none; Schwab: none
46,2026-08-27,PPCB,Webull: 12:58:23.270,Webull,Webull: b71e59ef-7653-423a-b975-3b4253e5d227,Webull: 2.4200,no,Webull: +0.0000,Webull: 0.001,Webull: -3.3058,Webull: 0.000,Webull: actual exit,Webull: 13:12:19.646,Webull: 2.3000,Webull: native OCO exit,Webull: none
47,2026-08-27,PPCB,Webull: 13:51:52.570,Webull,Webull: 825b6473-9ec2-4233-95bd-ec3f14135937,Webull: 2.1300,no,Webull: +0.9390,Webull: 1.380,Webull: -0.9390,Webull: 0.166,Webull: actual exit,Webull: 13:53:17.232,Webull: 2.1700,Webull: native OCO exit,Webull: none
48,2026-08-27,PPCB,Webull: 14:15:22.404,Webull,Webull: 45153884-7c0a-48f9-a671-149b79d4e6fa,Webull: 2.2100,no,Webull: +1.3575,Webull: 12.790,Webull: -3.6199,Webull: 6.945,Webull: actual exit,Webull: 14:28:23.035,Webull: 2.2500,Webull: native OCO exit,Webull: none
49,2026-08-27,CELU,Schwab: 14:15:35.000; Webull: 14:15:35.565,Schwab+Webull,Schwab: 54df0317-fb5c-4792-bfa9-0ee641ec5dc9; Webull: e81b7137-e0cd-486c-8a61-05a22c96a904,Schwab: 2.1187; Webull: 2.1200,no,Schwab: +1.4773; Webull: +1.4151,Schwab: 1.492; Webull: 1.483,Schwab: -2.7706; Webull: -2.8302,Schwab: 0.454; Webull: 0.444,Schwab: actual exit; Webull: actual exit,Schwab: 14:17:13.000; Webull: 14:17:13.917,Schwab: 2.1600; Webull: 2.1600,Schwab: native OCO target; Webull: native OCO exit,Schwab: none; Webull: none
50,2026-08-27,CELU,Schwab: 15:39:08.000; Webull: 15:39:08.725,Schwab+Webull,Schwab: e7f3ef40-9731-4db0-b657-e4ced4aeff74; Webull: 93609c25-7cec-4bea-9b92-9e93007cf75f,Schwab: 2.1099; Webull: 2.1100,no,Schwab: +1.4266; Webull: +1.4218,Schwab: 2.681; Webull: 2.669,Schwab: -3.7869; Webull: -3.7915,Schwab: 11.378; Webull: 11.366,Schwab: 16:00 cutoff; Webull: 16:00 cutoff,Schwab: 16:00:00.000; Webull: 16:00:00.000,Schwab: 2.0900 mark; Webull: 2.0900 mark,Schwab: still open at 16:00; Webull: still open at 16:00,Schwab: none; Webull: none
51,2026-08-28,QNRX,Webull: 08:41:25.804,Webull,Webull: 57b6dc51-f9a1-49b0-8a93-e50aee8917c6,Webull: 7.1400,no,Webull: +3.9216,Webull: 33.266,Webull: -3.0812,Webull: 6.877,Webull: actual exit,Webull: 09:14:43.300,Webull: 7.1900,Webull: CW_FLOOR,Webull: none
52,2026-08-31,AEHL,Webull: 08:18:08.590,Webull,Webull: 9c4303e7-9835-4f05-a583-9d99052f4a42,Webull: 6.0700,no,Webull: +26.6886,Webull: 75.876,Webull: -4.1186,Webull: 102.973,Webull: actual exit,Webull: 10:31:59.525,Webull: 6.4200,Webull: native OCO exit,"Webull: 4 missing: 09:37,09:38,09:39,09:40"
53,2026-08-31,YDDL,Webull: 09:33:51.591,Webull,Webull: 840361ce-b19c-4835-9db4-745d27f32649,Webull: 2.4790,no,Webull: +0.0403,Webull: 0.523,Webull: -1.5732,Webull: 0.269,Webull: actual exit,Webull: 09:34:26.807,Webull: 2.5300,Webull: native OCO exit,Webull: none
54,2026-08-31,AEHL,Webull: 10:23:13.099,Webull,Webull: 093e8747-81e7-40ee-af46-afcd686fd133,Webull: 6.2900,no,Webull: +3.8156,Webull: 70.540,Webull: -3.6566,Webull: 5.243,Webull: actual exit,Webull: 11:33:46.768,Webull: 6.5500,Webull: native OCO exit,Webull: none
55,2026-08-31,YDDL,Webull: 10:29:24.821; Webull: 10:29:38.252,Webull [DUPLICATE x2],Webull: 486cd9c9-fe2c-4d44-b038-0b4368dec122; Webull: 54222eb8-2ae1-4c4a-b48c-0b7554fcdb0c,Webull: 2.4300; Webull: 2.4387,yes,Webull: +0.0000; Webull: -0.3567,Webull: 0.130; Webull: 0.004,Webull: -4.1152; Webull: -13.0684,Webull: 2.828; Webull: 28.321,Webull: actual exit; Webull: actual exit,Webull: 10:32:14.796; Webull: 14:47:57.881,Webull: 2.3220; Webull: 2.1900,Webull: native OCO exit; Webull: native OCO stop,Webull: none; Webull: 1 missing: 13:48
56,2026-08-31,RDHL,Webull: 10:30:05.537,Webull,Webull: 28e1198a-a03c-4323-b738-d1bf0fe28c45,Webull: 1.1100,no,Webull: +0.9009,Webull: 9.210,Webull: -4.5045,Webull: 2.884,Webull: actual exit,Webull: 10:49:47.447,Webull: 1.0500,Webull: native OCO exit,Webull: none
57,2026-08-31,AEHL,Webull: 11:21:30.212,Webull,Webull: 9ec15062-a0d6-469b-89fb-1774d8807d97,Webull: 6.4200,no,Webull: +5.7632,Webull: 13.768,Webull: -2.9595,Webull: 6.449,Webull: actual exit,Webull: 11:35:17.361,Webull: 6.8400,Webull: native OCO exit,Webull: none
58,2026-08-31,WETO,Webull: 11:30:06.840; Webull: 11:30:12.088,Webull [DUPLICATE x2],Webull: 83d3f232-cefc-4296-a588-4fb1d6134a5c; Webull: f8661467-3fc5-41a5-9574-014066ac07b1,Webull: 12.6200; Webull: 12.6685,yes,Webull: +0.4754; Webull: -0.2250,Webull: 0.079; Webull: 0.007,Webull: -4.6751; Webull: -24.8530,Webull: 2.327; Webull: 63.127,Webull: actual exit; Webull: actual exit,Webull: 11:32:26.606; Webull: 12:47:25.940,Webull: 12.0650; Webull: 10.4900,Webull: CW_HARD_STOP; Webull: native OCO stop,Webull: none; Webull: none
59,2026-08-31,NCRA,Webull: 12:21:19.680; Webull: 12:21:23.309,Webull [DUPLICATE x2],Webull: 1a9b59fc-d1d1-4bbb-994b-affebc20aca4; Webull: 8126eed4-3268-419b-935d-c97ec551ada3,Webull: 3.0500; Webull: 3.0300,yes,Webull: +1.9672; Webull: +3.6304,Webull: 3.808; Webull: 4.096,Webull: -3.9344; Webull: -21.7822,Webull: 0.716; Webull: 47.762,Webull: actual exit; Webull: actual exit,Webull: 12:25:12.289; Webull: 13:13:35.618,Webull: 3.0954; Webull: 2.9100,Webull: CW_FLOOR; Webull: native OCO stop,Webull: none; Webull: none
60,2026-08-31,RDHL,Webull: 12:35:12.972; Webull: 12:35:25.038,Webull [DUPLICATE x2],Webull: 2dc1ce13-7577-45fb-8970-0bd163e7783f; Webull: 78e8a8db-b4b8-4bcc-8793-dbebfb46ba4f,Webull: 1.0700; Webull: 1.0700,yes,Webull: +4.6729; Webull: +4.6729,Webull: 28.681; Webull: 28.480,Webull: -3.7383; Webull: -15.6729,Webull: 6.358; Webull: 195.889,Webull: actual exit; Webull: 16:00 cutoff,Webull: 13:04:23.548; Webull: 16:00:00.000,Webull: 1.0900; Webull: 0.9158 mark,Webull: CW_FLOOR; Webull: still open at 16:00,Webull: none; Webull: none
61,2026-08-31,WETO,Webull: 12:46:06.451,Webull,Webull: 2314080c-12d9-4724-9e7e-5a91a7a0a033,Webull: 10.2800,no,Webull: +9.3385,Webull: 5.966,Webull: -1.4591,Webull: 0.076,Webull: actual exit,Webull: 12:52:04.684,Webull: 11.3300,Webull: native OCO exit,Webull: none
62,2026-08-31,NCRA,Webull: 13:13:20.426,Webull,Webull: 6dba5b63-1c47-4144-aaa9-5dcf33cbfce9,Webull: 2.8500,no,Webull: +10.8772,Webull: 39.426,Webull: -2.8070,Webull: 20.250,Webull: actual exit,Webull: 14:49:07.682,Webull: 2.8200,Webull: native OCO exit,Webull: none
63,2026-08-31,WETO,Webull: 13:47:22.651,Webull,Webull: 741bddfb-325a-4e06-b4cc-6443e6057c26,Webull: 10.8200,no,Webull: +0.3697,Webull: 0.049,Webull: -32.9945,Webull: 109.897,Webull: 16:00 cutoff,Webull: 16:00:00.000,Webull: 7.2500 mark,Webull: still open at 16:00,"Webull: 23 missing: 15:37,15:38,15:39,15:40,15:41,15:42,15:43,15:44,+15 more"
64,2026-08-31,AEHL,Webull: 14:14:00.750,Webull,Webull: f62726a8-56c4-477b-ab00-8b3db1282aa9,Webull: 6.2990,no,Webull: +9.0649,Webull: 30.195,Webull: -2.2067,Webull: 85.619,Webull: actual exit,Webull: 15:57:11.900,Webull: 6.6300,Webull: native OCO exit,Webull: none
65,2026-08-31,YDDL,Webull: 14:35:43.987,Webull,Webull: c265025c-50f2-4f2e-93be-faf665a95713,Webull: 2.3200,no,Webull: +0.8621,Webull: 0.262,Webull: -7.3276,Webull: 12.247,Webull: 16:00 cutoff,Webull: 16:00:00.000,Webull: 2.2700 mark,Webull: still open at 16:00,Webull: none
66,2026-08-31,NCRA,Webull: 15:10:43.016,Webull,Webull: c4953393-266d-45ce-b3ce-5a86e91017c0,Webull: 3.0290,no,Webull: +4.3249,Webull: 1.198,Webull: -16.8042,Webull: 22.910,Webull: 16:00 cutoff,Webull: 16:00:00.000,Webull: 2.8600 mark,Webull: still open at 16:00,Webull: none
67,2026-08-31,AEHL,Webull: 15:46:39.332,Webull,Webull: d9cf9417-b6e8-4449-9656-2d6c60575d55,Webull: 6.4979,no,Webull: +1.8791,Webull: 10.544,Webull: -4.1229,Webull: 7.472,Webull: 16:00 cutoff,Webull: 16:00:00.000,Webull: 6.4600 mark,Webull: still open at 16:00,Webull: none
68,2026-08-31,NCRA,Webull: 15:51:11.606,Webull,Webull: 36b9341f-2cf5-4fc9-829d-4b0b59ade74d,Webull: 2.8700,no,Webull: +3.4843,Webull: 6.290,Webull: -3.1359,Webull: 0.527,Webull: 16:00 cutoff,Webull: 16:00:00.000,Webull: 2.8600 mark,Webull: still open at 16:00,Webull: none
69,2026-09-01,SSM,Webull: 08:50:52.735,Webull,Webull: 98274018-8947-495e-970a-f6723ca222f7,Webull: 3.7700,no,Webull: +3.1830,Webull: 36.147,Webull: -1.8568,Webull: 10.603,Webull: actual exit,Webull: 09:27:07.854,Webull: 3.8400,Webull: CW_FLOOR,Webull: none
70,2026-09-01,BIAF,Webull: 09:00:31.389,Webull,Webull: 7dc86611-279e-4cfe-bc8e-5aa24b8cff7c,Webull: 6.7200,no,Webull: +2.0833,Webull: 7.353,Webull: -4.4643,Webull: 3.395,Webull: actual exit,Webull: 09:07:54.146,Webull: 6.8500,Webull: CW_FLOOR,Webull: none
71,2026-09-01,FLYE,Schwab: 09:31:46.000,Schwab,Schwab: 4bdbaeb2-3601-474e-a827-e0f7172a20d1,Schwab: 1.8399,no,Schwab: +1.0925,Schwab: 0.679,Schwab: -2.7121,Schwab: 0.011,Schwab: actual exit,Schwab: 09:32:27.000,Schwab: 1.8700,Schwab: native OCO target,Schwab: none
72,2026-09-01,LIDR,Schwab: 09:34:44.000; Webull: 09:34:44.623,Schwab+Webull,Schwab: 06c37b38-a4eb-4ff7-90b1-6f38d3d279d2; Webull: cae4006f-a7e4-4721-9c9a-9fe20d9b76d7,Schwab: 1.6300; Webull: 1.6400,no,Schwab: +0.6135; Webull: +0.0000,Schwab: 0.099; Webull: 0.089,Schwab: -3.6810; Webull: -4.2683,Schwab: 0.522; Webull: 0.512,Schwab: actual exit; Webull: actual exit,Schwab: 09:35:20.000; Webull: 09:35:20.300,Schwab: 1.5650; Webull: 1.5600,Schwab: native OCO stop; Webull: native OCO exit,Schwab: none; Webull: none
73,2026-09-01,SSM,Webull: 09:38:01.820,Webull,Webull: 314b2238-9b36-486b-b3e7-a7cb46890048,Webull: 3.9700,no,Webull: +1.7632,Webull: 0.940,Webull: -1.7632,Webull: 0.140,Webull: actual exit,Webull: 09:39:06.352,Webull: 4.0500,Webull: native OCO exit,Webull: none
74,2026-09-01,SSM,Webull: 10:43:50.477,Webull,Webull: bd015eaf-a532-4261-bd54-46fcbf6d34bf,Webull: 4.0587,no,Webull: +1.5103,Webull: 0.912,Webull: -1.1999,Webull: 0.001,Webull: actual exit,Webull: 10:44:48.723,Webull: 4.1400,Webull: native OCO exit,Webull: none
75,2026-09-01,BIAF,Schwab: 11:31:52.000; Webull: 11:31:52.587,Schwab+Webull,Schwab: 2caaa8ff-1037-48ba-b69d-2014bf0a1c5e; Webull: 03007233-4c5c-4983-90ce-cfe0873c0f74,Schwab: 6.5900; Webull: 6.5890,no,Schwab: -0.1517; Webull: -0.1366,Schwab: 0.011; Webull: 0.001,Schwab: -1.3657; Webull: -1.3507,Schwab: 0.011; Webull: 0.001,Schwab: actual exit; Webull: actual exit,Schwab: 11:33:19.000; Webull: 11:33:19.547,Schwab: 6.7100; Webull: 6.7200,Schwab: native OCO target; Webull: native OCO exit,Schwab: none; Webull: none
76,2026-09-01,FLYE,Schwab: 11:37:48.000,Schwab,Schwab: 4417fb8c-6cfa-4441-907c-e97dde3c7d52,Schwab: 1.8900,no,Schwab: +1.0582,Schwab: 28.023,Schwab: -2.6455,Schwab: 0.336,Schwab: actual exit,Schwab: 12:05:51.000,Schwab: 1.9200,Schwab: native OCO target,Schwab: none
77,2026-09-01,BIAF,Schwab: 12:39:31.000; Webull: 12:39:31.038,Schwab+Webull,Schwab: a9c411f5-2cee-452a-bcee-56515ce793f3; Webull: 1200da0f-445c-4af1-a59f-e56251abb875,Schwab: 6.5100; Webull: 6.5200,no,Schwab: +1.0753; Webull: +0.9202,Schwab: 2.770; Webull: 2.770,Schwab: -2.3041; Webull: -2.4540,Schwab: 0.165; Webull: 0.164,Schwab: actual exit; Webull: actual exit,Schwab: 12:48:04.000; Webull: 12:48:04.013,Schwab: 6.6500; Webull: 6.6500,Schwab: native OCO target; Webull: native OCO exit,Schwab: none; Webull: none
78,2026-09-01,RDAC,Webull: 13:47:01.611,Webull,Webull: 8dfa7875-0231-42d2-a211-d957cc5e1cf6,Webull: 6.5000,no,Webull: +0.9231,Webull: 0.142,Webull: -2.7692,Webull: 0.031,Webull: actual exit,Webull: 13:47:10.117,Webull: 6.6300,Webull: native OCO exit,Webull: none
79,2026-09-01,RDAC,Webull: 13:48:02.083,Webull,Webull: 0d9a9664-44fe-491a-8012-6b83d721cc8c,Webull: 6.4900,no,Webull: +0.4622,Webull: 0.088,Webull: -0.6163,Webull: 0.010,Webull: actual exit,Webull: 13:48:08.451,Webull: 6.6600,Webull: native OCO target,Webull: none
80,2026-09-01,FLYE,Schwab: 13:48:40.000,Schwab,Schwab: f3cbd6f9-147c-423d-985b-f46f7cc3331f,Schwab: 2.0400,no,Schwab: +0.9804,Schwab: 0.669,Schwab: -0.4902,Schwab: 0.015,Schwab: actual exit,Schwab: 13:49:29.000,Schwab: 2.0700,Schwab: native OCO target,Schwab: none
81,2026-09-01,BIAF,Schwab: 14:30:07.000,Schwab,Schwab: 7acde324-56c1-42df-b538-f0921301fd67,Schwab: 6.7650,no,Schwab: +1.1086,Schwab: 0.052,Schwab: -4.9520,Schwab: 12.272,Schwab: actual exit,Schwab: 15:07:07.000,Schwab: 6.8800,Schwab: native OCO target,Schwab: none
82,2026-09-01,FLYE,Schwab: 15:55:26.000,Schwab,Schwab: 3858ec9a-e8c5-4634-a426-1dc35262eaae,Schwab: 2.2100,no,Schwab: -0.4525,Schwab: 0.012,Schwab: -2.7149,Schwab: 4.423,Schwab: 16:00 cutoff,Schwab: 16:00:00.000,Schwab: 2.1600 mark,Schwab: still open at 16:00,Schwab: none
