session_day_et,symbol,buy_signal_ts,entry_ts,entry_px,reached_5,atr_segment_max_up_pct,session_max_up_pct,fixed_5_signal_ts,fixed_5_trigger,fixed_5_exit_ts,fixed_5_exit_px,fixed_5_exit_reason,fixed_5_return_pct,fixed_5_duration_minutes,fixed_5_capture_pct,atr_sell_signal_ts,atr_sell_trigger,atr_sell_exit_ts,atr_sell_exit_px,atr_sell_exit_reason,atr_sell_return_pct,atr_sell_duration_minutes,atr_sell_capture_pct,dot_bearish_signal_ts,dot_bearish_trigger,dot_bearish_exit_ts,dot_bearish_exit_px,dot_bearish_exit_reason,dot_bearish_return_pct,dot_bearish_duration_minutes,dot_bearish_capture_pct,macd_hist_below_zero_signal_ts,macd_hist_below_zero_trigger,macd_hist_below_zero_exit_ts,macd_hist_below_zero_exit_px,macd_hist_below_zero_exit_reason,macd_hist_below_zero_return_pct,macd_hist_below_zero_duration_minutes,macd_hist_below_zero_capture_pct,first_signal_ts,first_trigger,first_exit_ts,first_exit_px,first_exit_reason,first_return_pct,first_duration_minutes,first_capture_pct,second_signal_ts,second_trigger,second_exit_ts,second_exit_px,second_exit_reason,second_return_pct,second_duration_minutes,second_capture_pct
2026-08-24,PMI,2026-08-24T11:34:00+00:00,2026-08-24T11:34:00.855962+00:00,4.37,False,0.2288,20.595,,atr_sell,2026-08-24T11:46:02.625481+00:00,4.3,atr_sell,-1.6018,12.03,-7.78,,atr_sell,2026-08-24T11:46:02.625481+00:00,4.3,atr_sell,-1.6018,12.03,-7.78,2026-08-24T11:39:00+00:00,dot,2026-08-24T11:39:02.006806+00:00,4.36,signal,-0.2288,5.02,-1.11,2026-08-24T11:47:00+00:00,hist,2026-08-24T11:47:05.230825+00:00,4.27,signal,-2.2883,13.07,-11.11,2026-08-24T11:39:00+00:00,dot,2026-08-24T11:39:02.006806+00:00,4.36,signal,-0.2288,5.02,-1.11,2026-08-24T11:47:00+00:00,hist,2026-08-24T11:47:05.230825+00:00,4.27,signal,-2.2883,13.07,-11.11
2026-08-24,PMI,2026-08-24T12:02:00+00:00,2026-08-24T12:02:02.082785+00:00,4.34,False,2.3041,21.4286,,atr_sell,2026-08-24T12:36:00.520171+00:00,4.3,atr_sell,-0.9217,33.97,-4.3,,atr_sell,2026-08-24T12:36:00.520171+00:00,4.3,atr_sell,-0.9217,33.97,-4.3,2026-08-24T12:07:00+00:00,dot,2026-08-24T12:07:00.604988+00:00,4.26,signal,-1.8433,4.98,-8.6,2026-08-24T12:26:00+00:00,hist,2026-08-24T12:26:07.287026+00:00,4.39,signal,1.1521,24.09,5.38,2026-08-24T12:07:00+00:00,dot,2026-08-24T12:07:00.604988+00:00,4.26,signal,-1.8433,4.98,-8.6,2026-08-24T12:26:00+00:00,hist,2026-08-24T12:26:07.287026+00:00,4.39,signal,1.1521,24.09,5.38
2026-08-24,PMI,2026-08-24T12:50:00+00:00,2026-08-24T12:50:03.990114+00:00,4.32,False,0.2315,21.9907,,atr_sell,2026-08-24T12:56:00.201973+00:00,4.24,atr_sell,-1.8519,5.94,-8.42,,atr_sell,2026-08-24T12:56:00.201973+00:00,4.24,atr_sell,-1.8519,5.94,-8.42,2026-08-24T12:55:00+00:00,dot,2026-08-24T12:55:11.669859+00:00,4.29,signal,-0.6944,5.13,-3.16,2026-08-24T12:58:00+00:00,hist,2026-08-24T12:58:02.850963+00:00,4.27,signal,-1.1574,7.98,-5.26,2026-08-24T12:55:00+00:00,dot,2026-08-24T12:55:11.669859+00:00,4.29,signal,-0.6944,5.13,-3.16,2026-08-24T12:58:00+00:00,hist,2026-08-24T12:58:02.850963+00:00,4.27,signal,-1.1574,7.98,-5.26
2026-08-24,PMI,2026-08-24T13:17:00+00:00,2026-08-24T13:17:00.592729+00:00,4.38,False,4.1096,20.3196,,atr_sell,2026-08-24T13:31:00.156425+00:00,4.31,atr_sell,-1.5982,13.99,-7.87,,atr_sell,2026-08-24T13:31:00.156425+00:00,4.31,atr_sell,-1.5982,13.99,-7.87,2026-08-24T13:21:00+00:00,dot,2026-08-24T13:21:12.024079+00:00,4.35,signal,-0.6849,4.19,-3.37,2026-08-24T13:31:00+00:00,hist,2026-08-24T13:31:00.156425+00:00,4.31,signal,-1.5982,13.99,-7.87,2026-08-24T13:21:00+00:00,dot,2026-08-24T13:21:12.024079+00:00,4.35,signal,-0.6849,4.19,-3.37,2026-08-24T13:31:00+00:00,hist,2026-08-24T13:31:00.156425+00:00,4.31,signal,-1.5982,13.99,-7.87
2026-08-24,BTCT,2026-08-24T13:27:00+00:00,2026-08-24T13:27:00.003525+00:00,1.69,False,-0.5917,62.1302,,atr_sell,2026-08-24T13:33:00.723919+00:00,1.57,atr_sell,-7.1006,6.01,-11.43,,atr_sell,2026-08-24T13:33:00.723919+00:00,1.57,atr_sell,-7.1006,6.01,-11.43,2026-08-24T13:29:00+00:00,dot,2026-08-24T13:29:00.890678+00:00,1.63,signal,-3.5503,2.01,-5.71,2026-08-24T13:32:00+00:00,hist,2026-08-24T13:32:00.252955+00:00,1.58,signal,-6.5089,5.0,-10.48,2026-08-24T13:29:00+00:00,dot,2026-08-24T13:29:00.890678+00:00,1.63,signal,-3.5503,2.01,-5.71,2026-08-24T13:32:00+00:00,hist,2026-08-24T13:32:00.252955+00:00,1.58,signal,-6.5089,5.0,-10.48
2026-08-24,XPON,2026-08-24T13:34:00+00:00,2026-08-24T13:34:00.057978+00:00,8.75,False,1.2571,5.6,,hard_stop,2026-08-24T13:34:38.358311+00:00,7.87,hard_stop,-10.0571,0.64,-179.59,,atr_sell,2026-08-24T14:09:00.122417+00:00,6.64,atr_sell,-24.1143,35.0,-430.61,2026-08-24T13:37:00+00:00,dot,2026-08-24T13:37:00.263346+00:00,8.07,signal,-7.7714,3.0,-138.78,2026-08-24T13:37:00+00:00,hist,2026-08-24T13:37:00.263346+00:00,8.07,signal,-7.7714,3.0,-138.78,2026-08-24T13:37:00+00:00,dot+hist,2026-08-24T13:37:00.263346+00:00,8.07,signal,-7.7714,3.0,-138.78,2026-08-24T13:37:00+00:00,dot+hist,2026-08-24T13:37:00.263346+00:00,8.07,signal,-7.7714,3.0,-138.78
2026-08-24,BTCT,2026-08-24T13:55:00+00:00,2026-08-24T13:55:00.494736+00:00,1.63,True,68.0982,68.0982,,target,2026-08-24T14:03:14.380964+00:00,1.7115,target,5.0,8.23,7.34,,atr_sell,2026-08-24T15:11:00.562665+00:00,2.22,atr_sell,36.1963,76.0,53.15,2026-08-24T13:59:00+00:00,dot,2026-08-24T13:59:00.960758+00:00,1.6,signal,-1.8405,4.01,-2.7,2026-08-24T14:21:00+00:00,hist,2026-08-24T14:21:00.051360+00:00,2.19,signal,34.3558,25.99,50.45,2026-08-24T13:59:00+00:00,dot,2026-08-24T13:59:00.960758+00:00,1.6,signal,-1.8405,4.01,-2.7,2026-08-24T14:21:00+00:00,hist,2026-08-24T14:21:00.051360+00:00,2.19,signal,34.3558,25.99,50.45
2026-08-24,XPON,2026-08-24T14:56:00+00:00,2026-08-24T14:56:00.226711+00:00,7.18,True,28.6908,28.6908,,target,2026-08-24T15:08:23.558315+00:00,7.539,target,5.0,12.39,17.43,,atr_sell,2026-08-24T16:25:00.630183+00:00,7.29,atr_sell,1.532,89.01,5.34,2026-08-24T14:59:00+00:00,dot,2026-08-24T14:59:00.202508+00:00,6.96,signal,-3.0641,3.0,-10.68,2026-08-24T15:28:00+00:00,hist,2026-08-24T15:28:00.278015+00:00,7.77,signal,8.2173,32.0,28.64,2026-08-24T14:59:00+00:00,dot,2026-08-24T14:59:00.202508+00:00,6.96,signal,-3.0641,3.0,-10.68,2026-08-24T15:28:00+00:00,hist,2026-08-24T15:28:00.278015+00:00,7.77,signal,8.2173,32.0,28.64
2026-08-24,BTCT,2026-08-24T15:28:00+00:00,2026-08-24T15:28:00.598358+00:00,2.38,False,-0.4202,1.6807,,hard_stop,2026-08-24T15:33:48.585867+00:00,2.14,hard_stop,-10.084,5.8,-600.0,,atr_sell,2026-08-24T15:34:00.071971+00:00,2.11,atr_sell,-11.3445,5.99,-675.0,2026-08-24T15:31:00+00:00,dot,2026-08-24T15:31:01.939508+00:00,2.29,signal,-3.7815,3.02,-225.0,2026-08-24T15:33:00+00:00,hist,2026-08-24T15:33:00.843050+00:00,2.29,signal,-3.7815,5.0,-225.0,2026-08-24T15:31:00+00:00,dot,2026-08-24T15:31:01.939508+00:00,2.29,signal,-3.7815,3.02,-225.0,2026-08-24T15:33:00+00:00,hist,2026-08-24T15:33:00.843050+00:00,2.29,signal,-3.7815,5.0,-225.0
2026-08-24,DAIC,2026-08-24T15:55:00+00:00,2026-08-24T15:55:00.214528+00:00,2.28,True,18.4211,37.7193,,target,2026-08-24T15:55:47.273376+00:00,2.394,target,5.0,0.78,13.26,,atr_sell,2026-08-24T16:38:00.233032+00:00,1.92,atr_sell,-15.7895,43.0,-41.86,2026-08-24T16:22:00+00:00,dot,2026-08-24T16:22:00.020399+00:00,2.08,signal,-8.7719,27.0,-23.26,2026-08-24T16:28:00+00:00,hist,2026-08-24T16:28:02.091552+00:00,1.84,signal,-19.2982,33.03,-51.16,2026-08-24T16:22:00+00:00,dot,2026-08-24T16:22:00.020399+00:00,2.08,signal,-8.7719,27.0,-23.26,2026-08-24T16:28:00+00:00,hist,2026-08-24T16:28:02.091552+00:00,1.84,signal,-19.2982,33.03,-51.16
2026-08-24,PMI,2026-08-24T15:58:00+00:00,2026-08-24T15:58:00.551569+00:00,4.35,True,12.4138,21.1494,,target,2026-08-24T16:25:48.663302+00:00,4.5675,target,5.0,27.8,23.64,,atr_sell,2026-08-24T17:01:00.194855+00:00,4.51,atr_sell,3.6782,62.99,17.39,2026-08-24T16:03:00+00:00,dot,2026-08-24T16:03:00.092258+00:00,4.32,signal,-0.6897,4.99,-3.26,2026-08-24T16:11:00+00:00,hist,2026-08-24T16:11:00.125437+00:00,4.26,signal,-2.069,12.99,-9.78,2026-08-24T16:03:00+00:00,dot,2026-08-24T16:03:00.092258+00:00,4.32,signal,-0.6897,4.99,-3.26,2026-08-24T16:11:00+00:00,hist,2026-08-24T16:11:00.125437+00:00,4.26,signal,-2.069,12.99,-9.78
2026-08-24,BTCT,2026-08-24T16:06:00+00:00,2026-08-24T16:06:00.301511+00:00,2.31,False,4.7619,4.7619,,atr_sell,2026-08-24T17:01:00.195571+00:00,2.16,atr_sell,-6.4935,55.0,-136.36,,atr_sell,2026-08-24T17:01:00.195571+00:00,2.16,atr_sell,-6.4935,55.0,-136.36,2026-08-24T16:10:00+00:00,dot,2026-08-24T16:10:01.000782+00:00,2.31,signal,0.0,4.01,0.0,2026-08-24T16:15:00+00:00,hist,2026-08-24T16:15:00.894066+00:00,2.28,signal,-1.2987,9.01,-27.27,2026-08-24T16:10:00+00:00,dot,2026-08-24T16:10:01.000782+00:00,2.31,signal,0.0,4.01,0.0,2026-08-24T16:15:00+00:00,hist,2026-08-24T16:15:00.894066+00:00,2.28,signal,-1.2987,9.01,-27.27
2026-08-24,DAIC,2026-08-24T16:57:00+00:00,2026-08-24T16:57:00.261108+00:00,2.64,True,18.9394,18.9394,,target,2026-08-24T17:02:20.187483+00:00,2.772,target,5.0,5.33,26.4,,atr_sell,2026-08-24T18:33:00.598063+00:00,2.46,atr_sell,-6.8182,96.01,-36.0,2026-08-24T17:18:00+00:00,dot,2026-08-24T17:18:00.226230+00:00,2.61,signal,-1.1364,21.0,-6.0,2026-08-24T17:30:00+00:00,hist,2026-08-24T17:30:00.147195+00:00,2.47,signal,-6.4394,33.0,-34.0,2026-08-24T17:18:00+00:00,dot,2026-08-24T17:18:00.226230+00:00,2.61,signal,-1.1364,21.0,-6.0,2026-08-24T17:30:00+00:00,hist,2026-08-24T17:30:00.147195+00:00,2.47,signal,-6.4394,33.0,-34.0
2026-08-24,BTCT,2026-08-24T17:29:00+00:00,2026-08-24T17:29:00.001103+00:00,2.09,True,5.2632,5.2632,,target,2026-08-24T17:45:20.098462+00:00,2.1945,target,5.0,16.33,95.0,,atr_sell,2026-08-24T17:56:00.728946+00:00,2.0,atr_sell,-4.3062,27.01,-81.82,2026-08-24T17:35:00+00:00,dot,2026-08-24T17:35:00.424352+00:00,2.09,signal,0.0,6.01,0.0,2026-08-24T17:53:00+00:00,hist,2026-08-24T17:53:03.904279+00:00,2.1,signal,0.4785,24.07,9.09,2026-08-24T17:35:00+00:00,dot,2026-08-24T17:35:00.424352+00:00,2.09,signal,0.0,6.01,0.0,2026-08-24T17:53:00+00:00,hist,2026-08-24T17:53:03.904279+00:00,2.1,signal,0.4785,24.07,9.09
2026-08-24,XPON,2026-08-24T17:32:00+00:00,2026-08-24T17:32:00.617511+00:00,7.22,False,3.8781,10.6648,,atr_sell,2026-08-24T18:19:00.208814+00:00,6.94,atr_sell,-3.8781,46.99,-36.36,,atr_sell,2026-08-24T18:19:00.208814+00:00,6.94,atr_sell,-3.8781,46.99,-36.36,2026-08-24T17:37:00+00:00,dot,2026-08-24T17:37:00.386453+00:00,7.28,signal,0.831,5.0,7.79,2026-08-24T17:49:00+00:00,hist,2026-08-24T17:49:01.301776+00:00,7.25,signal,0.4155,17.01,3.9,2026-08-24T17:37:00+00:00,dot,2026-08-24T17:37:00.386453+00:00,7.28,signal,0.831,5.0,7.79,2026-08-24T17:49:00+00:00,hist,2026-08-24T17:49:01.301776+00:00,7.25,signal,0.4155,17.01,3.9
2026-08-24,PMI,2026-08-24T17:42:00+00:00,2026-08-24T17:42:00.137546+00:00,4.63,False,-0.216,13.8229,,atr_sell,2026-08-24T17:58:00.075759+00:00,4.47,atr_sell,-3.4557,16.0,-25.0,,atr_sell,2026-08-24T17:58:00.075759+00:00,4.47,atr_sell,-3.4557,16.0,-25.0,2026-08-24T17:49:00+00:00,dot,2026-08-24T17:49:00.212510+00:00,4.5,signal,-2.8078,7.0,-20.31,2026-08-24T17:50:00+00:00,hist,2026-08-24T17:50:00.511867+00:00,4.5,signal,-2.8078,8.01,-20.31,2026-08-24T17:49:00+00:00,dot,2026-08-24T17:49:00.212510+00:00,4.5,signal,-2.8078,7.0,-20.31,2026-08-24T17:50:00+00:00,hist,2026-08-24T17:50:00.511867+00:00,4.5,signal,-2.8078,8.01,-20.31
2026-08-24,PMI,2026-08-24T18:17:00+00:00,2026-08-24T18:17:00.122862+00:00,4.51,False,0.2217,16.8514,,atr_sell,2026-08-24T18:34:00.216630+00:00,4.46,atr_sell,-1.1086,17.0,-6.58,,atr_sell,2026-08-24T18:34:00.216630+00:00,4.46,atr_sell,-1.1086,17.0,-6.58,2026-08-24T18:22:00+00:00,dot,2026-08-24T18:22:00.116245+00:00,4.48,signal,-0.6652,5.0,-3.95,2026-08-24T18:31:00+00:00,hist,2026-08-24T18:31:00.385807+00:00,4.48,signal,-0.6652,14.0,-3.95,2026-08-24T18:22:00+00:00,dot,2026-08-24T18:22:00.116245+00:00,4.48,signal,-0.6652,5.0,-3.95,2026-08-24T18:31:00+00:00,hist,2026-08-24T18:31:00.385807+00:00,4.48,signal,-0.6652,14.0,-3.95
2026-08-24,PMI,2026-08-24T18:43:00+00:00,2026-08-24T18:43:00.203558+00:00,4.62,False,-0.4329,14.0693,,atr_sell,2026-08-24T18:59:00.229406+00:00,4.48,atr_sell,-3.0303,16.0,-21.54,,atr_sell,2026-08-24T18:59:00.229406+00:00,4.48,atr_sell,-3.0303,16.0,-21.54,2026-08-24T18:46:00+00:00,dot,2026-08-24T18:46:00.305930+00:00,4.52,signal,-2.1645,3.0,-15.38,2026-08-24T18:51:00+00:00,hist,2026-08-24T18:51:00.383246+00:00,4.48,signal,-3.0303,8.0,-21.54,2026-08-24T18:46:00+00:00,dot,2026-08-24T18:46:00.305930+00:00,4.52,signal,-2.1645,3.0,-15.38,2026-08-24T18:51:00+00:00,hist,2026-08-24T18:51:00.383246+00:00,4.48,signal,-3.0303,8.0,-21.54
2026-08-24,BTCT,2026-08-24T18:48:00+00:00,2026-08-24T18:48:04.154702+00:00,1.95,False,0.5128,0.5128,,atr_sell,2026-08-24T19:23:01.749815+00:00,1.82,atr_sell,-6.6667,34.96,-1300.0,,atr_sell,2026-08-24T19:23:01.749815+00:00,1.82,atr_sell,-6.6667,34.96,-1300.0,2026-08-24T18:51:00+00:00,dot,2026-08-24T18:51:01.092484+00:00,1.91,signal,-2.0513,2.95,-400.0,2026-08-24T19:01:00+00:00,hist,2026-08-24T19:01:00.303061+00:00,1.89,signal,-3.0769,12.94,-600.0,2026-08-24T18:51:00+00:00,dot,2026-08-24T18:51:01.092484+00:00,1.91,signal,-2.0513,2.95,-400.0,2026-08-24T19:01:00+00:00,hist,2026-08-24T19:01:00.303061+00:00,1.89,signal,-3.0769,12.94,-600.0
2026-08-24,LUCY,2026-08-24T18:51:00+00:00,2026-08-24T18:51:00.619173+00:00,1.1,False,-0.9091,1.8182,,atr_sell,2026-08-24T19:12:00.091891+00:00,1.04,atr_sell,-5.4545,20.99,-300.0,,atr_sell,2026-08-24T19:12:00.091891+00:00,1.04,atr_sell,-5.4545,20.99,-300.0,2026-08-24T18:55:00+00:00,dot,2026-08-24T18:55:02.228589+00:00,1.07,signal,-2.7273,4.03,-150.0,2026-08-24T18:56:00+00:00,hist,2026-08-24T18:56:02.642729+00:00,1.07,signal,-2.7273,5.03,-150.0,2026-08-24T18:55:00+00:00,dot,2026-08-24T18:55:02.228589+00:00,1.07,signal,-2.7273,4.03,-150.0,2026-08-24T18:56:00+00:00,hist,2026-08-24T18:56:02.642729+00:00,1.07,signal,-2.7273,5.03,-150.0
2026-08-24,XPON,2026-08-24T18:52:00+00:00,2026-08-24T18:52:00.470706+00:00,7.4,True,7.973,7.973,,target,2026-08-24T18:55:11.443414+00:00,7.77,target,5.0,3.18,62.71,,atr_sell,2026-08-24T19:07:00.372368+00:00,6.98,atr_sell,-5.6757,15.0,-71.19,2026-08-24T18:56:00+00:00,dot,2026-08-24T18:56:00.197040+00:00,7.16,signal,-3.2432,4.0,-40.68,2026-08-24T18:58:00+00:00,hist,2026-08-24T18:58:00.747638+00:00,7.2,signal,-2.7027,6.0,-33.9,2026-08-24T18:56:00+00:00,dot,2026-08-24T18:56:00.197040+00:00,7.16,signal,-3.2432,4.0,-40.68,2026-08-24T18:58:00+00:00,hist,2026-08-24T18:58:00.747638+00:00,7.2,signal,-2.7027,6.0,-33.9
2026-08-24,PMI,2026-08-24T19:14:00+00:00,2026-08-24T19:14:00.205665+00:00,4.68,True,12.6068,12.6068,,target,2026-08-24T19:49:56.058396+00:00,4.914,target,5.0,35.93,39.66,,session_close,2026-08-24T19:59:59.833877+00:00,5.23,session_close,11.7521,45.99,93.22,2026-08-24T19:26:00+00:00,dot,2026-08-24T19:26:00.339461+00:00,4.75,signal,1.4957,12.0,11.86,2026-08-24T19:28:00+00:00,hist,2026-08-24T19:28:00.419207+00:00,4.65,signal,-0.641,14.0,-5.08,2026-08-24T19:26:00+00:00,dot,2026-08-24T19:26:00.339461+00:00,4.75,signal,1.4957,12.0,11.86,2026-08-24T19:28:00+00:00,hist,2026-08-24T19:28:00.419207+00:00,4.65,signal,-0.641,14.0,-5.08
2026-08-24,LUCY,2026-08-24T19:20:00+00:00,2026-08-24T19:20:00.988445+00:00,1.11,False,-0.9009,0.9009,,atr_sell,2026-08-24T19:39:05.663730+00:00,1.05,atr_sell,-5.4054,19.08,-600.0,,atr_sell,2026-08-24T19:39:05.663730+00:00,1.05,atr_sell,-5.4054,19.08,-600.0,2026-08-24T19:25:00+00:00,dot,2026-08-24T19:25:03.859778+00:00,1.07,signal,-3.6036,5.05,-400.0,2026-08-24T19:34:00+00:00,hist,2026-08-24T19:34:00.072417+00:00,1.06,signal,-4.5045,13.98,-500.0,2026-08-24T19:25:00+00:00,dot,2026-08-24T19:25:03.859778+00:00,1.07,signal,-3.6036,5.05,-400.0,2026-08-24T19:34:00+00:00,hist,2026-08-24T19:34:00.072417+00:00,1.06,signal,-4.5045,13.98,-500.0
2026-08-24,BTCT,2026-08-24T19:47:00+00:00,2026-08-24T19:47:00.061639+00:00,1.87,False,-0.5348,-0.5348,,atr_sell,2026-08-24T19:57:00.139681+00:00,1.8,atr_sell,-3.7433,10.0,,,atr_sell,2026-08-24T19:57:00.139681+00:00,1.8,atr_sell,-3.7433,10.0,,2026-08-24T19:52:00+00:00,dot,2026-08-24T19:52:00.085042+00:00,1.85,signal,-1.0695,5.0,,2026-08-24T19:57:00+00:00,hist,2026-08-24T19:57:00.139681+00:00,1.8,signal,-3.7433,10.0,,2026-08-24T19:52:00+00:00,dot,2026-08-24T19:52:00.085042+00:00,1.85,signal,-1.0695,5.0,,2026-08-24T19:57:00+00:00,hist,2026-08-24T19:57:00.139681+00:00,1.8,signal,-3.7433,10.0,
2026-08-24,LUCY,2026-08-24T19:56:00+00:00,2026-08-24T19:56:00.913644+00:00,1.13,False,-0.885,-0.885,,session_close,2026-08-24T19:59:58.617783+00:00,1.09,session_close,-3.5398,3.96,,,session_close,2026-08-24T19:59:58.617783+00:00,1.09,session_close,-3.5398,3.96,,2026-08-24T19:59:00+00:00,dot,2026-08-24T19:59:02.167086+00:00,1.11,signal,-1.7699,3.02,,,none,2026-08-24T19:59:58.617783+00:00,1.09,session_close,-3.5398,3.96,,2026-08-24T19:59:00+00:00,dot,2026-08-24T19:59:02.167086+00:00,1.11,signal,-1.7699,3.02,,,none,2026-08-24T19:59:58.617783+00:00,1.09,session_close,-3.5398,3.96,
2026-08-25,WVVIP,2026-08-25T15:55:00+00:00,2026-08-25T15:55:00.522967+00:00,5.78,True,6.9204,6.9204,,target,2026-08-25T15:59:28.557750+00:00,6.069,target,5.0,4.47,72.25,,atr_sell,2026-08-25T16:13:01.199569+00:00,5.37,atr_sell,-7.0934,18.01,-102.5,2026-08-25T16:03:00+00:00,dot,2026-08-25T16:03:00.754189+00:00,5.7,signal,-1.3841,8.0,-20.0,2026-08-25T16:09:00+00:00,hist,2026-08-25T16:09:00.591933+00:00,5.71,signal,-1.2111,14.0,-17.5,2026-08-25T16:03:00+00:00,dot,2026-08-25T16:03:00.754189+00:00,5.7,signal,-1.3841,8.0,-20.0,2026-08-25T16:09:00+00:00,hist,2026-08-25T16:09:00.591933+00:00,5.71,signal,-1.2111,14.0,-17.5
2026-08-25,DAIC,2026-08-25T16:06:00+00:00,2026-08-25T16:06:00.328641+00:00,3.46,True,21.3873,21.3873,,target,2026-08-25T16:13:15.196265+00:00,3.633,target,5.0,7.25,23.38,,atr_sell,2026-08-25T17:14:00.177304+00:00,3.36,atr_sell,-2.8902,68.0,-13.51,2026-08-25T16:10:00+00:00,dot,2026-08-25T16:10:00.512057+00:00,3.33,signal,-3.7572,4.0,-17.57,2026-08-25T16:32:00+00:00,hist,2026-08-25T16:32:00.045304+00:00,3.8,signal,9.8266,26.0,45.95,2026-08-25T16:10:00+00:00,dot,2026-08-25T16:10:00.512057+00:00,3.33,signal,-3.7572,4.0,-17.57,2026-08-25T16:32:00+00:00,hist,2026-08-25T16:32:00.045304+00:00,3.8,signal,9.8266,26.0,45.95
2026-08-25,PMI,2026-08-25T16:21:00+00:00,2026-08-25T16:21:00.067792+00:00,7.76,True,43.0412,43.0412,,target,2026-08-25T16:42:16.153674+00:00,8.148,target,5.0,21.27,11.62,,atr_sell,2026-08-25T18:16:00.122472+00:00,9.12,atr_sell,17.5258,115.0,40.72,2026-08-25T16:34:00+00:00,dot,2026-08-25T16:34:00.282869+00:00,7.92,signal,2.0619,13.0,4.79,2026-08-25T16:36:00+00:00,hist,2026-08-25T16:36:00.152868+00:00,7.9,signal,1.8041,15.0,4.19,2026-08-25T16:34:00+00:00,dot,2026-08-25T16:34:00.282869+00:00,7.92,signal,2.0619,13.0,4.79,2026-08-25T16:36:00+00:00,hist,2026-08-25T16:36:00.152868+00:00,7.9,signal,1.8041,15.0,4.19
2026-08-25,AIXI,2026-08-25T16:24:00+00:00,2026-08-25T16:24:00.285366+00:00,1.16,True,15.5172,17.2414,,target,2026-08-25T16:29:58.658368+00:00,1.218,target,5.0,5.97,29.0,,atr_sell,2026-08-25T16:56:02.229093+00:00,1.16,atr_sell,0.0,32.03,0.0,2026-08-25T16:26:00+00:00,dot,2026-08-25T16:26:01.078436+00:00,1.13,signal,-2.5862,2.01,-15.0,2026-08-25T16:44:00+00:00,hist,2026-08-25T16:44:00.035683+00:00,1.22,signal,5.1724,20.0,30.0,2026-08-25T16:26:00+00:00,dot,2026-08-25T16:26:01.078436+00:00,1.13,signal,-2.5862,2.01,-15.0,2026-08-25T16:44:00+00:00,hist,2026-08-25T16:44:00.035683+00:00,1.22,signal,5.1724,20.0,30.0
2026-08-25,WVVIP,2026-08-25T16:38:00+00:00,2026-08-25T16:38:01.778848+00:00,5.6,False,0.8929,0.8929,,atr_sell,2026-08-25T16:43:00.148459+00:00,5.18,atr_sell,-7.5,4.97,-840.0,,atr_sell,2026-08-25T16:43:00.148459+00:00,5.18,atr_sell,-7.5,4.97,-840.0,2026-08-25T16:42:00+00:00,dot,2026-08-25T16:42:00.583628+00:00,5.32,signal,-5.0,3.98,-560.0,2026-08-25T16:45:00+00:00,hist,2026-08-25T16:45:03.988439+00:00,4.99,signal,-10.8929,7.04,-1220.0,2026-08-25T16:42:00+00:00,dot,2026-08-25T16:42:00.583628+00:00,5.32,signal,-5.0,3.98,-560.0,2026-08-25T16:45:00+00:00,hist,2026-08-25T16:45:03.988439+00:00,4.99,signal,-10.8929,7.04,-1220.0
2026-08-25,AIXI,2026-08-25T17:36:00+00:00,2026-08-25T17:36:01.808671+00:00,1.25,False,2.4,8.8,,atr_sell,2026-08-25T17:54:08.053214+00:00,1.15,atr_sell,-8.0,18.1,-90.91,,atr_sell,2026-08-25T17:54:08.053214+00:00,1.15,atr_sell,-8.0,18.1,-90.91,2026-08-25T17:41:00+00:00,dot,2026-08-25T17:41:00.536125+00:00,1.24,signal,-0.8,4.98,-9.09,2026-08-25T17:44:00+00:00,hist,2026-08-25T17:44:00.719504+00:00,1.2,signal,-4.0,7.98,-45.45,2026-08-25T17:41:00+00:00,dot,2026-08-25T17:41:00.536125+00:00,1.24,signal,-0.8,4.98,-9.09,2026-08-25T17:44:00+00:00,hist,2026-08-25T17:44:00.719504+00:00,1.2,signal,-4.0,7.98,-45.45
2026-08-25,DAIC,2026-08-25T18:03:00+00:00,2026-08-25T18:03:00.400137+00:00,3.66,True,11.7486,11.7486,,target,2026-08-25T18:22:40.925028+00:00,3.843,target,5.0,19.68,42.56,,atr_sell,2026-08-25T19:12:00.505504+00:00,3.52,atr_sell,-3.8251,69.0,-32.56,2026-08-25T18:13:00+00:00,dot,2026-08-25T18:13:00.554138+00:00,3.65,signal,-0.2732,10.0,-2.33,2026-08-25T18:15:00+00:00,hist,2026-08-25T18:15:00.846967+00:00,3.68,signal,0.5464,12.01,4.65,2026-08-25T18:13:00+00:00,dot,2026-08-25T18:13:00.554138+00:00,3.65,signal,-0.2732,10.0,-2.33,2026-08-25T18:15:00+00:00,hist,2026-08-25T18:15:00.846967+00:00,3.68,signal,0.5464,12.01,4.65
2026-08-25,AIXI,2026-08-25T18:13:00+00:00,2026-08-25T18:13:01.160804+00:00,1.27,False,1.5748,7.0866,,atr_sell,2026-08-25T19:16:00.327299+00:00,1.16,atr_sell,-8.6614,62.99,-122.22,,atr_sell,2026-08-25T19:16:00.327299+00:00,1.16,atr_sell,-8.6614,62.99,-122.22,2026-08-25T18:17:00+00:00,dot,2026-08-25T18:17:00.038663+00:00,1.24,signal,-2.3622,3.98,-33.33,2026-08-25T18:22:00+00:00,hist,2026-08-25T18:22:02.891277+00:00,1.22,signal,-3.937,9.03,-55.56,2026-08-25T18:17:00+00:00,dot,2026-08-25T18:17:00.038663+00:00,1.24,signal,-2.3622,3.98,-33.33,2026-08-25T18:22:00+00:00,hist,2026-08-25T18:22:02.891277+00:00,1.22,signal,-3.937,9.03,-55.56
2026-08-25,PMI,2026-08-25T18:41:00+00:00,2026-08-25T18:41:00.137993+00:00,9.83,True,7.2228,7.2228,,target,2026-08-25T19:20:04.794939+00:00,10.3215,target,5.0,39.08,69.23,,atr_sell,2026-08-25T19:57:00.148624+00:00,9.42,atr_sell,-4.1709,76.0,-57.75,2026-08-25T18:44:00+00:00,dot,2026-08-25T18:44:00.097586+00:00,9.51,signal,-3.2553,3.0,-45.07,2026-08-25T18:53:00+00:00,hist,2026-08-25T18:53:00.330760+00:00,9.25,signal,-5.9003,12.0,-81.69,2026-08-25T18:44:00+00:00,dot,2026-08-25T18:44:00.097586+00:00,9.51,signal,-3.2553,3.0,-45.07,2026-08-25T18:53:00+00:00,hist,2026-08-25T18:53:00.330760+00:00,9.25,signal,-5.9003,12.0,-81.69
2026-08-25,WVVIP,2026-08-25T19:42:00+00:00,2026-08-25T19:42:03.110480+00:00,3.5,False,-0.8571,-0.8571,,session_close,2026-08-25T19:59:42.265712+00:00,3.33,session_close,-4.8571,17.65,,,session_close,2026-08-25T19:59:42.265712+00:00,3.33,session_close,-4.8571,17.65,,,none,2026-08-25T19:59:42.265712+00:00,3.33,session_close,-4.8571,17.65,,,none,2026-08-25T19:59:42.265712+00:00,3.33,session_close,-4.8571,17.65,,,none,2026-08-25T19:59:42.265712+00:00,3.33,session_close,-4.8571,17.65,,,none,2026-08-25T19:59:42.265712+00:00,3.33,session_close,-4.8571,17.65,
2026-08-25,AIXI,2026-08-25T19:45:00+00:00,2026-08-25T19:45:00.371530+00:00,1.27,True,7.0866,7.0866,,target,2026-08-25T19:54:48.418812+00:00,1.3335,target,5.0,9.8,70.56,,session_close,2026-08-25T19:59:59.828140+00:00,1.31,session_close,3.1496,14.99,44.44,2026-08-25T19:47:00+00:00,dot,2026-08-25T19:47:00.246952+00:00,1.23,signal,-3.1496,2.0,-44.44,,none,2026-08-25T19:59:59.828140+00:00,1.31,session_close,3.1496,14.99,44.44,2026-08-25T19:47:00+00:00,dot,2026-08-25T19:47:00.246952+00:00,1.23,signal,-3.1496,2.0,-44.44,,none,2026-08-25T19:59:59.828140+00:00,1.31,session_close,3.1496,14.99,44.44
2026-08-25,DAIC,2026-08-25T19:45:00+00:00,2026-08-25T19:45:00.370510+00:00,3.69,True,8.1301,8.1301,,target,2026-08-25T19:45:57.117391+00:00,3.8745,target,5.0,0.95,61.5,,session_close,2026-08-25T19:59:59.828934+00:00,3.85,session_close,4.336,14.99,53.33,2026-08-25T19:53:00+00:00,dot,2026-08-25T19:53:00.049046+00:00,3.86,signal,4.607,7.99,56.67,2026-08-25T20:00:00+00:00,hist,2026-08-25T19:59:59.828934+00:00,3.85,session_close,4.336,14.99,53.33,2026-08-25T19:53:00+00:00,dot,2026-08-25T19:53:00.049046+00:00,3.86,signal,4.607,7.99,56.67,2026-08-25T20:00:00+00:00,hist,2026-08-25T19:59:59.828934+00:00,3.85,session_close,4.336,14.99,53.33
2026-08-26,DAIC,2026-08-26T12:35:00+00:00,2026-08-26T12:35:01.694955+00:00,5.88,True,13.4354,13.4354,,target,2026-08-26T12:49:27.560766+00:00,6.174,target,5.0,14.43,37.22,,atr_sell,2026-08-26T13:32:00.447666+00:00,5.92,atr_sell,0.6803,56.98,5.06,2026-08-26T12:40:00+00:00,dot,2026-08-26T12:40:00.812486+00:00,5.84,signal,-0.6803,4.99,-5.06,2026-08-26T12:58:00+00:00,hist,2026-08-26T12:58:07.813815+00:00,6.01,signal,2.2109,23.1,16.46,2026-08-26T12:40:00+00:00,dot,2026-08-26T12:40:00.812486+00:00,5.84,signal,-0.6803,4.99,-5.06,2026-08-26T12:58:00+00:00,hist,2026-08-26T12:58:07.813815+00:00,6.01,signal,2.2109,23.1,16.46
2026-08-26,YYGH,2026-08-26T12:57:00+00:00,2026-08-26T12:57:00.334133+00:00,1.95,False,3.0769,9.2308,,atr_sell,2026-08-26T13:31:00.191042+00:00,1.87,atr_sell,-4.1026,34.0,-44.44,,atr_sell,2026-08-26T13:31:00.191042+00:00,1.87,atr_sell,-4.1026,34.0,-44.44,2026-08-26T13:07:00+00:00,dot,2026-08-26T13:07:00.491373+00:00,1.98,signal,1.5385,10.0,16.67,2026-08-26T13:12:00+00:00,hist,2026-08-26T13:12:00.013059+00:00,1.95,signal,0.0,14.99,0.0,2026-08-26T13:07:00+00:00,dot,2026-08-26T13:07:00.491373+00:00,1.98,signal,1.5385,10.0,16.67,2026-08-26T13:12:00+00:00,hist,2026-08-26T13:12:00.013059+00:00,1.95,signal,0.0,14.99,0.0
2026-08-26,CRE,2026-08-26T12:58:00+00:00,2026-08-26T12:58:00.245641+00:00,6.98,False,2.0057,23.0659,,hard_stop,2026-08-26T13:01:21.256061+00:00,6.27,hard_stop,-10.1719,3.35,-44.1,,atr_sell,2026-08-26T13:03:00.125801+00:00,5.75,atr_sell,-17.6218,5.0,-76.4,2026-08-26T13:02:00+00:00,dot,2026-08-26T13:02:00.497687+00:00,6.31,signal,-9.5989,4.0,-41.61,2026-08-26T13:03:00+00:00,hist,2026-08-26T13:03:00.125801+00:00,5.75,signal,-17.6218,5.0,-76.4,2026-08-26T13:02:00+00:00,dot,2026-08-26T13:02:00.497687+00:00,6.31,signal,-9.5989,4.0,-41.61,2026-08-26T13:03:00+00:00,hist,2026-08-26T13:03:00.125801+00:00,5.75,signal,-17.6218,5.0,-76.4
2026-08-26,CRE,2026-08-26T13:31:00+00:00,2026-08-26T13:31:00.100384+00:00,6.68,True,28.5928,28.5928,,target,2026-08-26T13:32:38.242213+00:00,7.014,target,5.0,1.64,17.49,,atr_sell,2026-08-26T15:02:00.350580+00:00,6.76,atr_sell,1.1976,91.0,4.19,2026-08-26T13:39:00+00:00,dot,2026-08-26T13:39:00.144757+00:00,6.7,signal,0.2994,8.0,1.05,2026-08-26T13:42:00+00:00,hist,2026-08-26T13:42:00.000513+00:00,6.31,signal,-5.5389,11.0,-19.37,2026-08-26T13:39:00+00:00,dot,2026-08-26T13:39:00.144757+00:00,6.7,signal,0.2994,8.0,1.05,2026-08-26T13:42:00+00:00,hist,2026-08-26T13:42:00.000513+00:00,6.31,signal,-5.5389,11.0,-19.37
2026-08-26,YYGH,2026-08-26T13:40:00+00:00,2026-08-26T13:40:00.202071+00:00,1.99,False,3.5176,7.0352,,hard_stop,2026-08-26T13:56:23.026097+00:00,1.79,hard_stop,-10.0503,16.38,-142.86,,atr_sell,2026-08-26T13:57:00.369689+00:00,1.81,atr_sell,-9.0452,17.0,-128.57,2026-08-26T13:46:00+00:00,dot,2026-08-26T13:46:00.139868+00:00,1.9,signal,-4.5226,6.0,-64.29,2026-08-26T13:48:00+00:00,hist,2026-08-26T13:48:00.149021+00:00,1.88,signal,-5.5276,8.0,-78.57,2026-08-26T13:46:00+00:00,dot,2026-08-26T13:46:00.139868+00:00,1.9,signal,-4.5226,6.0,-64.29,2026-08-26T13:48:00+00:00,hist,2026-08-26T13:48:00.149021+00:00,1.88,signal,-5.5276,8.0,-78.57
2026-08-26,YYGH,2026-08-26T14:33:00+00:00,2026-08-26T14:33:00.580863+00:00,1.95,False,4.1026,9.2308,,atr_sell,2026-08-26T15:06:00.513678+00:00,1.9,atr_sell,-2.5641,33.0,-27.78,,atr_sell,2026-08-26T15:06:00.513678+00:00,1.9,atr_sell,-2.5641,33.0,-27.78,2026-08-26T14:43:00+00:00,dot,2026-08-26T14:43:00.594399+00:00,1.98,signal,1.5385,10.0,16.67,2026-08-26T14:49:00+00:00,hist,2026-08-26T14:49:00.928789+00:00,1.97,signal,1.0256,16.01,11.11,2026-08-26T14:43:00+00:00,dot,2026-08-26T14:43:00.594399+00:00,1.98,signal,1.5385,10.0,16.67,2026-08-26T14:49:00+00:00,hist,2026-08-26T14:49:00.928789+00:00,1.97,signal,1.0256,16.01,11.11
2026-08-26,YYGH,2026-08-26T15:31:00+00:00,2026-08-26T15:31:00.000437+00:00,2.03,False,2.9557,4.9261,,atr_sell,2026-08-26T16:32:01.459772+00:00,1.89,atr_sell,-6.8966,61.02,-140.0,,atr_sell,2026-08-26T16:32:01.459772+00:00,1.89,atr_sell,-6.8966,61.02,-140.0,2026-08-26T15:40:00+00:00,dot,2026-08-26T15:40:02.553686+00:00,2.02,signal,-0.4926,9.04,-10.0,2026-08-26T15:42:00+00:00,hist,2026-08-26T15:42:01.931275+00:00,1.99,signal,-1.9704,11.03,-40.0,2026-08-26T15:40:00+00:00,dot,2026-08-26T15:40:02.553686+00:00,2.02,signal,-0.4926,9.04,-10.0,2026-08-26T15:42:00+00:00,hist,2026-08-26T15:42:01.931275+00:00,1.99,signal,-1.9704,11.03,-40.0
2026-08-26,XPON,2026-08-26T15:37:00+00:00,2026-08-26T15:37:00.315452+00:00,9.58,False,-0.8351,-0.8351,,atr_sell,2026-08-26T16:14:01.937941+00:00,8.65,atr_sell,-9.7077,37.03,,,atr_sell,2026-08-26T16:14:01.937941+00:00,8.65,atr_sell,-9.7077,37.03,,2026-08-26T15:41:00+00:00,dot,2026-08-26T15:41:00.176592+00:00,9.31,signal,-2.8184,4.0,,2026-08-26T15:45:00+00:00,hist,2026-08-26T15:45:00.164538+00:00,9.0,signal,-6.0543,8.0,,2026-08-26T15:41:00+00:00,dot,2026-08-26T15:41:00.176592+00:00,9.31,signal,-2.8184,4.0,,2026-08-26T15:45:00+00:00,hist,2026-08-26T15:45:00.164538+00:00,9.0,signal,-6.0543,8.0,
2026-08-26,CRE,2026-08-26T16:20:00+00:00,2026-08-26T16:20:00.032365+00:00,6.3,False,1.746,9.0476,,atr_sell,2026-08-26T16:33:00.618670+00:00,6.02,atr_sell,-4.4444,13.01,-49.12,,atr_sell,2026-08-26T16:33:00.618670+00:00,6.02,atr_sell,-4.4444,13.01,-49.12,2026-08-26T16:26:00+00:00,dot,2026-08-26T16:26:02.725079+00:00,6.24,signal,-0.9524,6.04,-10.53,2026-08-26T16:33:00+00:00,hist,2026-08-26T16:33:00.618670+00:00,6.02,signal,-4.4444,13.01,-49.12,2026-08-26T16:26:00+00:00,dot,2026-08-26T16:26:02.725079+00:00,6.24,signal,-0.9524,6.04,-10.53,2026-08-26T16:33:00+00:00,hist,2026-08-26T16:33:00.618670+00:00,6.02,signal,-4.4444,13.01,-49.12
2026-08-26,CRE,2026-08-26T16:50:00+00:00,2026-08-26T16:50:03.164961+00:00,6.28,True,6.5287,9.3949,,target,2026-08-26T17:38:28.936306+00:00,6.594,target,5.0,48.43,53.22,,atr_sell,2026-08-26T18:45:00.624934+00:00,6.1,atr_sell,-2.8662,114.96,-30.51,2026-08-26T16:56:00+00:00,dot,2026-08-26T16:56:02.296373+00:00,6.15,signal,-2.0701,5.99,-22.03,2026-08-26T17:02:00+00:00,hist,2026-08-26T17:02:05.458972+00:00,6.03,signal,-3.9809,12.04,-42.37,2026-08-26T16:56:00+00:00,dot,2026-08-26T16:56:02.296373+00:00,6.15,signal,-2.0701,5.99,-22.03,2026-08-26T17:02:00+00:00,hist,2026-08-26T17:02:05.458972+00:00,6.03,signal,-3.9809,12.04,-42.37
2026-08-26,YYGH,2026-08-26T17:24:00+00:00,2026-08-26T17:24:00.206168+00:00,1.93,True,5.1813,10.3627,,target,2026-08-26T18:37:17.833100+00:00,2.0265,target,5.0,73.29,48.25,,atr_sell,2026-08-26T19:14:06.352527+00:00,1.93,atr_sell,0.0,110.1,0.0,2026-08-26T17:30:00+00:00,dot,2026-08-26T17:30:01.454053+00:00,1.92,signal,-0.5181,6.02,-5.0,2026-08-26T17:37:00+00:00,hist,2026-08-26T17:37:01.028544+00:00,1.91,signal,-1.0363,13.01,-10.0,2026-08-26T17:30:00+00:00,dot,2026-08-26T17:30:01.454053+00:00,1.92,signal,-0.5181,6.02,-5.0,2026-08-26T17:37:00+00:00,hist,2026-08-26T17:37:01.028544+00:00,1.91,signal,-1.0363,13.01,-10.0
2026-08-26,XPON,2026-08-26T17:34:00+00:00,2026-08-26T17:34:01.331290+00:00,8.29,False,2.1713,13.1484,,atr_sell,2026-08-26T18:01:00.713316+00:00,8.08,atr_sell,-2.5332,26.99,-19.27,,atr_sell,2026-08-26T18:01:00.713316+00:00,8.08,atr_sell,-2.5332,26.99,-19.27,2026-08-26T17:38:00+00:00,dot,2026-08-26T17:38:00.220731+00:00,8.24,signal,-0.6031,3.98,-4.59,2026-08-26T17:42:00+00:00,hist,2026-08-26T17:42:04.724952+00:00,8.17,signal,-1.4475,8.06,-11.01,2026-08-26T17:38:00+00:00,dot,2026-08-26T17:38:00.220731+00:00,8.24,signal,-0.6031,3.98,-4.59,2026-08-26T17:42:00+00:00,hist,2026-08-26T17:42:04.724952+00:00,8.17,signal,-1.4475,8.06,-11.01
2026-08-26,DAIC,2026-08-26T17:59:00+00:00,2026-08-26T17:59:00.708416+00:00,5.26,False,2.2814,2.2814,,session_close,2026-08-26T19:42:12.388398+00:00,5.06,session_close,-3.8023,103.19,-166.67,,session_close,2026-08-26T19:42:12.388398+00:00,5.06,session_close,-3.8023,103.19,-166.67,2026-08-26T18:04:00+00:00,dot,2026-08-26T18:04:00.103878+00:00,4.86,signal,-7.6046,4.99,-333.33,2026-08-26T19:40:00+00:00,hist,2026-08-26T19:40:51.918136+00:00,5.08,signal,-3.4221,101.85,-150.0,2026-08-26T18:04:00+00:00,dot,2026-08-26T18:04:00.103878+00:00,4.86,signal,-7.6046,4.99,-333.33,2026-08-26T19:40:00+00:00,hist,2026-08-26T19:40:51.918136+00:00,5.08,signal,-3.4221,101.85,-150.0
2026-08-26,XPON,2026-08-26T18:48:00+00:00,2026-08-26T18:48:00.641832+00:00,8.43,True,6.7616,11.2693,,target,2026-08-26T19:14:20.153037+00:00,8.8515,target,5.0,26.33,44.37,,atr_sell,2026-08-26T19:36:05.316208+00:00,8.4,atr_sell,-0.3559,48.08,-3.16,2026-08-26T18:53:00+00:00,dot,2026-08-26T18:53:02.527116+00:00,8.49,signal,0.7117,5.03,6.32,2026-08-26T18:59:00+00:00,hist,2026-08-26T18:59:05.040213+00:00,8.32,signal,-1.3049,11.07,-11.58,2026-08-26T18:53:00+00:00,dot,2026-08-26T18:53:02.527116+00:00,8.49,signal,0.7117,5.03,6.32,2026-08-26T18:59:00+00:00,hist,2026-08-26T18:59:05.040213+00:00,8.32,signal,-1.3049,11.07,-11.58
2026-08-26,CRE,2026-08-26T19:25:00+00:00,2026-08-26T19:25:00.266263+00:00,6.23,True,10.2729,10.2729,,target,2026-08-26T19:59:14.759688+00:00,6.5415,target,5.0,34.24,48.67,,session_close,2026-08-26T19:59:59.958179+00:00,6.76,session_close,8.5072,34.99,82.81,2026-08-26T19:37:00+00:00,dot,2026-08-26T19:37:03.474678+00:00,6.14,signal,-1.4446,12.05,-14.06,2026-08-26T19:40:00+00:00,hist,2026-08-26T19:40:02.743053+00:00,6.11,signal,-1.9262,15.04,-18.75,2026-08-26T19:37:00+00:00,dot,2026-08-26T19:37:03.474678+00:00,6.14,signal,-1.4446,12.05,-14.06,2026-08-26T19:40:00+00:00,hist,2026-08-26T19:40:02.743053+00:00,6.11,signal,-1.9262,15.04,-18.75
2026-08-26,CDTG,2026-08-26T19:28:00+00:00,2026-08-26T19:28:02.563357+00:00,1.3,False,-0.7692,-0.7692,,session_close,2026-08-26T19:29:46.600261+00:00,1.27,session_close,-2.3077,1.73,,,session_close,2026-08-26T19:29:46.600261+00:00,1.27,session_close,-2.3077,1.73,,,none,2026-08-26T19:29:46.600261+00:00,1.27,session_close,-2.3077,1.73,,,none,2026-08-26T19:29:46.600261+00:00,1.27,session_close,-2.3077,1.73,,,none,2026-08-26T19:29:46.600261+00:00,1.27,session_close,-2.3077,1.73,,,none,2026-08-26T19:29:46.600261+00:00,1.27,session_close,-2.3077,1.73,
2026-08-26,YYGH,2026-08-26T19:36:00+00:00,2026-08-26T19:36:00.656146+00:00,1.99,True,7.0352,7.0352,,target,2026-08-26T19:57:24.741717+00:00,2.0895,target,5.0,21.4,71.07,,session_close,2026-08-26T19:59:59.984816+00:00,2.13,session_close,7.0352,23.99,100.0,2026-08-26T19:39:00+00:00,dot,2026-08-26T19:39:00.223242+00:00,1.96,signal,-1.5075,2.99,-21.43,,none,2026-08-26T19:59:59.984816+00:00,2.13,session_close,7.0352,23.99,100.0,2026-08-26T19:39:00+00:00,dot,2026-08-26T19:39:00.223242+00:00,1.96,signal,-1.5075,2.99,-21.43,,none,2026-08-26T19:59:59.984816+00:00,2.13,session_close,7.0352,23.99,100.0
2026-08-26,XPON,2026-08-26T19:52:00+00:00,2026-08-26T19:52:00.328400+00:00,8.77,True,6.9555,6.9555,,target,2026-08-26T19:57:24.787779+00:00,9.2085,target,5.0,5.41,71.89,,session_close,2026-08-26T19:59:59.535075+00:00,9.09,session_close,3.6488,7.99,52.46,,none,2026-08-26T19:59:59.535075+00:00,9.09,session_close,3.6488,7.99,52.46,,none,2026-08-26T19:59:59.535075+00:00,9.09,session_close,3.6488,7.99,52.46,,none,2026-08-26T19:59:59.535075+00:00,9.09,session_close,3.6488,7.99,52.46,,none,2026-08-26T19:59:59.535075+00:00,9.09,session_close,3.6488,7.99,52.46
2026-08-27,WNW,2026-08-27T12:04:00+00:00,2026-08-27T12:04:00.411794+00:00,3.4,False,0.8824,7.9412,,atr_sell,2026-08-27T12:31:00.349408+00:00,3.3,atr_sell,-2.9412,27.0,-37.04,,atr_sell,2026-08-27T12:31:00.349408+00:00,3.3,atr_sell,-2.9412,27.0,-37.04,2026-08-27T12:07:00+00:00,dot,2026-08-27T12:07:00.026507+00:00,3.35,signal,-1.4706,2.99,-18.52,2026-08-27T12:18:00+00:00,hist,2026-08-27T12:18:01.205398+00:00,3.32,signal,-2.3529,14.01,-29.63,2026-08-27T12:07:00+00:00,dot,2026-08-27T12:07:00.026507+00:00,3.35,signal,-1.4706,2.99,-18.52,2026-08-27T12:18:00+00:00,hist,2026-08-27T12:18:01.205398+00:00,3.32,signal,-2.3529,14.01,-29.63
2026-08-27,PPCB,2026-08-27T13:33:00+00:00,2026-08-27T13:33:00.996009+00:00,4.13,False,-0.2421,-0.2421,,hard_stop,2026-08-27T13:34:54.921623+00:00,3.71,hard_stop,-10.1695,1.9,,,atr_sell,2026-08-27T13:50:01.813611+00:00,3.31,atr_sell,-19.8547,17.01,,2026-08-27T13:35:00+00:00,dot,2026-08-27T13:35:00.128376+00:00,3.3,signal,-20.0969,1.99,,2026-08-27T13:36:00+00:00,hist,2026-08-27T13:36:00.132584+00:00,3.41,signal,-17.4334,2.99,,2026-08-27T13:35:00+00:00,dot,2026-08-27T13:35:00.128376+00:00,3.3,signal,-20.0969,1.99,,2026-08-27T13:36:00+00:00,hist,2026-08-27T13:36:00.132584+00:00,3.41,signal,-17.4334,2.99,
2026-08-27,PPCB,2026-08-27T15:00:00+00:00,2026-08-27T15:00:02.136566+00:00,2.84,False,3.169,3.169,,atr_sell,2026-08-27T15:39:00.337440+00:00,2.6,atr_sell,-8.4507,38.97,-266.67,,atr_sell,2026-08-27T15:39:00.337440+00:00,2.6,atr_sell,-8.4507,38.97,-266.67,2026-08-27T15:04:00+00:00,dot,2026-08-27T15:04:00.134016+00:00,2.68,signal,-5.6338,3.97,-177.78,2026-08-27T15:21:00+00:00,hist,2026-08-27T15:21:06.117289+00:00,2.8,signal,-1.4085,21.07,-44.44,2026-08-27T15:04:00+00:00,dot,2026-08-27T15:04:00.134016+00:00,2.68,signal,-5.6338,3.97,-177.78,2026-08-27T15:21:00+00:00,hist,2026-08-27T15:21:06.117289+00:00,2.8,signal,-1.4085,21.07,-44.44
2026-08-27,MIMI,2026-08-27T15:30:00+00:00,2026-08-27T15:30:00.254017+00:00,2.69,False,4.461,4.461,,atr_sell,2026-08-27T16:28:00.828572+00:00,2.61,atr_sell,-2.974,58.01,-66.67,,atr_sell,2026-08-27T16:28:00.828572+00:00,2.61,atr_sell,-2.974,58.01,-66.67,2026-08-27T15:36:00+00:00,dot,2026-08-27T15:36:00.009329+00:00,2.66,signal,-1.1152,6.0,-25.0,2026-08-27T15:43:00+00:00,hist,2026-08-27T15:43:05.203063+00:00,2.67,signal,-0.7435,13.08,-16.67,2026-08-27T15:36:00+00:00,dot,2026-08-27T15:36:00.009329+00:00,2.66,signal,-1.1152,6.0,-25.0,2026-08-27T15:43:00+00:00,hist,2026-08-27T15:43:05.203063+00:00,2.67,signal,-0.7435,13.08,-16.67
2026-08-27,CELU,2026-08-27T16:36:00+00:00,2026-08-27T16:36:00.198679+00:00,2.03,True,7.8818,13.3005,,target,2026-08-27T16:48:46.209073+00:00,2.1315,target,5.0,12.77,37.59,,atr_sell,2026-08-27T17:11:01.458300+00:00,1.97,atr_sell,-2.9557,35.02,-22.22,2026-08-27T16:44:00+00:00,dot,2026-08-27T16:44:00.337490+00:00,2.05,signal,0.9852,8.0,7.41,2026-08-27T16:55:00+00:00,hist,2026-08-27T16:55:00.357357+00:00,2.08,signal,2.4631,19.0,18.52,2026-08-27T16:44:00+00:00,dot,2026-08-27T16:44:00.337490+00:00,2.05,signal,0.9852,8.0,7.41,2026-08-27T16:55:00+00:00,hist,2026-08-27T16:55:00.357357+00:00,2.08,signal,2.4631,19.0,18.52
2026-08-27,MIMI,2026-08-27T16:59:00+00:00,2026-08-27T16:59:00.853025+00:00,2.66,True,5.2632,5.2632,,target,2026-08-27T17:58:16.722573+00:00,2.793,target,5.0,59.26,95.0,,session_close,2026-08-27T18:08:52.802150+00:00,2.17,session_close,-18.4211,69.87,-350.0,2026-08-27T17:04:00+00:00,dot,2026-08-27T17:04:02.300997+00:00,2.62,signal,-1.5038,5.02,-28.57,2026-08-27T17:13:00+00:00,hist,2026-08-27T17:13:03.821036+00:00,2.63,signal,-1.1278,14.05,-21.43,2026-08-27T17:04:00+00:00,dot,2026-08-27T17:04:02.300997+00:00,2.62,signal,-1.5038,5.02,-28.57,2026-08-27T17:13:00+00:00,hist,2026-08-27T17:13:03.821036+00:00,2.63,signal,-1.1278,14.05,-21.43
2026-08-27,PPCB,2026-08-27T17:53:00+00:00,2026-08-27T17:53:00.587918+00:00,2.14,False,3.7383,11.215,,atr_sell,2026-08-27T18:12:02.917772+00:00,2.07,atr_sell,-3.271,19.04,-29.17,,atr_sell,2026-08-27T18:12:02.917772+00:00,2.07,atr_sell,-3.271,19.04,-29.17,2026-08-27T17:57:00+00:00,dot,2026-08-27T17:57:00.553976+00:00,2.12,signal,-0.9346,4.0,-8.33,2026-08-27T18:09:00+00:00,hist,2026-08-27T18:09:01.649329+00:00,2.16,signal,0.9346,16.02,8.33,2026-08-27T17:57:00+00:00,dot,2026-08-27T17:57:00.553976+00:00,2.12,signal,-0.9346,4.0,-8.33,2026-08-27T18:09:00+00:00,hist,2026-08-27T18:09:01.649329+00:00,2.16,signal,0.9346,16.02,8.33
2026-08-27,CELU,2026-08-27T18:16:00+00:00,2026-08-27T18:16:00.063753+00:00,2.13,True,7.9812,7.9812,,target,2026-08-27T18:17:55.399479+00:00,2.2365,target,5.0,1.92,62.65,,atr_sell,2026-08-27T19:14:00.948426+00:00,1.98,atr_sell,-7.0423,58.01,-88.24,2026-08-27T18:23:00+00:00,dot,2026-08-27T18:23:00.059531+00:00,2.2,signal,3.2864,7.0,41.18,2026-08-27T18:27:00+00:00,hist,2026-08-27T18:27:00.191442+00:00,2.14,signal,0.4695,11.0,5.88,2026-08-27T18:23:00+00:00,dot,2026-08-27T18:23:00.059531+00:00,2.2,signal,3.2864,7.0,41.18,2026-08-27T18:27:00+00:00,hist,2026-08-27T18:27:00.191442+00:00,2.14,signal,0.4695,11.0,5.88
2026-08-27,PPCB,2026-08-27T18:16:00+00:00,2026-08-27T18:16:00.119097+00:00,2.22,False,1.3514,7.2072,,atr_sell,2026-08-27T18:59:02.797998+00:00,2.16,atr_sell,-2.7027,43.04,-37.5,,atr_sell,2026-08-27T18:59:02.797998+00:00,2.16,atr_sell,-2.7027,43.04,-37.5,2026-08-27T18:22:00+00:00,dot,2026-08-27T18:22:01.829600+00:00,2.14,signal,-3.6036,6.03,-50.0,2026-08-27T18:22:00+00:00,hist,2026-08-27T18:22:01.829600+00:00,2.14,signal,-3.6036,6.03,-50.0,2026-08-27T18:22:00+00:00,dot+hist,2026-08-27T18:22:01.829600+00:00,2.14,signal,-3.6036,6.03,-50.0,2026-08-27T18:22:00+00:00,dot+hist,2026-08-27T18:22:01.829600+00:00,2.14,signal,-3.6036,6.03,-50.0
2026-08-27,PPCB,2026-08-27T19:11:00+00:00,2026-08-27T19:11:00.057224+00:00,2.28,False,4.386,4.386,,session_close,2026-08-27T19:59:56.846981+00:00,2.23,session_close,-2.193,48.95,-50.0,,session_close,2026-08-27T19:59:56.846981+00:00,2.23,session_close,-2.193,48.95,-50.0,2026-08-27T19:16:00+00:00,dot,2026-08-27T19:16:00.941667+00:00,2.28,signal,0.0,5.01,0.0,2026-08-27T19:23:00+00:00,hist,2026-08-27T19:23:02.625475+00:00,2.22,signal,-2.6316,12.04,-60.0,2026-08-27T19:16:00+00:00,dot,2026-08-27T19:16:00.941667+00:00,2.28,signal,0.0,5.01,0.0,2026-08-27T19:23:00+00:00,hist,2026-08-27T19:23:02.625475+00:00,2.22,signal,-2.6316,12.04,-60.0
2026-08-27,CELU,2026-08-27T19:42:00+00:00,2026-08-27T19:42:01.334896+00:00,2.14,False,0.0,0.0,,session_close,2026-08-27T19:59:59.988836+00:00,2.09,session_close,-2.3364,17.98,,,session_close,2026-08-27T19:59:59.988836+00:00,2.09,session_close,-2.3364,17.98,,2026-08-27T19:44:00+00:00,dot,2026-08-27T19:44:00.198580+00:00,2.08,signal,-2.8037,1.98,,2026-08-27T19:51:00+00:00,hist,2026-08-27T19:51:00.389848+00:00,2.06,signal,-3.7383,8.98,,2026-08-27T19:44:00+00:00,dot,2026-08-27T19:44:00.198580+00:00,2.08,signal,-2.8037,1.98,,2026-08-27T19:51:00+00:00,hist,2026-08-27T19:51:00.389848+00:00,2.06,signal,-3.7383,8.98,
2026-08-28,QNRX,2026-08-28T12:45:00+00:00,2026-08-28T12:45:00.502982+00:00,7.15,True,15.1049,15.1049,,target,2026-08-28T13:30:19.552726+00:00,7.5075,target,5.0,45.32,33.1,,atr_sell,2026-08-28T18:05:31.480762+00:00,6.92,atr_sell,-3.2168,320.52,-21.3,2026-08-28T12:49:00+00:00,dot,2026-08-28T12:49:01.189090+00:00,6.98,signal,-2.3776,4.01,-15.74,2026-08-28T13:08:00+00:00,hist,2026-08-28T13:08:00.320436+00:00,6.98,signal,-2.3776,23.0,-15.74,2026-08-28T12:49:00+00:00,dot,2026-08-28T12:49:01.189090+00:00,6.98,signal,-2.3776,4.01,-15.74,2026-08-28T13:08:00+00:00,hist,2026-08-28T13:08:00.320436+00:00,6.98,signal,-2.3776,23.0,-15.74
2026-08-31,YDDL,2026-08-31T12:12:00+00:00,2026-08-31T12:12:00.048820+00:00,2.39,True,6.2762,9.6234,,target,2026-08-31T13:05:27.431572+00:00,2.5095,target,5.0,53.46,51.96,,atr_sell,2026-08-31T13:29:00.872757+00:00,2.38,atr_sell,-0.4184,77.01,-4.35,2026-08-31T12:15:00+00:00,dot,2026-08-31T12:15:00.253041+00:00,2.35,signal,-1.6736,3.0,-17.39,2026-08-31T12:28:00+00:00,hist,2026-08-31T12:28:02.990276+00:00,2.34,signal,-2.0921,16.05,-21.74,2026-08-31T12:15:00+00:00,dot,2026-08-31T12:15:00.253041+00:00,2.35,signal,-1.6736,3.0,-17.39,2026-08-31T12:28:00+00:00,hist,2026-08-31T12:28:02.990276+00:00,2.34,signal,-2.0921,16.05,-21.74
2026-08-31,AEHL,2026-08-31T12:19:00+00:00,2026-08-31T12:19:02.645065+00:00,6.07,True,26.6886,37.8913,,target,2026-08-31T12:45:58.824010+00:00,6.3735,target,5.0,26.94,13.2,,atr_sell,2026-08-31T13:42:00.106546+00:00,6.16,atr_sell,1.4827,82.96,3.91,2026-08-31T12:25:00+00:00,dot,2026-08-31T12:25:04.801791+00:00,6.02,signal,-0.8237,6.04,-2.17,2026-08-31T12:27:00+00:00,hist,2026-08-31T12:27:03.965961+00:00,5.98,signal,-1.4827,8.02,-3.91,2026-08-31T12:25:00+00:00,dot,2026-08-31T12:25:04.801791+00:00,6.02,signal,-0.8237,6.04,-2.17,2026-08-31T12:27:00+00:00,hist,2026-08-31T12:27:03.965961+00:00,5.98,signal,-1.4827,8.02,-3.91
2026-08-31,YDDL,2026-08-31T13:35:00+00:00,2026-08-31T13:35:00.171569+00:00,2.57,False,1.9455,1.9455,,hard_stop,2026-08-31T13:53:39.981724+00:00,2.31,hard_stop,-10.1167,18.66,-520.0,,atr_sell,2026-08-31T13:55:00.031882+00:00,2.23,atr_sell,-13.2296,20.0,-680.0,2026-08-31T13:47:00+00:00,dot,2026-08-31T13:47:00.356735+00:00,2.45,signal,-4.6693,12.0,-240.0,2026-08-31T13:38:00+00:00,hist,2026-08-31T13:38:01.052669+00:00,2.45,signal,-4.6693,3.01,-240.0,2026-08-31T13:38:00+00:00,hist,2026-08-31T13:38:01.052669+00:00,2.45,signal,-4.6693,3.01,-240.0,2026-08-31T13:47:00+00:00,dot,2026-08-31T13:47:00.356735+00:00,2.45,signal,-4.6693,12.0,-240.0
2026-08-31,AEHL,2026-08-31T14:32:00+00:00,2026-08-31T14:32:00.134395+00:00,6.38,False,2.1944,31.1912,,atr_sell,2026-08-31T15:07:00.509447+00:00,6.14,atr_sell,-3.7618,35.01,-12.06,,atr_sell,2026-08-31T15:07:00.509447+00:00,6.14,atr_sell,-3.7618,35.01,-12.06,2026-08-31T14:36:00+00:00,dot,2026-08-31T14:36:01.394987+00:00,6.22,signal,-2.5078,4.02,-8.04,2026-08-31T14:48:00+00:00,hist,2026-08-31T14:48:06.955289+00:00,6.24,signal,-2.1944,16.11,-7.04,2026-08-31T14:36:00+00:00,dot,2026-08-31T14:36:01.394987+00:00,6.22,signal,-2.5078,4.02,-8.04,2026-08-31T14:48:00+00:00,hist,2026-08-31T14:48:06.955289+00:00,6.24,signal,-2.1944,16.11,-7.04
2026-08-31,RDHL,2026-08-31T14:40:00+00:00,2026-08-31T14:40:02.694482+00:00,1.13,False,0.885,0.885,,atr_sell,2026-08-31T15:26:01.803059+00:00,1.07,atr_sell,-5.3097,45.99,-600.0,,atr_sell,2026-08-31T15:26:01.803059+00:00,1.07,atr_sell,-5.3097,45.99,-600.0,2026-08-31T14:43:00+00:00,dot,2026-08-31T14:43:01.619631+00:00,1.09,signal,-3.5398,2.98,-400.0,2026-08-31T14:46:00+00:00,hist,2026-08-31T14:46:05.629627+00:00,1.07,signal,-5.3097,6.05,-600.0,2026-08-31T14:43:00+00:00,dot,2026-08-31T14:43:01.619631+00:00,1.09,signal,-3.5398,2.98,-400.0,2026-08-31T14:46:00+00:00,hist,2026-08-31T14:46:05.629627+00:00,1.07,signal,-5.3097,6.05,-600.0
2026-08-31,AEHL,2026-08-31T15:23:00+00:00,2026-08-31T15:23:00.894675+00:00,6.46,True,29.5666,29.5666,,target,2026-08-31T15:35:16.277614+00:00,6.783,target,5.0,12.26,16.91,,atr_sell,2026-08-31T16:46:00.036894+00:00,6.84,atr_sell,5.8824,82.99,19.9,2026-08-31T15:26:00+00:00,dot,2026-08-31T15:26:03.984211+00:00,6.28,signal,-2.7864,3.05,-9.42,2026-08-31T15:46:00+00:00,hist,2026-08-31T15:46:00.450860+00:00,6.84,signal,5.8824,22.99,19.9,2026-08-31T15:26:00+00:00,dot,2026-08-31T15:26:03.984211+00:00,6.28,signal,-2.7864,3.05,-9.42,2026-08-31T15:46:00+00:00,hist,2026-08-31T15:46:00.450860+00:00,6.84,signal,5.8824,22.99,19.9
2026-08-31,WETO,2026-08-31T16:21:00+00:00,2026-08-31T16:21:00.121548+00:00,10.7,False,-1.6822,10.4673,,atr_sell,2026-08-31T16:32:00.515516+00:00,9.63,atr_sell,-10.0,11.01,-95.54,,atr_sell,2026-08-31T16:32:00.515516+00:00,9.63,atr_sell,-10.0,11.01,-95.54,2026-08-31T16:25:00+00:00,dot,2026-08-31T16:25:02.617621+00:00,10.15,signal,-5.1402,4.04,-49.11,2026-08-31T16:31:00+00:00,hist,2026-08-31T16:31:00.789928+00:00,9.81,signal,-8.3178,10.01,-79.46,2026-08-31T16:25:00+00:00,dot,2026-08-31T16:25:02.617621+00:00,10.15,signal,-5.1402,4.04,-49.11,2026-08-31T16:31:00+00:00,hist,2026-08-31T16:31:00.789928+00:00,9.81,signal,-8.3178,10.01,-79.46
2026-08-31,NCRA,2026-08-31T16:25:00+00:00,2026-08-31T16:25:00.397911+00:00,3.05,False,2.9508,3.6066,,hard_stop,2026-08-31T16:47:03.629023+00:00,2.74,hard_stop,-10.1639,22.05,-281.82,,atr_sell,2026-08-31T16:51:00.183851+00:00,2.75,atr_sell,-9.8361,26.0,-272.73,2026-08-31T16:26:00+00:00,dot,2026-08-31T16:26:00.035303+00:00,2.98,signal,-2.2951,0.99,-63.64,2026-08-31T16:28:00+00:00,hist,2026-08-31T16:28:00.060799+00:00,2.79,signal,-8.5246,2.99,-236.36,2026-08-31T16:26:00+00:00,dot,2026-08-31T16:26:00.035303+00:00,2.98,signal,-2.2951,0.99,-63.64,2026-08-31T16:28:00+00:00,hist,2026-08-31T16:28:00.060799+00:00,2.79,signal,-8.5246,2.99,-236.36
2026-08-31,WETO,2026-08-31T16:47:00+00:00,2026-08-31T16:47:00.029010+00:00,10.42,True,13.4357,13.4357,,target,2026-08-31T16:49:18.425814+00:00,10.941,target,5.0,2.31,37.21,,atr_sell,2026-08-31T17:25:03.781290+00:00,10.4,atr_sell,-0.1919,38.06,-1.43,2026-08-31T16:56:00+00:00,dot,2026-08-31T16:56:01.165695+00:00,11.34,signal,8.8292,9.02,65.71,2026-08-31T17:03:00+00:00,hist,2026-08-31T17:03:00.945192+00:00,11.0,signal,5.5662,16.02,41.43,2026-08-31T16:56:00+00:00,dot,2026-08-31T16:56:01.165695+00:00,11.34,signal,8.8292,9.02,65.71,2026-08-31T17:03:00+00:00,hist,2026-08-31T17:03:00.945192+00:00,11.0,signal,5.5662,16.02,41.43
2026-08-31,RDHL,2026-08-31T17:03:00+00:00,2026-08-31T17:03:00.466251+00:00,1.1,False,1.8182,1.8182,,atr_sell,2026-08-31T17:51:10.183809+00:00,1.03,atr_sell,-6.3636,48.16,-350.0,,atr_sell,2026-08-31T17:51:10.183809+00:00,1.03,atr_sell,-6.3636,48.16,-350.0,2026-08-31T17:08:00+00:00,dot,2026-08-31T17:08:03.422998+00:00,1.09,signal,-0.9091,5.05,-50.0,2026-08-31T17:11:00+00:00,hist,2026-08-31T17:11:10.075475+00:00,1.05,signal,-4.5455,8.16,-250.0,2026-08-31T17:08:00+00:00,dot,2026-08-31T17:08:03.422998+00:00,1.09,signal,-0.9091,5.05,-50.0,2026-08-31T17:11:00+00:00,hist,2026-08-31T17:11:10.075475+00:00,1.05,signal,-4.5455,8.16,-250.0
2026-08-31,AEHL,2026-08-31T18:15:00+00:00,2026-08-31T18:15:03.000092+00:00,6.34,True,8.3596,8.3596,,target,2026-08-31T18:27:26.913428+00:00,6.657,target,5.0,12.4,59.81,,atr_sell,2026-08-31T19:22:01.238074+00:00,6.27,atr_sell,-1.1041,66.97,-13.21,2026-08-31T18:20:00+00:00,dot,2026-08-31T18:20:00.544497+00:00,6.24,signal,-1.5773,4.96,-18.87,2026-08-31T18:36:00+00:00,hist,2026-08-31T18:36:01.254814+00:00,6.45,signal,1.735,20.97,20.75,2026-08-31T18:20:00+00:00,dot,2026-08-31T18:20:00.544497+00:00,6.24,signal,-1.5773,4.96,-18.87,2026-08-31T18:36:00+00:00,hist,2026-08-31T18:36:01.254814+00:00,6.45,signal,1.735,20.97,20.75
2026-08-31,NCRA,2026-08-31T18:36:00+00:00,2026-08-31T18:36:02.717829+00:00,2.99,False,2.6756,5.6856,,hard_stop,2026-08-31T18:49:10.333491+00:00,2.67,hard_stop,-10.7023,13.13,-188.24,,atr_sell,2026-08-31T18:50:00.782321+00:00,2.73,atr_sell,-8.6957,13.97,-152.94,2026-08-31T18:41:00+00:00,dot,2026-08-31T18:41:04.425761+00:00,2.95,signal,-1.3378,5.03,-23.53,2026-08-31T18:50:00+00:00,hist,2026-08-31T18:50:00.782321+00:00,2.73,signal,-8.6957,13.97,-152.94,2026-08-31T18:41:00+00:00,dot,2026-08-31T18:41:04.425761+00:00,2.95,signal,-1.3378,5.03,-23.53,2026-08-31T18:50:00+00:00,hist,2026-08-31T18:50:00.782321+00:00,2.73,signal,-8.6957,13.97,-152.94
2026-08-31,NCRA,2026-08-31T19:12:00+00:00,2026-08-31T19:12:02.357047+00:00,3.06,False,-0.3268,-0.3268,,hard_stop,2026-08-31T19:33:25.110464+00:00,2.75,hard_stop,-10.1307,21.38,,,atr_sell,2026-08-31T19:34:02.754265+00:00,2.73,atr_sell,-10.7843,22.01,,2026-08-31T19:16:00+00:00,dot,2026-08-31T19:16:02.212680+00:00,3.01,signal,-1.634,4.0,,2026-08-31T19:23:00+00:00,hist,2026-08-31T19:23:06.261736+00:00,2.99,signal,-2.2876,11.07,,2026-08-31T19:16:00+00:00,dot,2026-08-31T19:16:02.212680+00:00,3.01,signal,-1.634,4.0,,2026-08-31T19:23:00+00:00,hist,2026-08-31T19:23:06.261736+00:00,2.99,signal,-2.2876,11.07,
2026-08-31,YDDL,2026-08-31T19:40:00+00:00,2026-08-31T19:40:00.885075+00:00,2.28,False,0.4386,0.4386,,session_close,2026-08-31T19:59:59.705095+00:00,2.27,session_close,-0.4386,19.98,-100.0,,session_close,2026-08-31T19:59:59.705095+00:00,2.27,session_close,-0.4386,19.98,-100.0,2026-08-31T19:44:00+00:00,dot,2026-08-31T19:44:02.388537+00:00,2.26,signal,-0.8772,4.03,-200.0,2026-08-31T19:52:00+00:00,hist,2026-08-31T19:52:02.545111+00:00,2.24,signal,-1.7544,12.03,-400.0,2026-08-31T19:44:00+00:00,dot,2026-08-31T19:44:02.388537+00:00,2.26,signal,-0.8772,4.03,-200.0,2026-08-31T19:52:00+00:00,hist,2026-08-31T19:52:02.545111+00:00,2.24,signal,-1.7544,12.03,-400.0
2026-08-31,AEHL,2026-08-31T19:57:00+00:00,2026-08-31T19:57:00.065697+00:00,6.53,False,1.3783,1.3783,,session_close,2026-08-31T19:59:58.838670+00:00,6.46,session_close,-1.072,2.98,-77.78,,session_close,2026-08-31T19:59:58.838670+00:00,6.46,session_close,-1.072,2.98,-77.78,,none,2026-08-31T19:59:58.838670+00:00,6.46,session_close,-1.072,2.98,-77.78,,none,2026-08-31T19:59:58.838670+00:00,6.46,session_close,-1.072,2.98,-77.78,,none,2026-08-31T19:59:58.838670+00:00,6.46,session_close,-1.072,2.98,-77.78,,none,2026-08-31T19:59:58.838670+00:00,6.46,session_close,-1.072,2.98,-77.78
2026-08-31,NCRA,2026-08-31T19:57:00+00:00,2026-08-31T19:57:03.370460+00:00,2.89,False,2.7682,2.7682,,session_close,2026-08-31T19:59:59.034738+00:00,2.86,session_close,-1.0381,2.93,-37.5,,session_close,2026-08-31T19:59:59.034738+00:00,2.86,session_close,-1.0381,2.93,-37.5,2026-08-31T20:00:00+00:00,dot,2026-08-31T19:59:59.034738+00:00,2.86,session_close,-1.0381,2.93,-37.5,,none,2026-08-31T19:59:59.034738+00:00,2.86,session_close,-1.0381,2.93,-37.5,2026-08-31T20:00:00+00:00,dot,2026-08-31T19:59:59.034738+00:00,2.86,session_close,-1.0381,2.93,-37.5,,none,2026-08-31T19:59:59.034738+00:00,2.86,session_close,-1.0381,2.93,-37.5
2026-09-01,SSM,2026-09-01T12:52:00+00:00,2026-09-01T12:52:00.103711+00:00,3.8,False,2.3684,30.5263,,atr_sell,2026-09-01T13:31:00.338105+00:00,3.7,atr_sell,-2.6316,39.0,-8.62,,atr_sell,2026-09-01T13:31:00.338105+00:00,3.7,atr_sell,-2.6316,39.0,-8.62,2026-09-01T12:56:00+00:00,dot,2026-09-01T12:56:04.361663+00:00,3.78,signal,-0.5263,4.07,-1.72,2026-09-01T13:25:00+00:00,hist,2026-09-01T13:25:01.241270+00:00,3.8,signal,0.0,33.02,0.0,2026-09-01T12:56:00+00:00,dot,2026-09-01T12:56:04.361663+00:00,3.78,signal,-0.5263,4.07,-1.72,2026-09-01T13:25:00+00:00,hist,2026-09-01T13:25:01.241270+00:00,3.8,signal,0.0,33.02,0.0
2026-09-01,BIAF,2026-09-01T13:03:00+00:00,2026-09-01T13:03:00.041311+00:00,6.71,True,28.1669,28.1669,,target,2026-09-01T13:17:28.870904+00:00,7.0455,target,5.0,14.48,17.75,,atr_sell,2026-09-01T14:03:00.685935+00:00,6.65,atr_sell,-0.8942,60.01,-3.17,2026-09-01T13:04:00+00:00,dot,2026-09-01T13:04:00.001262+00:00,6.44,signal,-4.0238,1.0,-14.29,2026-09-01T13:16:00+00:00,hist,2026-09-01T13:16:00.056500+00:00,6.66,signal,-0.7452,13.0,-2.65,2026-09-01T13:04:00+00:00,dot,2026-09-01T13:04:00.001262+00:00,6.44,signal,-4.0238,1.0,-14.29,2026-09-01T13:16:00+00:00,hist,2026-09-01T13:16:00.056500+00:00,6.66,signal,-0.7452,13.0,-2.65
2026-09-01,SSM,2026-09-01T13:38:00+00:00,2026-09-01T13:38:00.013530+00:00,4.0,True,9.75,24.0,,target,2026-09-01T13:39:34.342909+00:00,4.2,target,5.0,1.57,20.83,,atr_sell,2026-09-01T13:55:00.019950+00:00,3.71,atr_sell,-7.25,17.0,-30.21,2026-09-01T13:50:00+00:00,dot,2026-09-01T13:50:00.841592+00:00,4.23,signal,5.75,12.01,23.96,2026-09-01T13:52:00+00:00,hist,2026-09-01T13:52:00.034452+00:00,3.82,signal,-4.5,14.0,-18.75,2026-09-01T13:50:00+00:00,dot,2026-09-01T13:50:00.841592+00:00,4.23,signal,5.75,12.01,23.96,2026-09-01T13:52:00+00:00,hist,2026-09-01T13:52:00.034452+00:00,3.82,signal,-4.5,14.0,-18.75
2026-09-01,SSM,2026-09-01T14:44:00+00:00,2026-09-01T14:44:00.349362+00:00,4.09,False,1.956,21.2714,,atr_sell,2026-09-01T14:49:00.637934+00:00,3.86,atr_sell,-5.6235,5.0,-26.44,,atr_sell,2026-09-01T14:49:00.637934+00:00,3.86,atr_sell,-5.6235,5.0,-26.44,2026-09-01T14:47:00+00:00,dot,2026-09-01T14:47:00.670830+00:00,4.01,signal,-1.956,3.01,-9.2,2026-09-01T14:49:00+00:00,hist,2026-09-01T14:49:00.637934+00:00,3.86,signal,-5.6235,5.0,-26.44,2026-09-01T14:47:00+00:00,dot,2026-09-01T14:47:00.670830+00:00,4.01,signal,-1.956,3.01,-9.2,2026-09-01T14:49:00+00:00,hist,2026-09-01T14:49:00.637934+00:00,3.86,signal,-5.6235,5.0,-26.44
2026-09-01,SSM,2026-09-01T15:27:00+00:00,2026-09-01T15:27:02.246693+00:00,3.92,True,5.6122,26.5306,,target,2026-09-01T15:57:56.104092+00:00,4.116,target,5.0,30.9,18.85,,atr_sell,2026-09-01T16:46:02.465279+00:00,3.9,atr_sell,-0.5102,79.0,-1.92,2026-09-01T15:32:00+00:00,dot,2026-09-01T15:32:02.321732+00:00,3.89,signal,-0.7653,5.0,-2.88,2026-09-01T15:50:00+00:00,hist,2026-09-01T15:50:32.615974+00:00,3.92,signal,0.0,23.51,0.0,2026-09-01T15:32:00+00:00,dot,2026-09-01T15:32:02.321732+00:00,3.89,signal,-0.7653,5.0,-2.88,2026-09-01T15:50:00+00:00,hist,2026-09-01T15:50:32.615974+00:00,3.92,signal,0.0,23.51,0.0
2026-09-01,BIAF,2026-09-01T15:32:00+00:00,2026-09-01T15:32:00.033934+00:00,6.6,True,7.8788,7.8788,,target,2026-09-01T15:40:30.263391+00:00,6.93,target,5.0,8.5,63.46,,atr_sell,2026-09-01T15:53:00.548719+00:00,6.4,atr_sell,-3.0303,21.01,-38.46,2026-09-01T15:36:00+00:00,dot,2026-09-01T15:36:00.228655+00:00,6.59,signal,-0.1515,4.0,-1.92,2026-09-01T15:46:00+00:00,hist,2026-09-01T15:46:02.659817+00:00,6.7,signal,1.5152,14.04,19.23,2026-09-01T15:36:00+00:00,dot,2026-09-01T15:36:00.228655+00:00,6.59,signal,-0.1515,4.0,-1.92,2026-09-01T15:46:00+00:00,hist,2026-09-01T15:46:02.659817+00:00,6.7,signal,1.5152,14.04,19.23
2026-09-01,FLYE,2026-09-01T15:38:00+00:00,2026-09-01T15:38:00.465272+00:00,1.89,True,22.2222,28.5714,,target,2026-09-01T16:08:06.653482+00:00,1.9845,target,5.0,30.1,17.5,,atr_sell,2026-09-01T16:53:00.006092+00:00,2.0,atr_sell,5.8201,74.99,20.37,2026-09-01T15:44:00+00:00,dot,2026-09-01T15:44:01.070985+00:00,1.85,signal,-2.1164,6.01,-7.41,2026-09-01T15:49:00+00:00,hist,2026-09-01T15:49:04.220283+00:00,1.85,signal,-2.1164,11.06,-7.41,2026-09-01T15:44:00+00:00,dot,2026-09-01T15:44:01.070985+00:00,1.85,signal,-2.1164,6.01,-7.41,2026-09-01T15:49:00+00:00,hist,2026-09-01T15:49:04.220283+00:00,1.85,signal,-2.1164,11.06,-7.41
2026-09-01,BIAF,2026-09-01T16:43:00+00:00,2026-09-01T16:43:00.089111+00:00,6.59,True,6.9803,6.9803,,target,2026-09-01T17:32:16.858957+00:00,6.9195,target,5.0,49.28,71.63,,atr_sell,2026-09-01T17:53:00.918622+00:00,6.51,atr_sell,-1.214,70.01,-17.39,2026-09-01T16:51:00+00:00,dot,2026-09-01T16:51:01.944280+00:00,6.52,signal,-1.0622,8.03,-15.22,2026-09-01T16:53:00+00:00,hist,2026-09-01T16:53:00.752572+00:00,6.44,signal,-2.2762,10.01,-32.61,2026-09-01T16:51:00+00:00,dot,2026-09-01T16:51:01.944280+00:00,6.52,signal,-1.0622,8.03,-15.22,2026-09-01T16:53:00+00:00,hist,2026-09-01T16:53:00.752572+00:00,6.44,signal,-2.2762,10.01,-32.61
2026-09-01,SSM,2026-09-01T17:38:00+00:00,2026-09-01T17:38:08.983953+00:00,4.03,False,0.0,23.0769,,atr_sell,2026-09-01T17:55:05.504969+00:00,3.9,atr_sell,-3.2258,16.94,-13.98,,atr_sell,2026-09-01T17:55:05.504969+00:00,3.9,atr_sell,-3.2258,16.94,-13.98,2026-09-01T17:43:00+00:00,dot,2026-09-01T17:43:02.161720+00:00,3.97,signal,-1.4888,4.89,-6.45,2026-09-01T17:44:00+00:00,hist,2026-09-01T17:44:02.727860+00:00,3.97,signal,-1.4888,5.9,-6.45,2026-09-01T17:43:00+00:00,dot,2026-09-01T17:43:02.161720+00:00,3.97,signal,-1.4888,4.89,-6.45,2026-09-01T17:44:00+00:00,hist,2026-09-01T17:44:02.727860+00:00,3.97,signal,-1.4888,5.9,-6.45
2026-09-01,RDAC,2026-09-01T17:47:00+00:00,2026-09-01T17:47:00.019615+00:00,6.41,True,8.1123,8.1123,,target,2026-09-01T17:48:41.789069+00:00,6.7305,target,5.0,1.7,61.63,,atr_sell,2026-09-01T18:52:03.278703+00:00,6.15,atr_sell,-4.0562,65.05,-50.0,2026-09-01T17:52:00+00:00,dot,2026-09-01T17:52:10.241247+00:00,6.45,signal,0.624,5.17,7.69,2026-09-01T18:02:00+00:00,hist,2026-09-01T18:02:07.486549+00:00,6.5,signal,1.4041,15.12,17.31,2026-09-01T17:52:00+00:00,dot,2026-09-01T17:52:10.241247+00:00,6.45,signal,0.624,5.17,7.69,2026-09-01T18:02:00+00:00,hist,2026-09-01T18:02:07.486549+00:00,6.5,signal,1.4041,15.12,17.31
2026-09-01,FLYE,2026-09-01T17:49:00+00:00,2026-09-01T17:49:01.716091+00:00,2.06,True,17.9612,17.9612,,target,2026-09-01T18:11:06.111811+00:00,2.163,target,5.0,22.07,27.84,,atr_sell,2026-09-01T19:18:00.058951+00:00,2.2,atr_sell,6.7961,88.97,37.84,2026-09-01T17:54:00+00:00,dot,2026-09-01T17:54:10.185320+00:00,2.03,signal,-1.4563,5.14,-8.11,2026-09-01T18:09:00+00:00,hist,2026-09-01T18:09:01.214666+00:00,2.09,signal,1.4563,19.99,8.11,2026-09-01T17:54:00+00:00,dot,2026-09-01T17:54:10.185320+00:00,2.03,signal,-1.4563,5.14,-8.11,2026-09-01T18:09:00+00:00,hist,2026-09-01T18:09:01.214666+00:00,2.09,signal,1.4563,19.99,8.11
2026-09-01,SSM,2026-09-01T18:32:00+00:00,2026-09-01T18:32:09.909305+00:00,3.97,True,24.937,24.937,,target,2026-09-01T19:12:22.055353+00:00,4.1685,target,5.0,40.2,20.05,,session_close,2026-09-01T19:59:59.377200+00:00,4.74,session_close,19.3955,87.82,77.78,2026-09-01T18:36:00+00:00,dot,2026-09-01T18:36:01.401928+00:00,3.93,signal,-1.0076,3.86,-4.04,2026-09-01T18:39:00+00:00,hist,2026-09-01T18:39:05.559069+00:00,3.93,signal,-1.0076,6.93,-4.04,2026-09-01T18:36:00+00:00,dot,2026-09-01T18:36:01.401928+00:00,3.93,signal,-1.0076,3.86,-4.04,2026-09-01T18:39:00+00:00,hist,2026-09-01T18:39:05.559069+00:00,3.93,signal,-1.0076,6.93,-4.04
2026-09-01,BIAF,2026-09-01T18:50:00+00:00,2026-09-01T18:50:01.023077+00:00,6.84,False,1.0234,1.0234,,atr_sell,2026-09-01T19:55:03.180469+00:00,6.53,atr_sell,-4.5322,65.04,-442.86,,atr_sell,2026-09-01T19:55:03.180469+00:00,6.53,atr_sell,-4.5322,65.04,-442.86,2026-09-01T18:53:00+00:00,dot,2026-09-01T18:53:08.934543+00:00,6.62,signal,-3.2164,3.13,-314.29,2026-09-01T19:05:00+00:00,hist,2026-09-01T19:05:12.997170+00:00,6.61,signal,-3.3626,15.2,-328.57,2026-09-01T18:53:00+00:00,dot,2026-09-01T18:53:08.934543+00:00,6.62,signal,-3.2164,3.13,-314.29,2026-09-01T19:05:00+00:00,hist,2026-09-01T19:05:12.997170+00:00,6.61,signal,-3.3626,15.2,-328.57
2026-09-01,RDAC,2026-09-01T19:06:00+00:00,2026-09-01T19:06:00.703983+00:00,6.58,False,3.9514,3.9514,,session_close,2026-09-01T19:59:56.444847+00:00,6.55,session_close,-0.4559,53.93,-11.54,,session_close,2026-09-01T19:59:56.444847+00:00,6.55,session_close,-0.4559,53.93,-11.54,2026-09-01T19:10:00+00:00,dot,2026-09-01T19:10:03.533887+00:00,6.36,signal,-3.3435,4.05,-84.62,2026-09-01T19:24:00+00:00,hist,2026-09-01T19:24:10.133277+00:00,6.4,signal,-2.7356,18.16,-69.23,2026-09-01T19:10:00+00:00,dot,2026-09-01T19:10:03.533887+00:00,6.36,signal,-3.3435,4.05,-84.62,2026-09-01T19:24:00+00:00,hist,2026-09-01T19:24:10.133277+00:00,6.4,signal,-2.7356,18.16,-69.23
