session_day_et,split,symbol,buy_signal_ts,entry_ts,reached_5,target_pct,exit_reason,exit_ts,return_pct,natural_max_up_pct,ran_past_target,available_upside_capped_pct
2026-08-24,build,BTCT,2026-08-24T13:27:00+00:00,2026-08-24T13:27:00.003525+00:00,False,2.0,hard_stop,2026-08-24T13:31:31.114720+00:00,-8.284023668639051,-0.5917,False,0.0
2026-08-24,build,BTCT,2026-08-24T13:27:00+00:00,2026-08-24T13:27:00.003525+00:00,False,3.0,hard_stop,2026-08-24T13:31:31.114720+00:00,-8.284023668639051,-0.5917,False,0.0
2026-08-24,build,BTCT,2026-08-24T13:27:00+00:00,2026-08-24T13:27:00.003525+00:00,False,4.0,hard_stop,2026-08-24T13:31:31.114720+00:00,-8.284023668639051,-0.5917,False,0.0
2026-08-24,build,BTCT,2026-08-24T13:55:00+00:00,2026-08-24T13:55:00.494736+00:00,True,2.0,target,2026-08-24T14:02:04.623324+00:00,2.0,68.0982,True,66.0982
2026-08-24,build,BTCT,2026-08-24T13:55:00+00:00,2026-08-24T13:55:00.494736+00:00,True,3.0,target,2026-08-24T14:03:14.327633+00:00,3.0,68.0982,True,65.0982
2026-08-24,build,BTCT,2026-08-24T13:55:00+00:00,2026-08-24T13:55:00.494736+00:00,True,4.0,target,2026-08-24T14:03:14.360305+00:00,4.0,68.0982,True,64.0982
2026-08-24,build,BTCT,2026-08-24T15:28:00+00:00,2026-08-24T15:28:00.598358+00:00,False,2.0,hard_stop,2026-08-24T15:33:48.551729+00:00,-8.403361344537807,-0.4202,False,0.0
2026-08-24,build,BTCT,2026-08-24T15:28:00+00:00,2026-08-24T15:28:00.598358+00:00,False,3.0,hard_stop,2026-08-24T15:33:48.551729+00:00,-8.403361344537807,-0.4202,False,0.0
2026-08-24,build,BTCT,2026-08-24T15:28:00+00:00,2026-08-24T15:28:00.598358+00:00,False,4.0,hard_stop,2026-08-24T15:33:48.551729+00:00,-8.403361344537807,-0.4202,False,0.0
2026-08-24,build,BTCT,2026-08-24T16:06:00+00:00,2026-08-24T16:06:00.301511+00:00,False,2.0,target,2026-08-24T16:06:19.474699+00:00,2.0,4.7619,True,2.7619
2026-08-24,build,BTCT,2026-08-24T16:06:00+00:00,2026-08-24T16:06:00.301511+00:00,False,3.0,target,2026-08-24T16:06:26.292364+00:00,3.0,4.7619,True,1.7618999999999998
2026-08-24,build,BTCT,2026-08-24T16:06:00+00:00,2026-08-24T16:06:00.301511+00:00,False,4.0,target,2026-08-24T16:06:26.310182+00:00,4.0,4.7619,True,0.7618999999999998
2026-08-24,build,BTCT,2026-08-24T17:29:00+00:00,2026-08-24T17:29:00.001103+00:00,True,2.0,target,2026-08-24T17:44:40.672397+00:00,2.0,5.2632,True,3.2632000000000003
2026-08-24,build,BTCT,2026-08-24T17:29:00+00:00,2026-08-24T17:29:00.001103+00:00,True,3.0,target,2026-08-24T17:44:57.253947+00:00,3.0,5.2632,True,2.2632000000000003
2026-08-24,build,BTCT,2026-08-24T17:29:00+00:00,2026-08-24T17:29:00.001103+00:00,True,4.0,target,2026-08-24T17:45:10.114679+00:00,4.0,5.2632,True,1.2632000000000003
2026-08-24,build,BTCT,2026-08-24T18:48:00+00:00,2026-08-24T18:48:04.154702+00:00,False,2.0,atr_sell_or_close,2026-08-24T19:23:01.749815+00:00,-6.6667,0.5128,False,0.0
2026-08-24,build,BTCT,2026-08-24T18:48:00+00:00,2026-08-24T18:48:04.154702+00:00,False,3.0,atr_sell_or_close,2026-08-24T19:23:01.749815+00:00,-6.6667,0.5128,False,0.0
2026-08-24,build,BTCT,2026-08-24T18:48:00+00:00,2026-08-24T18:48:04.154702+00:00,False,4.0,atr_sell_or_close,2026-08-24T19:23:01.749815+00:00,-6.6667,0.5128,False,0.0
2026-08-24,build,BTCT,2026-08-24T19:47:00+00:00,2026-08-24T19:47:00.061639+00:00,False,2.0,atr_sell_or_close,2026-08-24T19:57:00.139681+00:00,-3.7433,-0.5348,False,0.0
2026-08-24,build,BTCT,2026-08-24T19:47:00+00:00,2026-08-24T19:47:00.061639+00:00,False,3.0,atr_sell_or_close,2026-08-24T19:57:00.139681+00:00,-3.7433,-0.5348,False,0.0
2026-08-24,build,BTCT,2026-08-24T19:47:00+00:00,2026-08-24T19:47:00.061639+00:00,False,4.0,atr_sell_or_close,2026-08-24T19:57:00.139681+00:00,-3.7433,-0.5348,False,0.0
2026-08-24,build,DAIC,2026-08-24T15:55:00+00:00,2026-08-24T15:55:00.214528+00:00,True,2.0,target,2026-08-24T15:55:19.056315+00:00,2.0,18.4211,True,16.4211
2026-08-24,build,DAIC,2026-08-24T15:55:00+00:00,2026-08-24T15:55:00.214528+00:00,True,3.0,target,2026-08-24T15:55:31.749927+00:00,3.0,18.4211,True,15.4211
2026-08-24,build,DAIC,2026-08-24T15:55:00+00:00,2026-08-24T15:55:00.214528+00:00,True,4.0,target,2026-08-24T15:55:47.273376+00:00,4.0,18.4211,True,14.4211
2026-08-24,build,DAIC,2026-08-24T16:57:00+00:00,2026-08-24T16:57:00.261108+00:00,True,2.0,target,2026-08-24T16:57:40.349336+00:00,2.0,18.9394,True,16.9394
2026-08-24,build,DAIC,2026-08-24T16:57:00+00:00,2026-08-24T16:57:00.261108+00:00,True,3.0,target,2026-08-24T16:57:40.349336+00:00,3.0,18.9394,True,15.9394
2026-08-24,build,DAIC,2026-08-24T16:57:00+00:00,2026-08-24T16:57:00.261108+00:00,True,4.0,target,2026-08-24T17:02:20.162231+00:00,4.0,18.9394,True,14.9394
2026-08-24,build,LUCY,2026-08-24T18:51:00+00:00,2026-08-24T18:51:00.619173+00:00,False,2.0,atr_sell_or_close,2026-08-24T19:12:00.091891+00:00,-5.4545,-0.9091,False,0.0
2026-08-24,build,LUCY,2026-08-24T18:51:00+00:00,2026-08-24T18:51:00.619173+00:00,False,3.0,atr_sell_or_close,2026-08-24T19:12:00.091891+00:00,-5.4545,-0.9091,False,0.0
2026-08-24,build,LUCY,2026-08-24T18:51:00+00:00,2026-08-24T18:51:00.619173+00:00,False,4.0,atr_sell_or_close,2026-08-24T19:12:00.091891+00:00,-5.4545,-0.9091,False,0.0
2026-08-24,build,LUCY,2026-08-24T19:20:00+00:00,2026-08-24T19:20:00.988445+00:00,False,2.0,atr_sell_or_close,2026-08-24T19:39:05.663730+00:00,-5.4054,-0.9009,False,0.0
2026-08-24,build,LUCY,2026-08-24T19:20:00+00:00,2026-08-24T19:20:00.988445+00:00,False,3.0,atr_sell_or_close,2026-08-24T19:39:05.663730+00:00,-5.4054,-0.9009,False,0.0
2026-08-24,build,LUCY,2026-08-24T19:20:00+00:00,2026-08-24T19:20:00.988445+00:00,False,4.0,atr_sell_or_close,2026-08-24T19:39:05.663730+00:00,-5.4054,-0.9009,False,0.0
2026-08-24,build,LUCY,2026-08-24T19:56:00+00:00,2026-08-24T19:56:00.913644+00:00,False,2.0,atr_sell_or_close,2026-08-24T19:59:58.617783+00:00,-3.5398,-0.885,False,0.0
2026-08-24,build,LUCY,2026-08-24T19:56:00+00:00,2026-08-24T19:56:00.913644+00:00,False,3.0,atr_sell_or_close,2026-08-24T19:59:58.617783+00:00,-3.5398,-0.885,False,0.0
2026-08-24,build,LUCY,2026-08-24T19:56:00+00:00,2026-08-24T19:56:00.913644+00:00,False,4.0,atr_sell_or_close,2026-08-24T19:59:58.617783+00:00,-3.5398,-0.885,False,0.0
2026-08-24,build,PMI,2026-08-24T11:34:00+00:00,2026-08-24T11:34:00.855962+00:00,False,2.0,atr_sell_or_close,2026-08-24T11:46:02.625481+00:00,-1.6018,0.2288,False,0.0
2026-08-24,build,PMI,2026-08-24T11:34:00+00:00,2026-08-24T11:34:00.855962+00:00,False,3.0,atr_sell_or_close,2026-08-24T11:46:02.625481+00:00,-1.6018,0.2288,False,0.0
2026-08-24,build,PMI,2026-08-24T11:34:00+00:00,2026-08-24T11:34:00.855962+00:00,False,4.0,atr_sell_or_close,2026-08-24T11:46:02.625481+00:00,-1.6018,0.2288,False,0.0
2026-08-24,build,PMI,2026-08-24T12:02:00+00:00,2026-08-24T12:02:02.082785+00:00,False,2.0,target,2026-08-24T12:12:19.852708+00:00,2.0,2.3041,True,0.30410000000000004
2026-08-24,build,PMI,2026-08-24T12:02:00+00:00,2026-08-24T12:02:02.082785+00:00,False,3.0,atr_sell_or_close,2026-08-24T12:36:00.520171+00:00,-0.9217,2.3041,False,0.0
2026-08-24,build,PMI,2026-08-24T12:02:00+00:00,2026-08-24T12:02:02.082785+00:00,False,4.0,atr_sell_or_close,2026-08-24T12:36:00.520171+00:00,-0.9217,2.3041,False,0.0
2026-08-24,build,PMI,2026-08-24T12:50:00+00:00,2026-08-24T12:50:03.990114+00:00,False,2.0,atr_sell_or_close,2026-08-24T12:56:00.201973+00:00,-1.8519,0.2315,False,0.0
2026-08-24,build,PMI,2026-08-24T12:50:00+00:00,2026-08-24T12:50:03.990114+00:00,False,3.0,atr_sell_or_close,2026-08-24T12:56:00.201973+00:00,-1.8519,0.2315,False,0.0
2026-08-24,build,PMI,2026-08-24T12:50:00+00:00,2026-08-24T12:50:03.990114+00:00,False,4.0,atr_sell_or_close,2026-08-24T12:56:00.201973+00:00,-1.8519,0.2315,False,0.0
2026-08-24,build,PMI,2026-08-24T13:17:00+00:00,2026-08-24T13:17:00.592729+00:00,False,2.0,target,2026-08-24T13:24:27.625322+00:00,2.0,4.1096,True,2.1096000000000004
2026-08-24,build,PMI,2026-08-24T13:17:00+00:00,2026-08-24T13:17:00.592729+00:00,False,3.0,target,2026-08-24T13:26:09.936902+00:00,3.0,4.1096,True,1.1096000000000004
2026-08-24,build,PMI,2026-08-24T13:17:00+00:00,2026-08-24T13:17:00.592729+00:00,False,4.0,target,2026-08-24T13:28:03.581727+00:00,4.0,4.1096,True,0.10960000000000036
2026-08-24,build,PMI,2026-08-24T15:58:00+00:00,2026-08-24T15:58:00.551569+00:00,True,2.0,target,2026-08-24T16:24:40.376632+00:00,2.0,12.4138,True,10.4138
2026-08-24,build,PMI,2026-08-24T15:58:00+00:00,2026-08-24T15:58:00.551569+00:00,True,3.0,target,2026-08-24T16:25:11.883039+00:00,3.0,12.4138,True,9.4138
2026-08-24,build,PMI,2026-08-24T15:58:00+00:00,2026-08-24T15:58:00.551569+00:00,True,4.0,target,2026-08-24T16:25:35.727122+00:00,4.0,12.4138,True,8.4138
2026-08-24,build,PMI,2026-08-24T17:42:00+00:00,2026-08-24T17:42:00.137546+00:00,False,2.0,atr_sell_or_close,2026-08-24T17:58:00.075759+00:00,-3.4557,-0.216,False,0.0
2026-08-24,build,PMI,2026-08-24T17:42:00+00:00,2026-08-24T17:42:00.137546+00:00,False,3.0,atr_sell_or_close,2026-08-24T17:58:00.075759+00:00,-3.4557,-0.216,False,0.0
2026-08-24,build,PMI,2026-08-24T17:42:00+00:00,2026-08-24T17:42:00.137546+00:00,False,4.0,atr_sell_or_close,2026-08-24T17:58:00.075759+00:00,-3.4557,-0.216,False,0.0
2026-08-24,build,PMI,2026-08-24T18:17:00+00:00,2026-08-24T18:17:00.122862+00:00,False,2.0,atr_sell_or_close,2026-08-24T18:34:00.216630+00:00,-1.1086,0.2217,False,0.0
2026-08-24,build,PMI,2026-08-24T18:17:00+00:00,2026-08-24T18:17:00.122862+00:00,False,3.0,atr_sell_or_close,2026-08-24T18:34:00.216630+00:00,-1.1086,0.2217,False,0.0
2026-08-24,build,PMI,2026-08-24T18:17:00+00:00,2026-08-24T18:17:00.122862+00:00,False,4.0,atr_sell_or_close,2026-08-24T18:34:00.216630+00:00,-1.1086,0.2217,False,0.0
2026-08-24,build,PMI,2026-08-24T18:43:00+00:00,2026-08-24T18:43:00.203558+00:00,False,2.0,atr_sell_or_close,2026-08-24T18:59:00.229406+00:00,-3.0303,-0.4329,False,0.0
2026-08-24,build,PMI,2026-08-24T18:43:00+00:00,2026-08-24T18:43:00.203558+00:00,False,3.0,atr_sell_or_close,2026-08-24T18:59:00.229406+00:00,-3.0303,-0.4329,False,0.0
2026-08-24,build,PMI,2026-08-24T18:43:00+00:00,2026-08-24T18:43:00.203558+00:00,False,4.0,atr_sell_or_close,2026-08-24T18:59:00.229406+00:00,-3.0303,-0.4329,False,0.0
2026-08-24,build,PMI,2026-08-24T19:14:00+00:00,2026-08-24T19:14:00.205665+00:00,True,2.0,target,2026-08-24T19:19:08.176259+00:00,2.0,12.6068,True,10.6068
2026-08-24,build,PMI,2026-08-24T19:14:00+00:00,2026-08-24T19:14:00.205665+00:00,True,3.0,target,2026-08-24T19:20:50.444898+00:00,3.0,12.6068,True,9.6068
2026-08-24,build,PMI,2026-08-24T19:14:00+00:00,2026-08-24T19:14:00.205665+00:00,True,4.0,target,2026-08-24T19:49:45.447309+00:00,4.0,12.6068,True,8.6068
2026-08-24,build,XPON,2026-08-24T13:34:00+00:00,2026-08-24T13:34:00.057978+00:00,False,2.0,hard_stop,2026-08-24T13:34:36.301790+00:00,-8.11428571428573,1.2571,False,0.0
2026-08-24,build,XPON,2026-08-24T13:34:00+00:00,2026-08-24T13:34:00.057978+00:00,False,3.0,hard_stop,2026-08-24T13:34:36.301790+00:00,-8.11428571428573,1.2571,False,0.0
2026-08-24,build,XPON,2026-08-24T13:34:00+00:00,2026-08-24T13:34:00.057978+00:00,False,4.0,hard_stop,2026-08-24T13:34:36.301790+00:00,-8.11428571428573,1.2571,False,0.0
2026-08-24,build,XPON,2026-08-24T14:56:00+00:00,2026-08-24T14:56:00.226711+00:00,True,2.0,target,2026-08-24T15:05:10.360200+00:00,2.0,28.6908,True,26.6908
2026-08-24,build,XPON,2026-08-24T14:56:00+00:00,2026-08-24T14:56:00.226711+00:00,True,3.0,target,2026-08-24T15:07:53.528006+00:00,3.0,28.6908,True,25.6908
2026-08-24,build,XPON,2026-08-24T14:56:00+00:00,2026-08-24T14:56:00.226711+00:00,True,4.0,target,2026-08-24T15:07:54.169930+00:00,4.0,28.6908,True,24.6908
2026-08-24,build,XPON,2026-08-24T17:32:00+00:00,2026-08-24T17:32:00.617511+00:00,False,2.0,target,2026-08-24T17:33:38.735614+00:00,2.0,3.8781,True,1.8780999999999999
2026-08-24,build,XPON,2026-08-24T17:32:00+00:00,2026-08-24T17:32:00.617511+00:00,False,3.0,target,2026-08-24T17:33:55.815631+00:00,3.0,3.8781,True,0.8780999999999999
2026-08-24,build,XPON,2026-08-24T17:32:00+00:00,2026-08-24T17:32:00.617511+00:00,False,4.0,atr_sell_or_close,2026-08-24T18:19:00.208814+00:00,-3.8781,3.8781,False,0.0
2026-08-24,build,XPON,2026-08-24T18:52:00+00:00,2026-08-24T18:52:00.470706+00:00,True,2.0,target,2026-08-24T18:53:29.119782+00:00,2.0,7.973,True,5.973
2026-08-24,build,XPON,2026-08-24T18:52:00+00:00,2026-08-24T18:52:00.470706+00:00,True,3.0,target,2026-08-24T18:53:29.204102+00:00,3.0,7.973,True,4.973
2026-08-24,build,XPON,2026-08-24T18:52:00+00:00,2026-08-24T18:52:00.470706+00:00,True,4.0,target,2026-08-24T18:53:29.663182+00:00,4.0,7.973,True,3.973
2026-08-25,build,AIXI,2026-08-25T16:24:00+00:00,2026-08-25T16:24:00.285366+00:00,True,2.0,target,2026-08-25T16:29:28.501750+00:00,2.0,15.5172,True,13.5172
2026-08-25,build,AIXI,2026-08-25T16:24:00+00:00,2026-08-25T16:24:00.285366+00:00,True,3.0,target,2026-08-25T16:29:30.981119+00:00,3.0,15.5172,True,12.5172
2026-08-25,build,AIXI,2026-08-25T16:24:00+00:00,2026-08-25T16:24:00.285366+00:00,True,4.0,target,2026-08-25T16:29:53.732653+00:00,4.0,15.5172,True,11.5172
2026-08-25,build,AIXI,2026-08-25T17:36:00+00:00,2026-08-25T17:36:01.808671+00:00,False,2.0,target,2026-08-25T17:37:51.217727+00:00,2.0,2.4,True,0.3999999999999999
2026-08-25,build,AIXI,2026-08-25T17:36:00+00:00,2026-08-25T17:36:01.808671+00:00,False,3.0,hard_stop,2026-08-25T17:53:09.476232+00:00,-8.000000000000007,2.4,False,0.0
2026-08-25,build,AIXI,2026-08-25T17:36:00+00:00,2026-08-25T17:36:01.808671+00:00,False,4.0,hard_stop,2026-08-25T17:53:09.476232+00:00,-8.000000000000007,2.4,False,0.0
2026-08-25,build,AIXI,2026-08-25T18:13:00+00:00,2026-08-25T18:13:01.160804+00:00,False,2.0,hard_stop,2026-08-25T19:15:59.210713+00:00,-8.661417322834652,1.5748,False,0.0
2026-08-25,build,AIXI,2026-08-25T18:13:00+00:00,2026-08-25T18:13:01.160804+00:00,False,3.0,hard_stop,2026-08-25T19:15:59.210713+00:00,-8.661417322834652,1.5748,False,0.0
2026-08-25,build,AIXI,2026-08-25T18:13:00+00:00,2026-08-25T18:13:01.160804+00:00,False,4.0,hard_stop,2026-08-25T19:15:59.210713+00:00,-8.661417322834652,1.5748,False,0.0
2026-08-25,build,AIXI,2026-08-25T19:45:00+00:00,2026-08-25T19:45:00.371530+00:00,True,2.0,target,2026-08-25T19:54:12.070530+00:00,2.0,7.0866,True,5.0866
2026-08-25,build,AIXI,2026-08-25T19:45:00+00:00,2026-08-25T19:45:00.371530+00:00,True,3.0,target,2026-08-25T19:54:13.483815+00:00,3.0,7.0866,True,4.0866
2026-08-25,build,AIXI,2026-08-25T19:45:00+00:00,2026-08-25T19:45:00.371530+00:00,True,4.0,target,2026-08-25T19:54:23.124505+00:00,4.0,7.0866,True,3.0866
2026-08-25,build,DAIC,2026-08-25T16:06:00+00:00,2026-08-25T16:06:00.328641+00:00,True,2.0,target,2026-08-25T16:11:04.154481+00:00,2.0,21.3873,True,19.3873
2026-08-25,build,DAIC,2026-08-25T16:06:00+00:00,2026-08-25T16:06:00.328641+00:00,True,3.0,target,2026-08-25T16:11:50.625673+00:00,3.0,21.3873,True,18.3873
2026-08-25,build,DAIC,2026-08-25T16:06:00+00:00,2026-08-25T16:06:00.328641+00:00,True,4.0,target,2026-08-25T16:11:53.609776+00:00,4.0,21.3873,True,17.3873
2026-08-25,build,DAIC,2026-08-25T18:03:00+00:00,2026-08-25T18:03:00.400137+00:00,True,2.0,target,2026-08-25T18:05:36.872191+00:00,2.0,11.7486,True,9.7486
2026-08-25,build,DAIC,2026-08-25T18:03:00+00:00,2026-08-25T18:03:00.400137+00:00,True,3.0,target,2026-08-25T18:10:26.731964+00:00,3.0,11.7486,True,8.7486
2026-08-25,build,DAIC,2026-08-25T18:03:00+00:00,2026-08-25T18:03:00.400137+00:00,True,4.0,target,2026-08-25T18:22:04.488654+00:00,4.0,11.7486,True,7.7486
2026-08-25,build,DAIC,2026-08-25T19:45:00+00:00,2026-08-25T19:45:00.370510+00:00,True,2.0,target,2026-08-25T19:45:46.868380+00:00,2.0,8.1301,True,6.1301000000000005
2026-08-25,build,DAIC,2026-08-25T19:45:00+00:00,2026-08-25T19:45:00.370510+00:00,True,3.0,target,2026-08-25T19:45:47.450206+00:00,3.0,8.1301,True,5.1301000000000005
2026-08-25,build,DAIC,2026-08-25T19:45:00+00:00,2026-08-25T19:45:00.370510+00:00,True,4.0,target,2026-08-25T19:45:53.127875+00:00,4.0,8.1301,True,4.1301000000000005
2026-08-25,build,PMI,2026-08-25T16:21:00+00:00,2026-08-25T16:21:00.067792+00:00,True,2.0,target,2026-08-25T16:25:07.701556+00:00,2.0,43.0412,True,41.0412
2026-08-25,build,PMI,2026-08-25T16:21:00+00:00,2026-08-25T16:21:00.067792+00:00,True,3.0,target,2026-08-25T16:28:13.338538+00:00,3.0,43.0412,True,40.0412
2026-08-25,build,PMI,2026-08-25T16:21:00+00:00,2026-08-25T16:21:00.067792+00:00,True,4.0,target,2026-08-25T16:29:06.415498+00:00,4.0,43.0412,True,39.0412
2026-08-25,build,PMI,2026-08-25T18:41:00+00:00,2026-08-25T18:41:00.137993+00:00,True,2.0,target,2026-08-25T19:15:08.043060+00:00,2.0,7.2228,True,5.2228
2026-08-25,build,PMI,2026-08-25T18:41:00+00:00,2026-08-25T18:41:00.137993+00:00,True,3.0,target,2026-08-25T19:19:23.967228+00:00,3.0,7.2228,True,4.2228
2026-08-25,build,PMI,2026-08-25T18:41:00+00:00,2026-08-25T18:41:00.137993+00:00,True,4.0,target,2026-08-25T19:20:04.439645+00:00,4.0,7.2228,True,3.2228000000000003
2026-08-25,build,WVVIP,2026-08-25T15:55:00+00:00,2026-08-25T15:55:00.522967+00:00,True,2.0,hard_stop,2026-08-25T15:55:00.524347+00:00,-1.211072664359869,6.9204,True,4.9204
2026-08-25,build,WVVIP,2026-08-25T15:55:00+00:00,2026-08-25T15:55:00.522967+00:00,True,3.0,hard_stop,2026-08-25T15:55:00.524347+00:00,-1.211072664359869,6.9204,True,3.9204
2026-08-25,build,WVVIP,2026-08-25T15:55:00+00:00,2026-08-25T15:55:00.522967+00:00,True,4.0,hard_stop,2026-08-25T15:55:00.524347+00:00,-1.211072664359869,6.9204,True,2.9204
2026-08-25,build,WVVIP,2026-08-25T16:38:00+00:00,2026-08-25T16:38:01.778848+00:00,False,2.0,hard_stop,2026-08-25T16:42:53.344706+00:00,-8.571428571428562,0.8929,False,0.0
2026-08-25,build,WVVIP,2026-08-25T16:38:00+00:00,2026-08-25T16:38:01.778848+00:00,False,3.0,hard_stop,2026-08-25T16:42:53.344706+00:00,-8.571428571428562,0.8929,False,0.0
2026-08-25,build,WVVIP,2026-08-25T16:38:00+00:00,2026-08-25T16:38:01.778848+00:00,False,4.0,hard_stop,2026-08-25T16:42:53.344706+00:00,-8.571428571428562,0.8929,False,0.0
2026-08-25,build,WVVIP,2026-08-25T19:42:00+00:00,2026-08-25T19:42:03.110480+00:00,False,2.0,hard_stop,2026-08-25T19:42:11.154800+00:00,-8.285714285714285,-0.8571,False,0.0
2026-08-25,build,WVVIP,2026-08-25T19:42:00+00:00,2026-08-25T19:42:03.110480+00:00,False,3.0,hard_stop,2026-08-25T19:42:11.154800+00:00,-8.285714285714285,-0.8571,False,0.0
2026-08-25,build,WVVIP,2026-08-25T19:42:00+00:00,2026-08-25T19:42:03.110480+00:00,False,4.0,hard_stop,2026-08-25T19:42:11.154800+00:00,-8.285714285714285,-0.8571,False,0.0
2026-08-26,build,CDTG,2026-08-26T19:28:00+00:00,2026-08-26T19:28:02.563357+00:00,False,2.0,atr_sell_or_close,2026-08-26T19:29:46.600261+00:00,-2.3077,-0.7692,False,0.0
2026-08-26,build,CDTG,2026-08-26T19:28:00+00:00,2026-08-26T19:28:02.563357+00:00,False,3.0,atr_sell_or_close,2026-08-26T19:29:46.600261+00:00,-2.3077,-0.7692,False,0.0
2026-08-26,build,CDTG,2026-08-26T19:28:00+00:00,2026-08-26T19:28:02.563357+00:00,False,4.0,atr_sell_or_close,2026-08-26T19:29:46.600261+00:00,-2.3077,-0.7692,False,0.0
2026-08-26,build,CRE,2026-08-26T12:58:00+00:00,2026-08-26T12:58:00.245641+00:00,False,2.0,target,2026-08-26T12:58:07.555740+00:00,2.0,2.0057,True,0.005700000000000038
2026-08-26,build,CRE,2026-08-26T12:58:00+00:00,2026-08-26T12:58:00.245641+00:00,False,3.0,hard_stop,2026-08-26T13:01:19.895653+00:00,-8.166189111747856,2.0057,False,0.0
2026-08-26,build,CRE,2026-08-26T12:58:00+00:00,2026-08-26T12:58:00.245641+00:00,False,4.0,hard_stop,2026-08-26T13:01:19.895653+00:00,-8.166189111747856,2.0057,False,0.0
2026-08-26,build,CRE,2026-08-26T13:31:00+00:00,2026-08-26T13:31:00.100384+00:00,True,2.0,target,2026-08-26T13:31:41.289792+00:00,2.0,28.5928,True,26.5928
2026-08-26,build,CRE,2026-08-26T13:31:00+00:00,2026-08-26T13:31:00.100384+00:00,True,3.0,target,2026-08-26T13:31:41.350883+00:00,3.0,28.5928,True,25.5928
2026-08-26,build,CRE,2026-08-26T13:31:00+00:00,2026-08-26T13:31:00.100384+00:00,True,4.0,target,2026-08-26T13:31:45.607995+00:00,4.0,28.5928,True,24.5928
2026-08-26,build,CRE,2026-08-26T16:20:00+00:00,2026-08-26T16:20:00.032365+00:00,False,2.0,atr_sell_or_close,2026-08-26T16:33:00.618670+00:00,-4.4444,1.746,False,0.0
2026-08-26,build,CRE,2026-08-26T16:20:00+00:00,2026-08-26T16:20:00.032365+00:00,False,3.0,atr_sell_or_close,2026-08-26T16:33:00.618670+00:00,-4.4444,1.746,False,0.0
2026-08-26,build,CRE,2026-08-26T16:20:00+00:00,2026-08-26T16:20:00.032365+00:00,False,4.0,atr_sell_or_close,2026-08-26T16:33:00.618670+00:00,-4.4444,1.746,False,0.0
2026-08-26,build,CRE,2026-08-26T16:50:00+00:00,2026-08-26T16:50:03.164961+00:00,True,2.0,target,2026-08-26T17:29:21.465395+00:00,2.0,6.5287,True,4.5287
2026-08-26,build,CRE,2026-08-26T16:50:00+00:00,2026-08-26T16:50:03.164961+00:00,True,3.0,target,2026-08-26T17:29:21.484748+00:00,3.0,6.5287,True,3.5286999999999997
2026-08-26,build,CRE,2026-08-26T16:50:00+00:00,2026-08-26T16:50:03.164961+00:00,True,4.0,target,2026-08-26T17:38:28.429455+00:00,4.0,6.5287,True,2.5286999999999997
2026-08-26,build,CRE,2026-08-26T19:25:00+00:00,2026-08-26T19:25:00.266263+00:00,True,2.0,target,2026-08-26T19:55:04.842720+00:00,2.0,10.2729,True,8.2729
2026-08-26,build,CRE,2026-08-26T19:25:00+00:00,2026-08-26T19:25:00.266263+00:00,True,3.0,target,2026-08-26T19:55:06.430461+00:00,3.0,10.2729,True,7.2729
2026-08-26,build,CRE,2026-08-26T19:25:00+00:00,2026-08-26T19:25:00.266263+00:00,True,4.0,target,2026-08-26T19:59:08.724905+00:00,4.0,10.2729,True,6.2729
2026-08-26,build,DAIC,2026-08-26T12:35:00+00:00,2026-08-26T12:35:01.694955+00:00,True,2.0,target,2026-08-26T12:47:12.850581+00:00,2.0,13.4354,True,11.4354
2026-08-26,build,DAIC,2026-08-26T12:35:00+00:00,2026-08-26T12:35:01.694955+00:00,True,3.0,target,2026-08-26T12:47:37.495380+00:00,3.0,13.4354,True,10.4354
2026-08-26,build,DAIC,2026-08-26T12:35:00+00:00,2026-08-26T12:35:01.694955+00:00,True,4.0,target,2026-08-26T12:47:45.592146+00:00,4.0,13.4354,True,9.4354
2026-08-26,build,DAIC,2026-08-26T17:59:00+00:00,2026-08-26T17:59:00.708416+00:00,False,2.0,target,2026-08-26T18:00:01.968526+00:00,2.0,2.2814,True,0.2814000000000001
2026-08-26,build,DAIC,2026-08-26T17:59:00+00:00,2026-08-26T17:59:00.708416+00:00,False,3.0,hard_stop,2026-08-26T18:03:21.537991+00:00,-8.174904942965778,2.2814,False,0.0
2026-08-26,build,DAIC,2026-08-26T17:59:00+00:00,2026-08-26T17:59:00.708416+00:00,False,4.0,hard_stop,2026-08-26T18:03:21.537991+00:00,-8.174904942965778,2.2814,False,0.0
2026-08-26,build,XPON,2026-08-26T15:37:00+00:00,2026-08-26T15:37:00.315452+00:00,False,2.0,hard_stop,2026-08-26T16:01:55.563670+00:00,-8.0375782881002,-0.8351,False,0.0
2026-08-26,build,XPON,2026-08-26T15:37:00+00:00,2026-08-26T15:37:00.315452+00:00,False,3.0,hard_stop,2026-08-26T16:01:55.563670+00:00,-8.0375782881002,-0.8351,False,0.0
2026-08-26,build,XPON,2026-08-26T15:37:00+00:00,2026-08-26T15:37:00.315452+00:00,False,4.0,hard_stop,2026-08-26T16:01:55.563670+00:00,-8.0375782881002,-0.8351,False,0.0
2026-08-26,build,XPON,2026-08-26T17:34:00+00:00,2026-08-26T17:34:01.331290+00:00,False,2.0,target,2026-08-26T17:35:12.018846+00:00,2.0,2.1713,True,0.1713
2026-08-26,build,XPON,2026-08-26T17:34:00+00:00,2026-08-26T17:34:01.331290+00:00,False,3.0,atr_sell_or_close,2026-08-26T18:01:00.713316+00:00,-2.5332,2.1713,False,0.0
2026-08-26,build,XPON,2026-08-26T17:34:00+00:00,2026-08-26T17:34:01.331290+00:00,False,4.0,atr_sell_or_close,2026-08-26T18:01:00.713316+00:00,-2.5332,2.1713,False,0.0
2026-08-26,build,XPON,2026-08-26T18:48:00+00:00,2026-08-26T18:48:00.641832+00:00,True,2.0,target,2026-08-26T18:49:25.112367+00:00,2.0,6.7616,True,4.7616
2026-08-26,build,XPON,2026-08-26T18:48:00+00:00,2026-08-26T18:48:00.641832+00:00,True,3.0,target,2026-08-26T18:49:25.131275+00:00,3.0,6.7616,True,3.7615999999999996
2026-08-26,build,XPON,2026-08-26T18:48:00+00:00,2026-08-26T18:48:00.641832+00:00,True,4.0,target,2026-08-26T18:49:39.385137+00:00,4.0,6.7616,True,2.7615999999999996
2026-08-26,build,XPON,2026-08-26T19:52:00+00:00,2026-08-26T19:52:00.328400+00:00,True,2.0,target,2026-08-26T19:55:05.651562+00:00,2.0,6.9555,True,4.9555
2026-08-26,build,XPON,2026-08-26T19:52:00+00:00,2026-08-26T19:52:00.328400+00:00,True,3.0,target,2026-08-26T19:55:44.800834+00:00,3.0,6.9555,True,3.9555
2026-08-26,build,XPON,2026-08-26T19:52:00+00:00,2026-08-26T19:52:00.328400+00:00,True,4.0,target,2026-08-26T19:57:24.694789+00:00,4.0,6.9555,True,2.9555
2026-08-26,build,YYGH,2026-08-26T12:57:00+00:00,2026-08-26T12:57:00.334133+00:00,False,2.0,target,2026-08-26T13:01:48.504101+00:00,2.0,3.0769,True,1.0769000000000002
2026-08-26,build,YYGH,2026-08-26T12:57:00+00:00,2026-08-26T12:57:00.334133+00:00,False,3.0,target,2026-08-26T13:02:02.764877+00:00,3.0,3.0769,True,0.07690000000000019
2026-08-26,build,YYGH,2026-08-26T12:57:00+00:00,2026-08-26T12:57:00.334133+00:00,False,4.0,atr_sell_or_close,2026-08-26T13:31:00.191042+00:00,-4.1026,3.0769,False,0.0
2026-08-26,build,YYGH,2026-08-26T13:40:00+00:00,2026-08-26T13:40:00.202071+00:00,False,2.0,target,2026-08-26T13:43:03.929207+00:00,2.0,3.5176,True,1.5175999999999998
2026-08-26,build,YYGH,2026-08-26T13:40:00+00:00,2026-08-26T13:40:00.202071+00:00,False,3.0,target,2026-08-26T13:43:13.103364+00:00,3.0,3.5176,True,0.5175999999999998
2026-08-26,build,YYGH,2026-08-26T13:40:00+00:00,2026-08-26T13:40:00.202071+00:00,False,4.0,hard_stop,2026-08-26T13:49:46.150328+00:00,-8.040201005025127,3.5176,False,0.0
2026-08-26,build,YYGH,2026-08-26T14:33:00+00:00,2026-08-26T14:33:00.580863+00:00,False,2.0,target,2026-08-26T14:38:08.969441+00:00,2.0,4.1026,True,2.1026
2026-08-26,build,YYGH,2026-08-26T14:33:00+00:00,2026-08-26T14:33:00.580863+00:00,False,3.0,target,2026-08-26T14:38:19.689684+00:00,3.0,4.1026,True,1.1025999999999998
2026-08-26,build,YYGH,2026-08-26T14:33:00+00:00,2026-08-26T14:33:00.580863+00:00,False,4.0,target,2026-08-26T14:40:10.067648+00:00,4.0,4.1026,True,0.1025999999999998
2026-08-26,build,YYGH,2026-08-26T15:31:00+00:00,2026-08-26T15:31:00.000437+00:00,False,2.0,target,2026-08-26T15:31:58.496120+00:00,2.0,2.9557,True,0.9557000000000002
2026-08-26,build,YYGH,2026-08-26T15:31:00+00:00,2026-08-26T15:31:00.000437+00:00,False,3.0,atr_sell_or_close,2026-08-26T16:32:01.459772+00:00,-6.8966,2.9557,False,0.0
2026-08-26,build,YYGH,2026-08-26T15:31:00+00:00,2026-08-26T15:31:00.000437+00:00,False,4.0,atr_sell_or_close,2026-08-26T16:32:01.459772+00:00,-6.8966,2.9557,False,0.0
2026-08-26,build,YYGH,2026-08-26T17:24:00+00:00,2026-08-26T17:24:00.206168+00:00,True,2.0,target,2026-08-26T18:26:13.946851+00:00,2.0,5.1813,True,3.1813000000000002
2026-08-26,build,YYGH,2026-08-26T17:24:00+00:00,2026-08-26T17:24:00.206168+00:00,True,3.0,target,2026-08-26T18:26:32.809622+00:00,3.0,5.1813,True,2.1813000000000002
2026-08-26,build,YYGH,2026-08-26T17:24:00+00:00,2026-08-26T17:24:00.206168+00:00,True,4.0,target,2026-08-26T18:27:21.976317+00:00,4.0,5.1813,True,1.1813000000000002
2026-08-26,build,YYGH,2026-08-26T19:36:00+00:00,2026-08-26T19:36:00.656146+00:00,True,2.0,target,2026-08-26T19:49:29.677672+00:00,2.0,7.0352,True,5.0352
2026-08-26,build,YYGH,2026-08-26T19:36:00+00:00,2026-08-26T19:36:00.656146+00:00,True,3.0,target,2026-08-26T19:49:29.904711+00:00,3.0,7.0352,True,4.0352
2026-08-26,build,YYGH,2026-08-26T19:36:00+00:00,2026-08-26T19:36:00.656146+00:00,True,4.0,target,2026-08-26T19:49:42.453406+00:00,4.0,7.0352,True,3.0351999999999997
2026-08-27,build,CELU,2026-08-27T16:36:00+00:00,2026-08-27T16:36:00.198679+00:00,True,2.0,target,2026-08-27T16:39:22.803964+00:00,2.0,7.8818,True,5.8818
2026-08-27,build,CELU,2026-08-27T16:36:00+00:00,2026-08-27T16:36:00.198679+00:00,True,3.0,target,2026-08-27T16:39:47.677851+00:00,3.0,7.8818,True,4.8818
2026-08-27,build,CELU,2026-08-27T16:36:00+00:00,2026-08-27T16:36:00.198679+00:00,True,4.0,target,2026-08-27T16:48:30.594497+00:00,4.0,7.8818,True,3.8818
2026-08-27,build,CELU,2026-08-27T18:16:00+00:00,2026-08-27T18:16:00.063753+00:00,True,2.0,target,2026-08-27T18:17:43.021948+00:00,2.0,7.9812,True,5.9812
2026-08-27,build,CELU,2026-08-27T18:16:00+00:00,2026-08-27T18:16:00.063753+00:00,True,3.0,target,2026-08-27T18:17:55.049193+00:00,3.0,7.9812,True,4.9812
2026-08-27,build,CELU,2026-08-27T18:16:00+00:00,2026-08-27T18:16:00.063753+00:00,True,4.0,target,2026-08-27T18:17:55.203007+00:00,4.0,7.9812,True,3.9812000000000003
2026-08-27,build,CELU,2026-08-27T19:42:00+00:00,2026-08-27T19:42:01.334896+00:00,False,2.0,atr_sell_or_close,2026-08-27T19:59:59.988836+00:00,-2.3364,0.0,False,0.0
2026-08-27,build,CELU,2026-08-27T19:42:00+00:00,2026-08-27T19:42:01.334896+00:00,False,3.0,atr_sell_or_close,2026-08-27T19:59:59.988836+00:00,-2.3364,0.0,False,0.0
2026-08-27,build,CELU,2026-08-27T19:42:00+00:00,2026-08-27T19:42:01.334896+00:00,False,4.0,atr_sell_or_close,2026-08-27T19:59:59.988836+00:00,-2.3364,0.0,False,0.0
2026-08-27,build,MIMI,2026-08-27T15:30:00+00:00,2026-08-27T15:30:00.254017+00:00,False,2.0,target,2026-08-27T15:31:00.643478+00:00,2.0,4.461,True,2.4610000000000003
2026-08-27,build,MIMI,2026-08-27T15:30:00+00:00,2026-08-27T15:30:00.254017+00:00,False,3.0,target,2026-08-27T15:31:00.655377+00:00,3.0,4.461,True,1.4610000000000003
2026-08-27,build,MIMI,2026-08-27T15:30:00+00:00,2026-08-27T15:30:00.254017+00:00,False,4.0,target,2026-08-27T15:47:54.522805+00:00,4.0,4.461,True,0.4610000000000003
2026-08-27,build,MIMI,2026-08-27T16:59:00+00:00,2026-08-27T16:59:00.853025+00:00,True,2.0,target,2026-08-27T17:26:39.909363+00:00,2.0,5.2632,True,3.2632000000000003
2026-08-27,build,MIMI,2026-08-27T16:59:00+00:00,2026-08-27T16:59:00.853025+00:00,True,3.0,target,2026-08-27T17:32:03.533581+00:00,3.0,5.2632,True,2.2632000000000003
2026-08-27,build,MIMI,2026-08-27T16:59:00+00:00,2026-08-27T16:59:00.853025+00:00,True,4.0,target,2026-08-27T17:58:15.822381+00:00,4.0,5.2632,True,1.2632000000000003
2026-08-27,build,PPCB,2026-08-27T13:33:00+00:00,2026-08-27T13:33:00.996009+00:00,False,2.0,hard_stop,2026-08-27T13:34:19.038698+00:00,-8.232445520581111,-0.2421,False,0.0
2026-08-27,build,PPCB,2026-08-27T13:33:00+00:00,2026-08-27T13:33:00.996009+00:00,False,3.0,hard_stop,2026-08-27T13:34:19.038698+00:00,-8.232445520581111,-0.2421,False,0.0
2026-08-27,build,PPCB,2026-08-27T13:33:00+00:00,2026-08-27T13:33:00.996009+00:00,False,4.0,hard_stop,2026-08-27T13:34:19.038698+00:00,-8.232445520581111,-0.2421,False,0.0
2026-08-27,build,PPCB,2026-08-27T15:00:00+00:00,2026-08-27T15:00:02.136566+00:00,False,2.0,target,2026-08-27T15:13:35.704611+00:00,2.0,3.169,True,1.169
2026-08-27,build,PPCB,2026-08-27T15:00:00+00:00,2026-08-27T15:00:02.136566+00:00,False,3.0,target,2026-08-27T15:15:55.525605+00:00,3.0,3.169,True,0.16900000000000004
2026-08-27,build,PPCB,2026-08-27T15:00:00+00:00,2026-08-27T15:00:02.136566+00:00,False,4.0,hard_stop,2026-08-27T15:38:30.868644+00:00,-8.098591549295776,3.169,False,0.0
2026-08-27,build,PPCB,2026-08-27T17:53:00+00:00,2026-08-27T17:53:00.587918+00:00,False,2.0,target,2026-08-27T17:54:37.601888+00:00,2.0,3.7383,True,1.7383000000000002
2026-08-27,build,PPCB,2026-08-27T17:53:00+00:00,2026-08-27T17:53:00.587918+00:00,False,3.0,target,2026-08-27T17:54:53.410371+00:00,3.0,3.7383,True,0.7383000000000002
2026-08-27,build,PPCB,2026-08-27T17:53:00+00:00,2026-08-27T17:53:00.587918+00:00,False,4.0,atr_sell_or_close,2026-08-27T18:12:02.917772+00:00,-3.271,3.7383,False,0.0
2026-08-27,build,PPCB,2026-08-27T18:16:00+00:00,2026-08-27T18:16:00.119097+00:00,False,2.0,atr_sell_or_close,2026-08-27T18:59:02.797998+00:00,-2.7027,1.3514,False,0.0
2026-08-27,build,PPCB,2026-08-27T18:16:00+00:00,2026-08-27T18:16:00.119097+00:00,False,3.0,atr_sell_or_close,2026-08-27T18:59:02.797998+00:00,-2.7027,1.3514,False,0.0
2026-08-27,build,PPCB,2026-08-27T18:16:00+00:00,2026-08-27T18:16:00.119097+00:00,False,4.0,atr_sell_or_close,2026-08-27T18:59:02.797998+00:00,-2.7027,1.3514,False,0.0
2026-08-27,build,PPCB,2026-08-27T19:11:00+00:00,2026-08-27T19:11:00.057224+00:00,False,2.0,target,2026-08-27T19:12:00.454982+00:00,2.0,4.386,True,2.386
2026-08-27,build,PPCB,2026-08-27T19:11:00+00:00,2026-08-27T19:11:00.057224+00:00,False,3.0,target,2026-08-27T19:17:34.194817+00:00,3.0,4.386,True,1.3860000000000001
2026-08-27,build,PPCB,2026-08-27T19:11:00+00:00,2026-08-27T19:11:00.057224+00:00,False,4.0,target,2026-08-27T19:17:41.084691+00:00,4.0,4.386,True,0.3860000000000001
2026-08-27,build,WNW,2026-08-27T12:04:00+00:00,2026-08-27T12:04:00.411794+00:00,False,2.0,atr_sell_or_close,2026-08-27T12:31:00.349408+00:00,-2.9412,0.8824,False,0.0
2026-08-27,build,WNW,2026-08-27T12:04:00+00:00,2026-08-27T12:04:00.411794+00:00,False,3.0,atr_sell_or_close,2026-08-27T12:31:00.349408+00:00,-2.9412,0.8824,False,0.0
2026-08-27,build,WNW,2026-08-27T12:04:00+00:00,2026-08-27T12:04:00.411794+00:00,False,4.0,atr_sell_or_close,2026-08-27T12:31:00.349408+00:00,-2.9412,0.8824,False,0.0
2026-08-28,build,QNRX,2026-08-28T12:45:00+00:00,2026-08-28T12:45:00.502982+00:00,True,2.0,target,2026-08-28T13:14:29.226087+00:00,2.0,15.1049,True,13.1049
2026-08-28,build,QNRX,2026-08-28T12:45:00+00:00,2026-08-28T12:45:00.502982+00:00,True,3.0,target,2026-08-28T13:14:39.086212+00:00,3.0,15.1049,True,12.1049
2026-08-28,build,QNRX,2026-08-28T12:45:00+00:00,2026-08-28T12:45:00.502982+00:00,True,4.0,target,2026-08-28T13:26:41.792360+00:00,4.0,15.1049,True,11.1049
2026-08-31,holdout,AEHL,2026-08-31T12:19:00+00:00,2026-08-31T12:19:02.645065+00:00,True,2.0,target,2026-08-31T12:45:23.644858+00:00,2.0,26.6886,True,24.6886
2026-08-31,holdout,AEHL,2026-08-31T12:19:00+00:00,2026-08-31T12:19:02.645065+00:00,True,3.0,target,2026-08-31T12:45:42.177315+00:00,3.0,26.6886,True,23.6886
2026-08-31,holdout,AEHL,2026-08-31T12:19:00+00:00,2026-08-31T12:19:02.645065+00:00,True,4.0,target,2026-08-31T12:45:58.816903+00:00,4.0,26.6886,True,22.6886
2026-08-31,holdout,AEHL,2026-08-31T14:32:00+00:00,2026-08-31T14:32:00.134395+00:00,False,2.0,target,2026-08-31T14:42:03.706231+00:00,2.0,2.1944,True,0.1943999999999999
2026-08-31,holdout,AEHL,2026-08-31T14:32:00+00:00,2026-08-31T14:32:00.134395+00:00,False,3.0,atr_sell_or_close,2026-08-31T15:07:00.509447+00:00,-3.7618,2.1944,False,0.0
2026-08-31,holdout,AEHL,2026-08-31T14:32:00+00:00,2026-08-31T14:32:00.134395+00:00,False,4.0,atr_sell_or_close,2026-08-31T15:07:00.509447+00:00,-3.7618,2.1944,False,0.0
2026-08-31,holdout,AEHL,2026-08-31T15:23:00+00:00,2026-08-31T15:23:00.894675+00:00,True,2.0,target,2026-08-31T15:35:09.211925+00:00,2.0,29.5666,True,27.5666
2026-08-31,holdout,AEHL,2026-08-31T15:23:00+00:00,2026-08-31T15:23:00.894675+00:00,True,3.0,target,2026-08-31T15:35:10.039330+00:00,3.0,29.5666,True,26.5666
2026-08-31,holdout,AEHL,2026-08-31T15:23:00+00:00,2026-08-31T15:23:00.894675+00:00,True,4.0,target,2026-08-31T15:35:14.090815+00:00,4.0,29.5666,True,25.5666
2026-08-31,holdout,AEHL,2026-08-31T18:15:00+00:00,2026-08-31T18:15:03.000092+00:00,True,2.0,target,2026-08-31T18:26:25.833407+00:00,2.0,8.3596,True,6.3596
2026-08-31,holdout,AEHL,2026-08-31T18:15:00+00:00,2026-08-31T18:15:03.000092+00:00,True,3.0,target,2026-08-31T18:26:25.958188+00:00,3.0,8.3596,True,5.3596
2026-08-31,holdout,AEHL,2026-08-31T18:15:00+00:00,2026-08-31T18:15:03.000092+00:00,True,4.0,target,2026-08-31T18:26:49.541264+00:00,4.0,8.3596,True,4.3596
2026-08-31,holdout,AEHL,2026-08-31T19:57:00+00:00,2026-08-31T19:57:00.065697+00:00,False,2.0,atr_sell_or_close,2026-08-31T19:59:58.838670+00:00,-1.072,1.3783,False,0.0
2026-08-31,holdout,AEHL,2026-08-31T19:57:00+00:00,2026-08-31T19:57:00.065697+00:00,False,3.0,atr_sell_or_close,2026-08-31T19:59:58.838670+00:00,-1.072,1.3783,False,0.0
2026-08-31,holdout,AEHL,2026-08-31T19:57:00+00:00,2026-08-31T19:57:00.065697+00:00,False,4.0,atr_sell_or_close,2026-08-31T19:59:58.838670+00:00,-1.072,1.3783,False,0.0
2026-08-31,holdout,NCRA,2026-08-31T16:25:00+00:00,2026-08-31T16:25:00.397911+00:00,False,2.0,target,2026-08-31T16:25:29.041408+00:00,2.0,2.9508,True,0.9508000000000001
2026-08-31,holdout,NCRA,2026-08-31T16:25:00+00:00,2026-08-31T16:25:00.397911+00:00,False,3.0,hard_stop,2026-08-31T16:26:20.809659+00:00,-7.868852459016384,2.9508,False,0.0
2026-08-31,holdout,NCRA,2026-08-31T16:25:00+00:00,2026-08-31T16:25:00.397911+00:00,False,4.0,hard_stop,2026-08-31T16:26:20.809659+00:00,-7.868852459016384,2.9508,False,0.0
2026-08-31,holdout,NCRA,2026-08-31T18:36:00+00:00,2026-08-31T18:36:02.717829+00:00,False,2.0,target,2026-08-31T18:47:10.626659+00:00,2.0,2.6756,True,0.6756000000000002
2026-08-31,holdout,NCRA,2026-08-31T18:36:00+00:00,2026-08-31T18:36:02.717829+00:00,False,3.0,hard_stop,2026-08-31T18:49:08.826034+00:00,-8.026755852842815,2.6756,False,0.0
2026-08-31,holdout,NCRA,2026-08-31T18:36:00+00:00,2026-08-31T18:36:02.717829+00:00,False,4.0,hard_stop,2026-08-31T18:49:08.826034+00:00,-8.026755852842815,2.6756,False,0.0
2026-08-31,holdout,NCRA,2026-08-31T19:12:00+00:00,2026-08-31T19:12:02.357047+00:00,False,2.0,hard_stop,2026-08-31T19:33:23.695104+00:00,-8.496732026143794,-0.3268,False,0.0
2026-08-31,holdout,NCRA,2026-08-31T19:12:00+00:00,2026-08-31T19:12:02.357047+00:00,False,3.0,hard_stop,2026-08-31T19:33:23.695104+00:00,-8.496732026143794,-0.3268,False,0.0
2026-08-31,holdout,NCRA,2026-08-31T19:12:00+00:00,2026-08-31T19:12:02.357047+00:00,False,4.0,hard_stop,2026-08-31T19:33:23.695104+00:00,-8.496732026143794,-0.3268,False,0.0
2026-08-31,holdout,NCRA,2026-08-31T19:57:00+00:00,2026-08-31T19:57:03.370460+00:00,False,2.0,target,2026-08-31T19:57:28.994214+00:00,2.0,2.7682,True,0.7682000000000002
2026-08-31,holdout,NCRA,2026-08-31T19:57:00+00:00,2026-08-31T19:57:03.370460+00:00,False,3.0,atr_sell_or_close,2026-08-31T19:59:59.034738+00:00,-1.0381,2.7682,False,0.0
2026-08-31,holdout,NCRA,2026-08-31T19:57:00+00:00,2026-08-31T19:57:03.370460+00:00,False,4.0,atr_sell_or_close,2026-08-31T19:59:59.034738+00:00,-1.0381,2.7682,False,0.0
2026-08-31,holdout,RDHL,2026-08-31T14:40:00+00:00,2026-08-31T14:40:02.694482+00:00,False,2.0,atr_sell_or_close,2026-08-31T15:26:01.803059+00:00,-5.3097,0.885,False,0.0
2026-08-31,holdout,RDHL,2026-08-31T14:40:00+00:00,2026-08-31T14:40:02.694482+00:00,False,3.0,atr_sell_or_close,2026-08-31T15:26:01.803059+00:00,-5.3097,0.885,False,0.0
2026-08-31,holdout,RDHL,2026-08-31T14:40:00+00:00,2026-08-31T14:40:02.694482+00:00,False,4.0,atr_sell_or_close,2026-08-31T15:26:01.803059+00:00,-5.3097,0.885,False,0.0
2026-08-31,holdout,RDHL,2026-08-31T17:03:00+00:00,2026-08-31T17:03:00.466251+00:00,False,2.0,atr_sell_or_close,2026-08-31T17:51:10.183809+00:00,-6.3636,1.8182,False,0.0
2026-08-31,holdout,RDHL,2026-08-31T17:03:00+00:00,2026-08-31T17:03:00.466251+00:00,False,3.0,atr_sell_or_close,2026-08-31T17:51:10.183809+00:00,-6.3636,1.8182,False,0.0
2026-08-31,holdout,RDHL,2026-08-31T17:03:00+00:00,2026-08-31T17:03:00.466251+00:00,False,4.0,atr_sell_or_close,2026-08-31T17:51:10.183809+00:00,-6.3636,1.8182,False,0.0
2026-08-31,holdout,WETO,2026-08-31T16:21:00+00:00,2026-08-31T16:21:00.121548+00:00,False,2.0,hard_stop,2026-08-31T16:30:19.064200+00:00,-8.130841121495324,-1.6822,False,0.0
2026-08-31,holdout,WETO,2026-08-31T16:21:00+00:00,2026-08-31T16:21:00.121548+00:00,False,3.0,hard_stop,2026-08-31T16:30:19.064200+00:00,-8.130841121495324,-1.6822,False,0.0
2026-08-31,holdout,WETO,2026-08-31T16:21:00+00:00,2026-08-31T16:21:00.121548+00:00,False,4.0,hard_stop,2026-08-31T16:30:19.064200+00:00,-8.130841121495324,-1.6822,False,0.0
2026-08-31,holdout,WETO,2026-08-31T16:47:00+00:00,2026-08-31T16:47:00.029010+00:00,True,2.0,target,2026-08-31T16:48:43.643082+00:00,2.0,13.4357,True,11.4357
2026-08-31,holdout,WETO,2026-08-31T16:47:00+00:00,2026-08-31T16:47:00.029010+00:00,True,3.0,target,2026-08-31T16:48:44.658579+00:00,3.0,13.4357,True,10.4357
2026-08-31,holdout,WETO,2026-08-31T16:47:00+00:00,2026-08-31T16:47:00.029010+00:00,True,4.0,target,2026-08-31T16:49:07.375753+00:00,4.0,13.4357,True,9.4357
2026-08-31,holdout,YDDL,2026-08-31T12:12:00+00:00,2026-08-31T12:12:00.048820+00:00,True,2.0,target,2026-08-31T12:19:05.483338+00:00,2.0,6.2762,True,4.2762
2026-08-31,holdout,YDDL,2026-08-31T12:12:00+00:00,2026-08-31T12:12:00.048820+00:00,True,3.0,target,2026-08-31T13:01:41.321413+00:00,3.0,6.2762,True,3.2762000000000002
2026-08-31,holdout,YDDL,2026-08-31T12:12:00+00:00,2026-08-31T12:12:00.048820+00:00,True,4.0,target,2026-08-31T13:04:26.045048+00:00,4.0,6.2762,True,2.2762000000000002
2026-08-31,holdout,YDDL,2026-08-31T13:35:00+00:00,2026-08-31T13:35:00.171569+00:00,False,2.0,hard_stop,2026-08-31T13:36:09.949826+00:00,-8.560311284046684,1.9455,False,0.0
2026-08-31,holdout,YDDL,2026-08-31T13:35:00+00:00,2026-08-31T13:35:00.171569+00:00,False,3.0,hard_stop,2026-08-31T13:36:09.949826+00:00,-8.560311284046684,1.9455,False,0.0
2026-08-31,holdout,YDDL,2026-08-31T13:35:00+00:00,2026-08-31T13:35:00.171569+00:00,False,4.0,hard_stop,2026-08-31T13:36:09.949826+00:00,-8.560311284046684,1.9455,False,0.0
2026-08-31,holdout,YDDL,2026-08-31T19:40:00+00:00,2026-08-31T19:40:00.885075+00:00,False,2.0,atr_sell_or_close,2026-08-31T19:59:59.705095+00:00,-0.4386,0.4386,False,0.0
2026-08-31,holdout,YDDL,2026-08-31T19:40:00+00:00,2026-08-31T19:40:00.885075+00:00,False,3.0,atr_sell_or_close,2026-08-31T19:59:59.705095+00:00,-0.4386,0.4386,False,0.0
2026-08-31,holdout,YDDL,2026-08-31T19:40:00+00:00,2026-08-31T19:40:00.885075+00:00,False,4.0,atr_sell_or_close,2026-08-31T19:59:59.705095+00:00,-0.4386,0.4386,False,0.0
2026-09-01,holdout,BIAF,2026-09-01T13:03:00+00:00,2026-09-01T13:03:00.041311+00:00,True,2.0,target,2026-09-01T13:07:52.591821+00:00,2.0,28.1669,True,26.1669
2026-09-01,holdout,BIAF,2026-09-01T13:03:00+00:00,2026-09-01T13:03:00.041311+00:00,True,3.0,target,2026-09-01T13:08:30.869504+00:00,3.0,28.1669,True,25.1669
2026-09-01,holdout,BIAF,2026-09-01T13:03:00+00:00,2026-09-01T13:03:00.041311+00:00,True,4.0,target,2026-09-01T13:17:25.520872+00:00,4.0,28.1669,True,24.1669
2026-09-01,holdout,BIAF,2026-09-01T15:32:00+00:00,2026-09-01T15:32:00.033934+00:00,True,2.0,target,2026-09-01T15:33:22.544201+00:00,2.0,7.8788,True,5.8788
2026-09-01,holdout,BIAF,2026-09-01T15:32:00+00:00,2026-09-01T15:32:00.033934+00:00,True,3.0,target,2026-09-01T15:37:52.374551+00:00,3.0,7.8788,True,4.8788
2026-09-01,holdout,BIAF,2026-09-01T15:32:00+00:00,2026-09-01T15:32:00.033934+00:00,True,4.0,target,2026-09-01T15:39:41.858332+00:00,4.0,7.8788,True,3.8788
2026-09-01,holdout,BIAF,2026-09-01T16:43:00+00:00,2026-09-01T16:43:00.089111+00:00,True,2.0,target,2026-09-01T17:18:01.959303+00:00,2.0,6.9803,True,4.9803
2026-09-01,holdout,BIAF,2026-09-01T16:43:00+00:00,2026-09-01T16:43:00.089111+00:00,True,3.0,target,2026-09-01T17:30:15.460862+00:00,3.0,6.9803,True,3.9802999999999997
2026-09-01,holdout,BIAF,2026-09-01T16:43:00+00:00,2026-09-01T16:43:00.089111+00:00,True,4.0,target,2026-09-01T17:32:16.847182+00:00,4.0,6.9803,True,2.9802999999999997
2026-09-01,holdout,BIAF,2026-09-01T18:50:00+00:00,2026-09-01T18:50:01.023077+00:00,False,2.0,atr_sell_or_close,2026-09-01T19:55:03.180469+00:00,-4.5322,1.0234,False,0.0
2026-09-01,holdout,BIAF,2026-09-01T18:50:00+00:00,2026-09-01T18:50:01.023077+00:00,False,3.0,atr_sell_or_close,2026-09-01T19:55:03.180469+00:00,-4.5322,1.0234,False,0.0
2026-09-01,holdout,BIAF,2026-09-01T18:50:00+00:00,2026-09-01T18:50:01.023077+00:00,False,4.0,atr_sell_or_close,2026-09-01T19:55:03.180469+00:00,-4.5322,1.0234,False,0.0
2026-09-01,holdout,FLYE,2026-09-01T15:38:00+00:00,2026-09-01T15:38:00.465272+00:00,True,2.0,target,2026-09-01T16:06:10.470089+00:00,2.0,22.2222,True,20.2222
2026-09-01,holdout,FLYE,2026-09-01T15:38:00+00:00,2026-09-01T15:38:00.465272+00:00,True,3.0,target,2026-09-01T16:06:10.639784+00:00,3.0,22.2222,True,19.2222
2026-09-01,holdout,FLYE,2026-09-01T15:38:00+00:00,2026-09-01T15:38:00.465272+00:00,True,4.0,target,2026-09-01T16:07:59.615904+00:00,4.0,22.2222,True,18.2222
2026-09-01,holdout,FLYE,2026-09-01T17:49:00+00:00,2026-09-01T17:49:01.716091+00:00,True,2.0,target,2026-09-01T17:57:54.853508+00:00,2.0,17.9612,True,15.961200000000002
2026-09-01,holdout,FLYE,2026-09-01T17:49:00+00:00,2026-09-01T17:49:01.716091+00:00,True,3.0,target,2026-09-01T18:02:49.399082+00:00,3.0,17.9612,True,14.961200000000002
2026-09-01,holdout,FLYE,2026-09-01T17:49:00+00:00,2026-09-01T17:49:01.716091+00:00,True,4.0,target,2026-09-01T18:09:35.587933+00:00,4.0,17.9612,True,13.961200000000002
2026-09-01,holdout,RDAC,2026-09-01T17:47:00+00:00,2026-09-01T17:47:00.019615+00:00,True,2.0,target,2026-09-01T17:47:10.106594+00:00,2.0,8.1123,True,6.112299999999999
2026-09-01,holdout,RDAC,2026-09-01T17:47:00+00:00,2026-09-01T17:47:00.019615+00:00,True,3.0,target,2026-09-01T17:48:08.526094+00:00,3.0,8.1123,True,5.112299999999999
2026-09-01,holdout,RDAC,2026-09-01T17:47:00+00:00,2026-09-01T17:47:00.019615+00:00,True,4.0,target,2026-09-01T17:48:14.188833+00:00,4.0,8.1123,True,4.112299999999999
2026-09-01,holdout,RDAC,2026-09-01T19:06:00+00:00,2026-09-01T19:06:00.703983+00:00,False,2.0,target,2026-09-01T19:38:27.132011+00:00,2.0,3.9514,True,1.9514
2026-09-01,holdout,RDAC,2026-09-01T19:06:00+00:00,2026-09-01T19:06:00.703983+00:00,False,3.0,target,2026-09-01T19:45:36.018997+00:00,3.0,3.9514,True,0.9514
2026-09-01,holdout,RDAC,2026-09-01T19:06:00+00:00,2026-09-01T19:06:00.703983+00:00,False,4.0,atr_sell_or_close,2026-09-01T19:59:56.444847+00:00,-0.4559,3.9514,False,0.0
2026-09-01,holdout,SSM,2026-09-01T12:52:00+00:00,2026-09-01T12:52:00.103711+00:00,False,2.0,target,2026-09-01T13:26:56.187386+00:00,2.0,2.3684,True,0.36839999999999984
2026-09-01,holdout,SSM,2026-09-01T12:52:00+00:00,2026-09-01T12:52:00.103711+00:00,False,3.0,atr_sell_or_close,2026-09-01T13:31:00.338105+00:00,-2.6316,2.3684,False,0.0
2026-09-01,holdout,SSM,2026-09-01T12:52:00+00:00,2026-09-01T12:52:00.103711+00:00,False,4.0,atr_sell_or_close,2026-09-01T13:31:00.338105+00:00,-2.6316,2.3684,False,0.0
2026-09-01,holdout,SSM,2026-09-01T13:38:00+00:00,2026-09-01T13:38:00.013530+00:00,True,2.0,target,2026-09-01T13:39:09.152856+00:00,2.0,9.75,True,7.75
2026-09-01,holdout,SSM,2026-09-01T13:38:00+00:00,2026-09-01T13:38:00.013530+00:00,True,3.0,target,2026-09-01T13:39:12.980096+00:00,3.0,9.75,True,6.75
2026-09-01,holdout,SSM,2026-09-01T13:38:00+00:00,2026-09-01T13:38:00.013530+00:00,True,4.0,target,2026-09-01T13:39:13.725447+00:00,4.0,9.75,True,5.75
2026-09-01,holdout,SSM,2026-09-01T14:44:00+00:00,2026-09-01T14:44:00.349362+00:00,False,2.0,atr_sell_or_close,2026-09-01T14:49:00.637934+00:00,-5.6235,1.956,False,0.0
2026-09-01,holdout,SSM,2026-09-01T14:44:00+00:00,2026-09-01T14:44:00.349362+00:00,False,3.0,atr_sell_or_close,2026-09-01T14:49:00.637934+00:00,-5.6235,1.956,False,0.0
2026-09-01,holdout,SSM,2026-09-01T14:44:00+00:00,2026-09-01T14:44:00.349362+00:00,False,4.0,atr_sell_or_close,2026-09-01T14:49:00.637934+00:00,-5.6235,1.956,False,0.0
2026-09-01,holdout,SSM,2026-09-01T15:27:00+00:00,2026-09-01T15:27:02.246693+00:00,True,2.0,target,2026-09-01T15:43:35.443954+00:00,2.0,5.6122,True,3.6121999999999996
2026-09-01,holdout,SSM,2026-09-01T15:27:00+00:00,2026-09-01T15:27:02.246693+00:00,True,3.0,target,2026-09-01T15:53:42.475577+00:00,3.0,5.6122,True,2.6121999999999996
2026-09-01,holdout,SSM,2026-09-01T15:27:00+00:00,2026-09-01T15:27:02.246693+00:00,True,4.0,target,2026-09-01T15:55:35.195534+00:00,4.0,5.6122,True,1.6121999999999996
2026-09-01,holdout,SSM,2026-09-01T17:38:00+00:00,2026-09-01T17:38:08.983953+00:00,False,2.0,atr_sell_or_close,2026-09-01T17:55:05.504969+00:00,-3.2258,0.0,False,0.0
2026-09-01,holdout,SSM,2026-09-01T17:38:00+00:00,2026-09-01T17:38:08.983953+00:00,False,3.0,atr_sell_or_close,2026-09-01T17:55:05.504969+00:00,-3.2258,0.0,False,0.0
2026-09-01,holdout,SSM,2026-09-01T17:38:00+00:00,2026-09-01T17:38:08.983953+00:00,False,4.0,atr_sell_or_close,2026-09-01T17:55:05.504969+00:00,-3.2258,0.0,False,0.0
2026-09-01,holdout,SSM,2026-09-01T18:32:00+00:00,2026-09-01T18:32:09.909305+00:00,True,2.0,target,2026-09-01T19:02:52.559918+00:00,2.0,24.937,True,22.937
2026-09-01,holdout,SSM,2026-09-01T18:32:00+00:00,2026-09-01T18:32:09.909305+00:00,True,3.0,target,2026-09-01T19:03:07.942985+00:00,3.0,24.937,True,21.937
2026-09-01,holdout,SSM,2026-09-01T18:32:00+00:00,2026-09-01T18:32:09.909305+00:00,True,4.0,target,2026-09-01T19:11:51.192395+00:00,4.0,24.937,True,20.937
