population,symbol,date,entry_time_et,entry_ts,entry_px,max_down_pct,low_time_et,minutes_to_low,entry_volume_ratio_20,entry_vs_vwap_pct,entry_macd_histogram,entry_macd_histogram_pct,entry_macd_direction,entry_stochastic,entry_rsi,entry_dot_count,entry_atr_trail,entry_atr_stop_vs_fill_pct,entry_atr_stop_position,scanner_confirm_time_et,scanner_age_minutes,scanner_confirm_path,scanner_rank_score,scanner_force_watchlist,scanner_price,scanner_day_volume,scanner_float_used,scanner_change_pct,scanner_reconfirm_seq,scanner_removal,scanner_removal_time_et,bar1_close_vs_entry_pct,bar1_close_above_entry,bar1_traded_above_entry,bar1_direction,bar1_running_low_pct,bar1_volume_ratio_20,bar1_macd_histogram,bar1_macd_histogram_pct,bar1_macd_direction,bar1_stochastic,bar1_rsi,bar1_dot_count,bar1_price_vs_vwap_pct,bar1_above_vwap,bar1_atr_stop_vs_price_pct,bar1_atr_stop_position,bar1_post_fill_trade_prints,bar1_missing_state,bar2_close_vs_entry_pct,bar2_close_above_entry,bar2_traded_above_entry,bar2_direction,bar2_running_low_pct,bar2_volume_ratio_20,bar2_macd_histogram,bar2_macd_histogram_pct,bar2_macd_direction,bar2_stochastic,bar2_rsi,bar2_dot_count,bar2_price_vs_vwap_pct,bar2_above_vwap,bar2_atr_stop_vs_price_pct,bar2_atr_stop_position,bar2_post_fill_trade_prints,bar2_missing_state,bar3_close_vs_entry_pct,bar3_close_above_entry,bar3_traded_above_entry,bar3_direction,bar3_running_low_pct,bar3_volume_ratio_20,bar3_macd_histogram,bar3_macd_histogram_pct,bar3_macd_direction,bar3_stochastic,bar3_rsi,bar3_dot_count,bar3_price_vs_vwap_pct,bar3_above_vwap,bar3_atr_stop_vs_price_pct,bar3_atr_stop_position,bar3_post_fill_trade_prints,bar3_missing_state,bar4_close_vs_entry_pct,bar4_close_above_entry,bar4_traded_above_entry,bar4_direction,bar4_running_low_pct,bar4_volume_ratio_20,bar4_macd_histogram,bar4_macd_histogram_pct,bar4_macd_direction,bar4_stochastic,bar4_rsi,bar4_dot_count,bar4_price_vs_vwap_pct,bar4_above_vwap,bar4_atr_stop_vs_price_pct,bar4_atr_stop_position,bar4_post_fill_trade_prints,bar4_missing_state,bar5_close_vs_entry_pct,bar5_close_above_entry,bar5_traded_above_entry,bar5_direction,bar5_running_low_pct,bar5_volume_ratio_20,bar5_macd_histogram,bar5_macd_histogram_pct,bar5_macd_direction,bar5_stochastic,bar5_rsi,bar5_dot_count,bar5_price_vs_vwap_pct,bar5_above_vwap,bar5_atr_stop_vs_price_pct,bar5_atr_stop_position,bar5_post_fill_trade_prints,bar5_missing_state,first_five_shape
never_touched_plus_1,PMI,2026-08-24,07:34:00,2026-08-24T11:34:00.855962+00:00,4.37,-2.0595,07:44:14,10.22,1.3344896220080278,-0.42556662412894797,0.02136906325503611,0.4901161297026631,rising,94.11764705882365,47.15927402849477,3,4.2437268599078966,-2.8895455398650682,below,04:16:49,197.19759936666665,PATH_C_EXTREME_MOVER,100.0,True,4.6,1013761,2338634,43.302,0,FADE,09:32:44,-0.006864988558352714,False,False,flat,-0.22883295194507935,0.6357561895397603,0.02274684757657916,0.5205585641252067,rising,99.8235294117646,48.66700684120352,3,-0.4249983488410103,False,-2.288910270125699,below,160,,-0.03432494279176357,False,False,up,-0.22883295194507935,0.6661410510879936,0.022801363979053836,0.5219495016379497,rising,98.92857142857139,48.48270205142182,3,-0.4448516767960431,False,-1.9918692837117113,below,160,,-0.22883295194507935,False,False,flat,-0.22883295194507935,0.5672630881378397,0.02150578597929459,0.49325197200216947,falling,91.66666666666686,47.12143645281919,3,-0.6319154151575135,False,-1.7571524708063446,below,101,,-0.22883295194507935,False,False,down,-0.22883295194507935,0.4255102801710989,0.019925345409509417,0.4570033350804911,falling,91.66666666666686,47.12143645281919,2,-0.6272567703268228,False,-1.5662724353606716,below,83,,-0.22883295194507935,False,False,flat,-0.22883295194507935,0.832328065161766,0.018203793913087737,0.41751820901577374,falling,91.65971643035883,47.12143645281919,1,-0.618388653937596,False,-1.4135684070041288,below,120,,never_reclaimed_entry
never_touched_plus_1,PMI,2026-08-24,08:50:03,2026-08-24T12:50:03.990114+00:00,4.32,-2.0833,08:55:34,5.5,0.9210974088058468,-0.9268498487413623,0.0008417334569610323,0.019509409131093575,rising,84.49999999999966,50.080360927943794,3,4.231394051680334,-2.0510636185108067,below,04:16:49,273.24983523333333,PATH_C_EXTREME_MOVER,100.0,True,4.6,1013761,2338634,43.302,0,FADE,09:32:44,0.23148148148146586,True,True,up,-0.11574074074073293,0.6826798746411274,0.003943432580054029,0.09107234595967735,rising,100.0,53.57590572290683,3,-0.6939655859821703,False,-1.7819805694164637,below,98,,0.23148148148146586,True,True,up,-0.11574074074073293,0.678590331686662,0.00584221026702423,0.1349240246425919,rising,90.90909090909106,53.575905722906846,3,-0.6909836368912736,False,-1.7489100906371013,below,68,,0.02777777777778212,True,True,down,-0.11574074074073293,0.31105140881514187,0.006312572017809687,0.14608377343815807,rising,82.90909090909109,51.21457223796547,3,-0.8911726712622303,False,-1.548824560876294,below,57,,0.23148148148146586,True,True,up,-0.11574074074073293,0.1974910858629955,0.006971776447258039,0.16101100340087848,rising,90.90909090909106,53.42523822619809,3,-0.6884060261375669,False,-1.4102955296012687,below,48,,-0.62268518518519,False,True,down,-0.6944444444444531,0.7387883337503823,0.004782429898490951,0.11139805498336752,falling,57.363636363636196,44.3500523942299,0,-1.5286999161018833,False,-0.5628985216215465,below,74,,sub_1pct_failed_bounce
never_touched_plus_1,BTCT,2026-08-24,09:27:00,2026-08-24T13:27:00.003525+00:00,1.69,-8.8757,09:31:32,4.54,0.7816336196803785,0.25275949909455697,0.009256298730392156,0.5508062320971232,rising,83.75000000000011,60.06515512337497,3,1.5810601116235385,-6.446147241210731,below,07:46:11,100.81672541666667,PATH_C_EXTREME_MOVER,40.0,True,1.59,9557857,16976004,39.474,0,FADE,09:42:34,-1.183431952662728,False,False,down,-1.183431952662728,0.8964424005809196,0.009949925914881795,0.5958039469989099,rising,74.99999999999996,57.06471493731471,3,-0.9320598287888671,False,-5.325741818949781,below,294,,-2.9585798816568087,False,False,down,-3.4911242603550274,0.6413729056224123,0.008054913113055609,0.4911532386009517,falling,45.45454545454535,49.46227349012151,1,-2.7076548790079813,False,-3.593895632711064,below,397,,-3.2544378698224796,False,False,down,-4.142011834319515,0.8311539472206941,0.0062138134396441495,0.38004975166019267,falling,40.90909090909089,48.30714515481378,0,-2.9972548619604633,False,-3.2990757416796024,below,490,,-5.917159763313606,False,False,down,-5.917159763313606,2.734355360254434,0.0019361498673451244,0.12177043190849839,falling,0.0,39.39094590027953,0,-5.628982617466038,False,-0.5622571305950674,below,1061,,-5.934911242603558,False,False,down,-8.875739644970404,4.021703235765273,-0.0007962258642672734,-0.05008654867379213,falling,31.062499999999925,39.33881645460361,1,-5.542312389463932,False,-0.5434917516802806,below,1654,,never_reclaimed_entry
never_touched_plus_1,BTCT,2026-08-24,11:28:00,2026-08-24T15:28:00.598358+00:00,2.38,-13.0252,11:33:49,5.81,1.1767106649308305,15.621330084214712,0.005519241059987174,0.23238909726261786,rising,95.83333333333343,56.949559025048416,3,2.1685937790154544,-8.88261432708175,below,09:49:29,98.5266393,PATH_C_EXTREME_MOVER,13.3,True,1.54,58054475,16976004,35.088,1,,,-0.8403361344537785,False,False,down,-2.5210084033613467,1.9111078043378547,0.007598753029801163,0.32198106058479503,rising,83.33333333333333,55.31523857422039,3,14.558444046177188,True,-8.110433092565483,below,1766,,-2.1008403361344463,False,False,down,-5.042016806722693,1.7745989484743618,0.006595408401526183,0.2830647382629263,falling,58.33333333333352,52.09521282015645,3,13.023490939127402,True,-6.927305621654323,below,1927,,-3.777310924369748,False,False,down,-5.042016806722693,0.6944419239513957,0.00306555882413334,0.13386135208651762,falling,25.083333333333325,48.08591119721804,0,11.060711759533405,True,-5.305716823917972,below,917,,-4.168067226890749,False,False,down,-5.042016806722693,0.3347021162417921,8.301892297581841e-05,0.003639903673089197,falling,17.33333333333363,47.17458524085419,0,10.597583148997947,True,-4.9195993065830335,below,418,,-3.7268907563025144,False,False,up,-5.042016806722693,0.5682526626537263,-0.0011367276795641254,-0.049610600076992334,falling,26.083333333333584,48.364444989792375,1,11.087750409594687,True,-5.355310128946266,below,621,,never_reclaimed_entry
never_touched_plus_1,PMI,2026-08-24,13:42:00,2026-08-24T17:42:00.137546+00:00,4.63,-3.4557,13:56:09,14.15,9.247097382619854,1.2868754085599399,0.011801835645032885,0.25493780150417744,rising,99.56222639149459,72.88881538450138,3,4.480901640520768,-3.220266943395933,below,10:00:57,221.05229243333332,PATH_C_EXTREME_MOVER,37.5,True,4.38,8493086,2338634,36.449,2,,,-1.1879049676025821,False,False,down,-2.591792656587477,3.445196677221479,0.012549247114106155,0.27430048336844054,rising,65.6035021888681,60.29781844585168,3,0.08366044269942918,True,-2.056794742715451,below,152,,-0.8682505399567941,False,False,up,-2.591792656587477,1.3005314160675212,0.013306754789144426,0.2899201444320978,rising,74.8592870544092,62.213748316812314,3,0.40715947951299736,True,-2.372616660404203,below,80,,-0.9719222462203025,False,False,flat,-2.591792656587477,0.5294937296795169,0.012749725769766478,0.27807471689785124,falling,71.85741088180107,61.182515391056775,3,0.302049896076273,True,-2.270411329972344,below,40,,-0.7775377969762354,False,False,up,-2.591792656587477,1.5737021984665203,0.012249595555429295,0.26664335122832594,falling,77.48592870544108,62.439661781447384,3,0.4983686988417668,True,-2.4618711249288605,below,63,,-0.6695464362850956,False,False,down,-2.591792656587477,1.2435227233731025,0.011528156100660186,0.250666581879978,falling,80.61288305190757,63.153608180605026,2,0.607122520951453,True,-2.5679138830013493,below,76,,never_reclaimed_entry
never_touched_plus_1,PMI,2026-08-24,14:17:00,2026-08-24T18:17:00.122862+00:00,4.51,-1.1086,14:33:33,16.56,0.49803637640141296,-1.3141289454300042,0.010107806783586632,0.22412485384568684,rising,93.91824526420737,57.52596219926931,3,4.431026111830438,-1.751083994890501,below,10:00:57,256.0520477,PATH_C_EXTREME_MOVER,37.5,True,4.38,8493086,2338634,36.449,2,,,-0.22838137472284137,False,False,down,-0.44124168514412254,0.6609292765015472,0.009873392147884227,0.21942334262026864,falling,81.04651162790681,55.0239906506472,3,-1.5391661801203438,False,-1.5261881496446694,below,21,,-0.44124168514412254,False,False,down,-0.44124168514412254,0.34456476030277544,0.008684196739867322,0.19340764659734352,falling,65.92105263157873,52.70076630536773,3,-1.7490602829555835,False,-1.315647494923533,below,11,,,,False,,-0.44124168514412254,,,,,,,,,,,,13,strategy_bar,-0.22172949002217113,False,False,flat,-0.6651884700665023,0.5393888724075622,0.00818355423272311,0.18185676072718024,falling,77.52808988764048,54.81932464900544,2,-1.53218639792565,False,-1.2189740165070129,below,15,,-0.44345898004433115,False,False,flat,-0.6651884700665023,0.028676301904106447,0.0068521043664265665,0.15260811506517966,falling,63.38028169014098,52.27244385970365,1,-1.7509897820991327,False,-0.9989717314658253,below,12,,never_reclaimed_entry
never_touched_plus_1,PMI,2026-08-24,14:43:00,2026-08-24T18:43:00.203558+00:00,4.62,-4.329,14:58:19,15.32,4.762507165306082,1.099099922425828,0.008887850343661009,0.1923777130662556,rising,100.0,76.40776335831748,3,4.504439311630988,-2.5013136010608616,below,10:00:57,282.0533926333334,PATH_C_EXTREME_MOVER,37.5,True,4.38,8493086,2338634,36.449,2,,,-0.515151515151524,False,False,down,-1.0822510822510734,7.246097895764643,0.011379184205964857,0.2475780907263578,rising,84.13333333333304,69.03406464798259,3,0.577120563761957,True,-1.9964468119100909,below,128,,-1.0584415584415474,False,False,down,-1.0822510822510734,0.5723501922997395,0.010672137808506853,0.2334697952026176,falling,66.64392905866329,62.21500499790978,2,0.02783303944215998,True,-1.4583073739146468,below,58,,-1.9480519480519431,False,False,down,-2.16450216450218,1.7964443754366897,0.0069520665857464164,0.153467253548486,falling,37.80234968901196,52.98563653957013,0,-0.8712475805660813,False,-0.5642536063799608,below,82,,-1.515151515151525,False,False,up,-2.16450216450218,1.0213788490598756,0.005421916148352756,0.11916299227148915,falling,51.624049758120144,56.37693402015733,2,-0.43338912539814256,False,-1.0013338103079472,below,59,,-1.4696969696969653,False,False,up,-2.16450216450218,1.4690088713941603,0.004189884821815246,0.09204289936106952,falling,53.07532826537683,56.72987126936218,2,-0.38725695367156643,False,-1.047004423650888,below,34,,never_reclaimed_entry
never_touched_plus_1,BTCT,2026-08-24,14:48:04,2026-08-24T18:48:04.154702+00:00,1.95,-6.6667,15:22:50,34.77,1.5819008567085027,-5.902187671719073,0.008264469369131722,0.4249084508551014,rising,75.00000000000006,56.897395737153225,3,1.822927833654448,-6.516521351053939,below,09:49:29,298.5859117,PATH_C_EXTREME_MOVER,13.3,True,1.54,58054475,16976004,35.088,1,,,-1.533333333333331,False,True,down,-1.538461538461544,0.43942464190821534,0.007499655094706004,0.39058669312567074,falling,50.09999999999988,50.04281996856685,3,-7.343551228515077,False,-5.060786747854373,below,244,,-0.517948717948713,False,False,up,-1.538461538461544,0.23581188211154636,0.008009483746756843,0.41288126948589327,rising,69.89999999999995,54.71474179777017,3,-6.38727428222955,False,-6.029803925230781,below,131,,-2.046153846153853,False,False,down,-2.051282051282055,0.6501580575002088,0.006107896471826486,0.31976841379124055,falling,40.09999999999986,47.51288025634759,0,-7.8228729924311295,False,-4.563748827053649,below,235,,-1.7948717948717885,False,False,flat,-2.051282051282055,0.18891083188430885,0.004995116560842897,0.2608415958664698,falling,44.999999999999986,48.70838495403564,2,-7.58576856174612,False,-4.807946023266418,below,85,,-1.7948717948717885,False,False,flat,-2.051282051282055,0.16061428825359608,0.00411098815180169,0.21467301053794724,falling,44.999999999999986,48.70838495403564,2,-7.585241574381374,False,-4.532217622355638,below,81,,sub_1pct_failed_bounce
never_touched_plus_1,LUCY,2026-08-24,14:51:00,2026-08-24T18:51:00.619173+00:00,1.1,-5.4545,15:11:34,20.57,2.964662137083995,4.678717641369512,0.0017762763327909183,0.16221701669323457,rising,89.99999999999977,65.53792549286959,3,1.0432922648439464,-5.155248650550337,below,09:36:58,314.0436528833333,PATH_C_EXTREME_MOVER,70.0,True,1.072,65157089,8609196,56.748,0,,,-0.454545454545463,False,False,flat,-1.8181818181818188,1.9979307384881009,0.002578805675413635,0.2355073676176836,rising,89.99999999999977,65.53792549286959,3,4.199468214529722,True,-4.722167594160142,below,275,,-0.9000000000000008,False,False,down,-1.8181818181818188,1.4662986432375695,0.002599811918994591,0.2384929748641951,rising,80.19999999999997,61.88602324829734,3,3.7304465956607746,True,-4.293893693794482,below,185,,-0.454545454545463,False,False,down,-1.8181818181818188,1.010812154496291,0.0027493610508771147,0.2510832009933438,rising,89.99999999999977,64.04369882738791,3,4.194726079664024,True,-4.3866995798994886,below,157,,-2.7181818181818196,False,False,down,-2.7272727272727337,1.5955021619292196,0.0010636060305057038,0.09939314367869392,falling,25.24999999999997,48.89556053984775,0,1.8234219325992118,True,-2.1618877114194412,below,249,,-2.7181818181818196,False,False,down,-2.7272727272727337,2.5885219927207594,-9.74763572313183e-05,-0.009109088611467926,falling,0.33333333333329634,48.89556053984775,0,1.8207125207134522,True,-2.1618877114194412,below,290,,never_reclaimed_entry
never_touched_plus_1,LUCY,2026-08-24,15:20:00,2026-08-24T19:20:00.988445+00:00,1.11,-6.3063,15:37:07,17.11,8.338737556618176,5.602002848795773,0.003625374769809073,0.3266397666284416,rising,93.20000000000016,67.89256872184845,3,1.0279206033300436,-7.394540240536617,below,09:36:58,343.0498074166666,PATH_C_EXTREME_MOVER,70.0,True,1.072,65157089,8609196,56.748,0,,,-2.7027027027027084,False,False,down,-2.7027027027027084,2.102815141395795,0.0043536819434511894,0.40311869846770276,rising,53.333333333333414,55.898466967539854,3,2.7445528300030997,True,-4.822166358329294,below,271,,-2.6936936936936995,False,False,down,-2.7027027027027084,0.8746860106587725,0.004624044115626879,0.428112592873519,rising,53.46666666666673,55.926510738923284,3,2.752878293140326,True,-4.830978304782563,below,87,,-1.8018018018018056,False,False,up,-2.7027027027027084,0.7895228950953785,0.005208076374460537,0.4778051719688566,rising,66.66666666666677,58.724795112893034,3,3.6934883504974314,True,-5.69535749265655,below,80,,-2.2522522522522626,False,False,flat,-2.7027027027027084,0.5448276552226892,0.004995341580309997,0.46040014565069093,falling,59.99999999999994,56.76454683518693,3,3.2170284219310785,True,-5.26077388663192,below,66,,-3.1531531531531654,False,False,down,-3.603603603603611,0.7028371400142965,0.003963886829725184,0.3687336585790869,falling,46.666666666666586,52.957144194793486,0,2.264975027270033,True,-4.379478759995936,below,115,,never_reclaimed_entry
never_touched_plus_1,BTCT,2026-08-24,15:47:00,2026-08-24T19:47:00.061639+00:00,1.87,-3.7433,15:56:58,9.98,1.5112324040439284,-9.570153253815006,0.00368309532546994,0.1969569692764674,rising,85.71428571428599,51.02410965224163,3,1.7910552580402257,-4.221643955068155,below,09:49:29,357.51769398333334,PATH_C_EXTREME_MOVER,13.3,True,1.54,58054475,16976004,35.088,1,,,-0.8021390374331583,False,False,down,-1.0695187165775444,0.24425305421093438,0.003919215241693665,0.21127844968699006,rising,64.28571428571433,46.99153708326849,3,-10.294536672722787,False,-3.4471559007964614,below,91,,-0.8021390374331583,False,False,up,-1.0695187165775444,0.3853646541927147,0.004008101638410786,0.2160701691865653,rising,64.28571428571433,46.99153708326849,3,-10.292970631812114,False,-3.4471559007964614,below,149,,-0.8021390374331583,False,False,up,-1.0695187165775444,1.1653747876025808,0.00399091007130499,0.21514340007034988,falling,64.28571428571433,46.99153708326849,3,-10.288062520386386,False,-3.341224144657917,below,199,,-0.8021390374331583,False,False,flat,-1.0695187165775444,0.5738607217623979,0.0038990360105714793,0.21019062051598272,falling,64.28571428571433,46.99153708326849,3,-10.285695436440246,False,-3.0503378062923803,below,111,,-1.0695187165775444,False,False,down,-1.0695187165775444,0.3603902568527245,0.0034371935889007093,0.18579424804868697,falling,57.14285714285732,45.38340644686459,0,-10.526046572396696,False,-2.788311692255341,below,199,,never_reclaimed_entry
never_touched_plus_1,LUCY,2026-08-24,15:56:00,2026-08-24T19:56:00.913644+00:00,1.13,-3.5398,15:59:35,3.57,5.526227620953439,7.450873011571546,0.0061262388541641,0.5421450313419558,rising,100.0,74.42151039889902,3,1.0644069590014598,-5.8046938936761165,below,09:36:58,379.0485607333333,PATH_C_EXTREME_MOVER,70.0,True,1.072,65157089,8609196,56.748,0,,,-1.0442477876106082,False,False,down,-1.7699115044247593,3.1602982620806217,0.006219121199002069,0.5561725271867348,rising,83.14285714285738,67.04550734797613,3,6.316807983686057,True,-4.810681541633011,below,571,,-1.7699115044247593,False,False,down,-1.7699115044247593,1.3454749441698137,0.0053771739268520715,0.48443008350018657,falling,71.42857142857166,62.41599710736451,2,5.532435601710595,True,-4.107481171039673,below,308,,-1.7699115044247593,False,False,down,-1.7699115044247593,1.3296201620282768,0.004504479004926468,0.4058089193627448,falling,66.66666666666691,62.41599710736451,0,5.527497305745022,True,-4.107481171039673,below,274,,-2.663716814159278,False,False,down,-3.539823008849541,2.649774245522772,0.0030034351382967842,0.27306438206171324,falling,48.63481228668976,56.812182849514855,0,4.557377582591182,True,-3.226933448362612,below,589,,,,,,-3.539823008849541,,,,,,,,,,,,0,"strategy_bar,trade_prints",incomplete_first_five
never_touched_plus_1,WVVIP,2026-08-25,12:38:01,2026-08-25T16:38:01.778848+00:00,5.6,-8.5714,12:42:53,4.86,0.8597834892112821,-28.126559464443844,0.04874850271734882,0.8736447376718008,rising,100.00000000000001,58.91636053670469,3,5.294984209886951,-5.446710537733013,below,09:42:51,175.17964746666667,PATH_C_EXTREME_MOVER,55.0,True,9.71,4784156,10239573,266.415,0,FADE,14:24:39,-0.35714285714284477,False,True,down,-1.6071428571428514,1.1959436659740352,0.05479820769825171,0.982046732943579,rising,79.62962962962958,58.919899010012614,3,-28.325409159882465,False,-5.107809858656798,below,111,,1.3607142857142929,True,True,up,-1.7857142857142794,1.130807397383852,0.06235414058563248,1.0985190899833073,rising,97.44444444444431,62.285162051603656,3,-27.046635895589553,False,-6.716038725081019,below,57,,-1.2482142857142775,False,True,down,-1.7857142857142794,0.6951305575158787,0.05485291581440599,0.9918973583552917,falling,69.54285714285709,54.92604562288991,2,-28.897148273250906,False,-4.251564892371729,below,41,,-2.678571428571419,False,False,down,-2.678571428571419,2.8068215988659304,0.042394327847297575,0.777877575179772,falling,47.25274725274721,51.34425715643475,0,-29.813022703074633,False,-2.844326424092647,below,71,,-7.499999999999996,False,False,down,-7.499999999999996,1.0702079472925674,0.01526606082954345,0.29471159902593536,falling,0.0,41.516429572032436,0,-33.24334068421821,False,9.789795886182318,above,96,,sub_1pct_failed_bounce
never_touched_plus_1,WVVIP,2026-08-25,15:42:03,2026-08-25T19:42:03.110480+00:00,3.5,-8.2857,15:42:03,0.0,1.8941731711744418,-51.774687393024955,0.01919238101118298,0.5483537431766565,rising,54.72730703906398,44.42117027959226,3,3.0995029847500963,-11.442771864282964,below,15:41:40,0.38517466666666667,PATH_C_EXTREME_MOVER,20.0,True,3.5,7005105,10239573,32.075,2,FADE,15:43:31,,,False,,-8.285714285714285,,,,,,,,,,,,13,strategy_bar,,,False,,-8.285714285714285,,,,,,,,,,,,9,strategy_bar,,,,,-8.285714285714285,,,,,,,,,,,,0,"strategy_bar,trade_prints",,,,,-8.285714285714285,,,,,,,,,,,,0,"strategy_bar,trade_prints",,,,,-8.285714285714285,,,,,,,,,,,,0,"strategy_bar,trade_prints",incomplete_first_five
never_touched_plus_1,XPON,2026-08-26,11:37:00,2026-08-26T15:37:00.315452+00:00,9.58,-9.7077,12:13:37,36.62,2.618315918869084,1.6023105905821566,0.09593373068062065,1.0013959361233888,rising,99.99999999999999,68.60626090693536,3,8.814175720603878,-7.993990390356187,below,09:45:07,111.88859086666666,PATH_C_EXTREME_MOVER,22.0,True,7.1746,2739021,962335,36.14,2,,,-2.150313152400829,False,False,down,-2.8183716075156573,1.212822655809008,0.08831440496973654,0.9421208125638632,falling,75.18072289156632,59.59478296157991,3,-0.5821434841191686,False,-5.972096003799054,below,1353,,-1.6701461377870541,False,False,up,-3.653444676409179,0.9766754581631658,0.0819490016267964,0.8699469387133375,falling,80.0,60.83198086823294,3,-0.09179322193177963,False,-6.431255619916376,below,894,,-1.6701461377870541,False,False,up,-3.653444676409179,0.4858358347428345,0.0735808266062393,0.781112808983432,falling,78.66666666666664,60.83198086823294,2,-0.09129938579114372,False,-6.431255619916376,below,481,,-2.713987473903967,False,False,down,-3.653444676409179,0.8369489509175498,0.05784655469114461,0.6206711876732254,falling,63.39574827537664,56.47235550541397,0,-1.150681781063001,False,-5.4272991351515305,below,721,,-3.9561586638830804,False,False,down,-3.9665970772442716,0.6826855573733952,0.03697579286917578,0.40186711084855753,falling,39.841269841269984,51.7220194930903,0,-2.408717010235617,False,-4.204154759223155,below,670,,never_reclaimed_entry
never_touched_plus_1,CDTG,2026-08-26,15:28:02,2026-08-26T19:28:02.563357+00:00,1.3,-3.0769,15:28:02,0.0,8.889056106852278,-0.6059896080842231,0.0014724853026030407,0.1141461474886078,rising,94.11764705882365,63.07409828417261,3,1.2114553878651582,-6.811124010372449,below,15:27:56,0.10938928333333334,PATH_C_EXTREME_MOVER,20.0,True,1.29,30925643,3021027,31.633,6,FADE,15:29:50,-1.1538461538461608,False,False,down,-2.3076923076923106,4.003463361978541,0.003476044517087222,0.2705093009406399,rising,88.23529411764704,60.80876112756836,3,-1.7491430385629392,False,-5.723316119442934,below,176,,,,False,,-3.0692307692307685,,,,,,,,,,,,98,strategy_bar,,,,,-3.0692307692307685,,,,,,,,,,,,0,"strategy_bar,trade_prints",,,,,-3.0692307692307685,,,,,,,,,,,,0,"strategy_bar,trade_prints",,,,,-3.0692307692307685,,,,,,,,,,,,0,"strategy_bar,trade_prints",incomplete_first_five
never_touched_plus_1,WNW,2026-08-27,08:04:00,2026-08-27T12:04:00.411794+00:00,3.4,-3.2353,08:29:25,25.42,1.2490952447748633,-0.42861619237283266,0.010570363591663672,0.3108930468136374,rising,100.0,60.75573182412221,3,3.2980109871823666,-2.9996768475774482,below,05:53:08,130.8735299,PATH_C_EXTREME_MOVER,100.0,True,3.79,4343777,26330471,52.823,2188,RETENTION_DROP,08:32:04,-0.00294117647058334,False,True,up,-0.588235294117645,2.03512806985305,0.01203059190035972,0.3538513456383929,rising,76.8461538461539,60.727562022308646,3,-0.4266599002791138,False,-2.9968238129837177,below,181,,-0.2941176470588225,False,False,down,-0.588235294117645,0.48054734877935,0.011783565238471379,0.34759779464517343,falling,69.23076923076928,57.867025028054655,3,-0.7142201812942117,False,-2.7135402011101317,below,46,,-1.764705882352946,False,False,down,-1.764705882352946,1.9381193174433216,0.00789346833401752,0.2363313872460335,falling,18.3303085299455,46.06509172703585,0,-2.156367014064442,False,-1.2571560723842246,below,149,,-1.764705882352946,False,False,down,-1.7676470588235293,0.7391857016293671,0.005096783267199732,0.15259830141316563,falling,18.181818181818144,46.06509172703585,0,-2.1465338775535248,False,-1.2571560723842246,below,76,,-1.7617647058823516,False,False,up,-1.7676470588235293,0.446606819413779,0.0031267995761529634,0.0936139509641317,falling,18.272727272727426,46.09059441199066,1,-2.1378670428456537,False,-1.2601123564454197,below,51,,sub_1pct_failed_bounce
never_touched_plus_1,PPCB,2026-08-27,09:33:00,2026-08-27T13:33:00.996009+00:00,4.13,-25.6659,09:48:15,15.24,4.666271916641859,14.065346372547282,0.041938390218593594,1.022887566307161,rising,96.05211212001576,69.92525156443506,3,3.3174264999158867,-19.6749031497364,below,08:31:04,61.94993348333333,PATH_C_EXTREME_MOVER,40.0,True,2.39,556039,3503116,123.364,0,,,-6.779661016949145,False,False,down,-12.832929782082324,3.0827863319851225,0.0447065370509944,1.161208754571283,rising,63.15304645348075,58.31968429912103,3,5.948879393429651,True,-13.833077924262682,below,10135,,-18.76513317191283,False,False,down,-20.33898305084746,2.4919243125968675,0.012561839670672663,0.3744214506906904,falling,7.738095238095233,43.07528362602849,1,-7.5893435844440855,False,-1.1199254868588193,below,10789,,-17.19128329297821,False,False,up,-24.210653753026634,2.0291545199389422,-0.004071213170439712,-0.11904132077309101,falling,28.992899289928978,45.10448386321594,1,-5.582899377770345,False,-2.99922514865828,below,10322,,-12.832929782082324,False,False,up,-24.210653753026634,1.1838093941899073,-0.002761625152752626,-0.07671180979868404,rising,46.994699469947,50.37955713959234,3,-0.5749420492481172,False,-7.849263891225378,below,5983,,-12.835351089588375,False,False,up,-24.210653753026634,0.7421435691956293,-0.0017618551705843744,-0.04894178089903538,rising,46.98469846984697,50.37666090870831,3,-0.5634586930849839,False,-7.84670407744974,below,3711,,never_reclaimed_entry
never_touched_plus_1,CELU,2026-08-27,15:42:01,2026-08-27T19:42:01.334896+00:00,2.14,-5.1402,15:50:30,8.49,1.5947852558040974,11.604695338326954,0.014824743760562182,0.6927774083163785,rising,92.78571428571429,63.302573802633475,3,2.001667492976843,-6.464135842203589,below,10:25:42,316.3222482666667,PATH_C_EXTREME_MOVER,40.0,True,1.231,27512557,28945961,39.823,4,,,-0.9345794392523366,False,True,down,-1.4018691588785215,1.305592396901323,0.013971617317391414,0.6590385527071421,falling,76.97620874904084,59.34605311482414,3,10.546776622321596,True,-5.581722029394198,below,917,,-2.341121495327103,False,False,down,-2.8037383177570097,0.8949625294700798,0.010761711109277376,0.5149390453742941,falling,53.76923076923087,53.862332367566786,0,8.968343007463186,True,-4.221853056278146,below,641,,-2.570093457943934,False,False,up,-4.205607476635532,1.3686428951350973,0.007826566602172938,0.37537489698671167,falling,50.0,53.00370644197478,0,8.70054259582458,True,-3.9967629267701033,below,902,,-1.6355140186915973,False,False,up,-4.205607476635532,0.8386381979266169,0.006788724032023626,0.3225047046091984,falling,65.38461538461542,56.081138771288906,2,9.734413555325938,True,-4.908907697062082,below,541,,-1.1682242990654124,False,False,up,-4.205607476635532,0.6118274012276496,0.006340829468128237,0.2998028117318315,falling,73.0769230769233,57.57696560820274,3,10.248735029239754,True,-5.35851097036203,below,559,,sub_1pct_failed_bounce
never_touched_plus_1,RDHL,2026-08-31,10:40:02,2026-08-31T14:40:02.694482+00:00,1.13,-7.0796,10:49:47,9.75,2.022518611349676,-19.055189120831805,0.008411416070832933,0.7510192920386546,rising,85.71428571428599,56.763935507246636,3,1.037715761535333,-8.166746766784684,below,07:41:31,178.5282413666667,PATH_C_EXTREME_MOVER,70.0,True,1.9,10986148,6080920,187.443,0,FADE,17:51:21,-0.9911504424778617,False,False,down,-1.7699115044247593,1.1864414430801316,0.008530807066881323,0.7624961625743049,rising,84.00000000000014,56.42569835520945,3,-19.807637106532628,False,-7.135090344273642,below,407,,-2.725663716814153,False,False,down,-3.539823008849541,0.9727826217833867,0.006971275640252608,0.634213577169997,falling,55.999999999999986,51.072699693661036,2,-21.16886450578319,False,-5.479202217224655,below,466,,-3.530973451327424,False,False,down,-3.539823008849541,0.3045804965972473,0.005095377902366967,0.4674229797602941,falling,38.61538461538483,48.75982382943017,0,-21.807963283746457,False,-4.690156019790259,below,179,,-4.504424778761063,False,False,down,-5.309734513274322,0.8944377757404395,0.002986658590631338,0.2767731063507866,falling,15.166666666666519,46.04535233329817,0,-22.558605812822407,False,-3.7185979771785282,below,518,,-5.309734513274322,False,False,flat,-5.309734513274322,0.44965142213569076,0.0009570001399114127,0.08943926541228155,falling,0.0,43.86954861699806,0,-23.192913420706805,False,-2.899756146890986,below,265,,never_reclaimed_entry
never_touched_plus_1,WETO,2026-08-31,12:21:00,2026-08-31T16:21:00.121548+00:00,10.7,-10.0,12:31:32,10.55,2.274973714838325,-2.554988272231329,0.04122087659432355,0.3852418373301267,rising,99.99999999999999,53.268150132344,3,9.766340891484186,-8.725786060895457,below,09:34:44,166.26869246666666,PATH_C_EXTREME_MOVER,23.3,True,7.75,2486382,1077801,35.49,2,FADE,15:37:17,-3.712149532710274,False,False,down,-3.738317757009335,2.085047769043684,0.04354935462721288,0.4226943610204302,rising,47.01880752300916,42.442109802698454,3,-6.159282104794284,False,-5.206925384515026,below,708,,-5.186915887850462,False,False,down,-5.607476635514019,0.916207894662164,0.03502881976685002,0.34528161426170545,falling,25.970388155262036,39.046868267073556,2,-7.588980555165636,False,-3.732470266296839,below,510,,-4.672897196261683,False,False,up,-5.793457943925229,0.522315926395711,0.03365555541675144,0.32995642565442596,falling,33.30665599573153,40.82376192589893,2,-7.083726110586531,False,-4.25155988740994,below,394,,-5.046728971962611,False,False,up,-5.793457943925229,0.27924581050639513,0.030694664662001436,0.30211284116143144,falling,27.971188475390168,39.9124731159889,1,-7.4457347883116975,False,-3.874597524761958,below,292,,-5.5140186915887845,False,False,down,-5.793457943925229,0.2575308086779287,0.026185759232415534,0.2590084988369489,falling,21.301854074963224,38.748110532342935,0,-7.898974224299948,False,-3.3991998864076556,below,247,,never_reclaimed_entry
never_touched_plus_1,NCRA,2026-08-31,15:12:02,2026-08-31T19:12:02.357047+00:00,3.06,-17.6471,15:33:37,21.59,2.762334881842052,10.932796552227897,0.02406641377728096,0.7866383531830085,rising,69.69863013698634,65.92382798509286,3,2.7067070290461315,-11.545521926597013,below,13:14:30,117.53928411666668,PATH_C_EXTREME_MOVER,35.0,True,2.94,51464337,2376148,55.556,8,,,-1.1633986928104578,False,False,down,-1.9607843137254943,1.8430466763582813,0.023926689191550686,0.791121848682406,falling,60.10958904109588,61.625955693958026,3,9.618810689308944,True,-10.504330477247336,below,802,,-1.637254901960783,False,False,down,-2.614379084967322,1.4038837404103122,0.021583084717867136,0.7170698268336867,falling,56.136986301369866,59.88411915698286,2,9.076942570307246,True,-10.073190835372225,below,531,,-0.6535947712418277,False,True,up,-3.2647058823529362,1.6625135804340685,0.020778062236183153,0.68348888934813,falling,64.38356164383562,62.26826945372015,3,10.146302678724183,True,-10.539854773959878,below,656,,-1.3071895424836666,False,False,down,-3.2647058823529362,0.9149890173157192,0.01773497138445304,0.5872507080944716,falling,58.90410958904109,59.72820383928764,1,9.410012761733967,True,-9.878452586182252,below,424,,-1.6339869281045805,False,False,down,-3.2647058823529362,0.880239818226949,0.01404638153886053,0.46665719398207745,falling,54.28571428571425,58.4444663491224,0,9.037053601366441,True,-9.319714766849286,below,301,,sub_1pct_failed_bounce
never_touched_plus_1,YDDL,2026-08-31,15:40:00,2026-08-31T19:40:00.885075+00:00,2.28,-3.0702,15:45:40,5.66,2.7111542490317992,-2.9958745830997113,0.004802941042959156,0.2106553089017174,rising,100.0,66.17929019596895,3,2.2027699067546385,-3.3872847914632187,below,14:36:26,63.581417916666666,PATH_C_EXTREME_MOVER,27.5,True,2.349,31353686,45829373,42.364,2,FADE,16:12:00,-0.46491228070174584,False,True,down,-1.3157894736842035,2.766945062324254,0.004981747790957293,0.2195182775604694,rising,69.40000000000015,60.95785886041865,3,-3.442910403307853,False,-2.9360224396475565,below,111,,0.0,False,True,up,-1.3157894736842035,1.0562886139206926,0.005487599604113145,0.24068419316285727,rising,79.99999999999991,64.01537741858269,3,-2.990492798684463,False,-3.3872847914632187,below,66,,-0.43859649122806044,False,True,down,-1.3157894736842035,0.927553963121559,0.004844768116099807,0.21342590819822937,falling,70.00000000000009,59.297459509725755,2,-3.4147078896605843,False,-2.9616781165357486,below,97,,-0.6578947368420907,False,False,down,-1.3157894736842035,0.7806286478491529,0.0038237085899925118,0.16881715629106012,falling,56.25000000000017,57.03409093831278,0,-3.62633514348476,False,-2.747465485446432,below,48,,0.0,False,True,up,-1.3157894736842035,1.0595189056108518,0.003886746955702172,0.17047135770623562,rising,74.99999999999986,61.75088120870893,3,-2.9868913398477415,False,-3.3872847914632187,below,86,,sub_1pct_failed_bounce
never_touched_plus_1,SSM,2026-09-01,13:38:08,2026-09-01T17:38:08.983953+00:00,4.03,-3.2258,13:54:49,16.67,2.2920646125737067,0.3079790118343473,0.003116440798442929,0.07733295611412018,rising,100.0,61.974208518921714,3,3.869961473475874,-3.9711793182165334,below,04:35:52,542.2830658833333,PATH_C_EXTREME_MOVER,60.0,True,4.24,1323272,1424834,58.209,2190,,,-0.49627791563277013,False,False,flat,-0.7444168734491385,0.682307119770797,0.004414753016236933,0.11009359142735496,rising,81.81818181818146,57.797528302353356,3,-0.18978006333779662,False,-3.492232581649024,below,77,,-0.49627791563277013,False,False,down,-0.7444168734491385,0.19761166789911735,0.004941963791160372,0.12324099229826366,rising,81.81818181818146,57.797528302353356,3,-0.18976676231394762,False,-3.1461510467690856,below,46,,-0.9454094292804083,False,False,down,-1.2406947890818976,1.1396025617347116,0.003791862410176764,0.09498891280284487,falling,65.36363636363603,53.96135723222939,3,-0.6399332419528392,False,-2.706998095529456,below,56,,-0.8138957816377301,False,False,up,-1.488833746898266,0.5080021894914455,0.0031354353915376033,0.07844079334378073,falling,70.18181818181792,54.90519465774363,2,-0.5077965698845666,False,-2.8360016255238762,below,52,,-1.2406947890818976,False,False,down,-1.488833746898266,0.07142460259330913,0.001379801160776675,0.034668370873785805,falling,54.54545454545443,51.23429346996495,0,-0.9358711748610471,False,-2.416096908930665,below,18,,never_reclaimed_entry
