day,symbol,opening_high,break_time_et,atr_state,atr_trail,atr_source,minute_et,price,pct_from_level,bid,ask,spread_pct,halted,qualification
2026-08-26,DAIC,6.350000,09:30:04,LONG,6.020252685497772,DERIVED: deployed v2 ATR replay on persisted Schwab 1m bars (sources=live) through last completed bar 09:29 ET,09:30,6.370000,0.314960629921259842519685000,6.350000,6.390000,0.6279434850863422291993720565,False,SIMULATED | NOT SIZE-QUALIFIED
2026-08-26,DAIC,6.350000,09:30:04,LONG,6.020252685497772,DERIVED: deployed v2 ATR replay on persisted Schwab 1m bars (sources=live) through last completed bar 09:29 ET,09:31,5.937500,-6.496062992125984251968503940,5.920000,5.940000,0.3372681281618887015177065767,False,SIMULATED | NOT SIZE-QUALIFIED
2026-08-26,DAIC,6.350000,09:30:04,LONG,6.020252685497772,DERIVED: deployed v2 ATR replay on persisted Schwab 1m bars (sources=live) through last completed bar 09:29 ET,09:32,5.955000,-6.220472440944881889763779530,5.940000,5.970000,0.5037783375314861460957178841,False,SIMULATED | NOT SIZE-QUALIFIED
2026-08-26,DAIC,6.350000,09:30:04,LONG,6.020252685497772,DERIVED: deployed v2 ATR replay on persisted Schwab 1m bars (sources=live) through last completed bar 09:29 ET,09:33,5.900000,-7.086614173228346456692913390,5.890000,5.910000,0.3389830508474576271186440678,False,SIMULATED | NOT SIZE-QUALIFIED
2026-08-26,DAIC,6.350000,09:30:04,LONG,6.020252685497772,DERIVED: deployed v2 ATR replay on persisted Schwab 1m bars (sources=live) through last completed bar 09:29 ET,09:34,5.897600,-7.124409448818897637795275590,5.860000,5.900000,0.6802721088435374149659863946,False,SIMULATED | NOT SIZE-QUALIFIED
2026-08-26,DAIC,6.350000,09:30:04,LONG,6.020252685497772,DERIVED: deployed v2 ATR replay on persisted Schwab 1m bars (sources=live) through last completed bar 09:29 ET,09:35,5.988800,-5.688188976377952755905511810,5.930000,6.000000,1.173512154233025984911986588,False,SIMULATED | NOT SIZE-QUALIFIED
2026-08-26,DAIC,6.350000,09:30:04,LONG,6.020252685497772,DERIVED: deployed v2 ATR replay on persisted Schwab 1m bars (sources=live) through last completed bar 09:29 ET,09:36,6.010000,-5.354330708661417322834645670,5.980000,6.030000,0.8326394671107410491257285595,False,SIMULATED | NOT SIZE-QUALIFIED
2026-08-26,DAIC,6.350000,09:30:04,LONG,6.020252685497772,DERIVED: deployed v2 ATR replay on persisted Schwab 1m bars (sources=live) through last completed bar 09:29 ET,09:37,6.020000,-5.196850393700787401574803150,5.980000,6.020000,0.6666666666666666666666666667,False,SIMULATED | NOT SIZE-QUALIFIED
2026-08-26,DAIC,6.350000,09:30:04,LONG,6.020252685497772,DERIVED: deployed v2 ATR replay on persisted Schwab 1m bars (sources=live) through last completed bar 09:29 ET,09:38,6.082600,-4.211023622047244094488188980,6.080000,6.090000,0.1643385373870172555464256368,False,SIMULATED | NOT SIZE-QUALIFIED
2026-08-26,DAIC,6.350000,09:30:04,LONG,6.020252685497772,DERIVED: deployed v2 ATR replay on persisted Schwab 1m bars (sources=live) through last completed bar 09:29 ET,09:39,6.030000,-5.039370078740157480314960630,6.010000,6.050000,0.6633499170812603648424543947,False,SIMULATED | NOT SIZE-QUALIFIED
2026-08-26,DAIC,6.350000,09:30:04,LONG,6.020252685497772,DERIVED: deployed v2 ATR replay on persisted Schwab 1m bars (sources=live) through last completed bar 09:29 ET,09:40,6.084200,-4.185826771653543307086614170,6.050000,6.090000,0.6589785831960461285008237232,False,SIMULATED | NOT SIZE-QUALIFIED
2026-08-26,DAIC,6.350000,09:30:04,LONG,6.020252685497772,DERIVED: deployed v2 ATR replay on persisted Schwab 1m bars (sources=live) through last completed bar 09:29 ET,09:41,6.060000,-4.566929133858267716535433070,6.060000,6.120000,0.9852216748768472906403940887,False,SIMULATED | NOT SIZE-QUALIFIED
2026-08-26,DAIC,6.350000,09:30:04,LONG,6.020252685497772,DERIVED: deployed v2 ATR replay on persisted Schwab 1m bars (sources=live) through last completed bar 09:29 ET,09:42,5.961300,-6.121259842519685039370078740,5.960000,5.970000,0.1676445934618608549874266555,False,SIMULATED | NOT SIZE-QUALIFIED
2026-08-26,DAIC,6.350000,09:30:04,LONG,6.020252685497772,DERIVED: deployed v2 ATR replay on persisted Schwab 1m bars (sources=live) through last completed bar 09:29 ET,09:43,5.994000,-5.606299212598425196850393700,5.990000,6.020000,0.4995836802664446294754371357,False,SIMULATED | NOT SIZE-QUALIFIED
2026-08-26,DAIC,6.350000,09:30:04,LONG,6.020252685497772,DERIVED: deployed v2 ATR replay on persisted Schwab 1m bars (sources=live) through last completed bar 09:29 ET,09:44,5.830600,-8.179527559055118110236220470,5.840000,5.850000,0.1710863986313088109495295124,False,SIMULATED | NOT SIZE-QUALIFIED
2026-08-26,DAIC,6.350000,09:30:04,LONG,6.020252685497772,DERIVED: deployed v2 ATR replay on persisted Schwab 1m bars (sources=live) through last completed bar 09:29 ET,09:45,5.925000,-6.692913385826771653543307090,5.910000,5.940000,0.5063291139240506329113924051,False,SIMULATED | NOT SIZE-QUALIFIED
2026-08-26,DAIC,6.350000,09:30:04,LONG,6.020252685497772,DERIVED: deployed v2 ATR replay on persisted Schwab 1m bars (sources=live) through last completed bar 09:29 ET,09:46,5.872400,-7.521259842519685039370078740,5.840000,5.900000,1.022146507666098807495741056,False,SIMULATED | NOT SIZE-QUALIFIED
2026-08-26,DAIC,6.350000,09:30:04,LONG,6.020252685497772,DERIVED: deployed v2 ATR replay on persisted Schwab 1m bars (sources=live) through last completed bar 09:29 ET,09:47,5.912400,-6.891338582677165354330708660,5.910000,5.930000,0.3378378378378378378378378378,False,SIMULATED | NOT SIZE-QUALIFIED
2026-08-26,DAIC,6.350000,09:30:04,LONG,6.020252685497772,DERIVED: deployed v2 ATR replay on persisted Schwab 1m bars (sources=live) through last completed bar 09:29 ET,09:48,5.880000,-7.401574803149606299212598430,5.870000,5.910000,0.6791171477079796264855687606,False,SIMULATED | NOT SIZE-QUALIFIED
2026-08-26,DAIC,6.350000,09:30:04,LONG,6.020252685497772,DERIVED: deployed v2 ATR replay on persisted Schwab 1m bars (sources=live) through last completed bar 09:29 ET,09:49,6.030000,-5.039370078740157480314960630,6.030000,6.060000,0.4962779156327543424317617866,False,SIMULATED | NOT SIZE-QUALIFIED
2026-08-26,DAIC,6.350000,09:30:04,LONG,6.020252685497772,DERIVED: deployed v2 ATR replay on persisted Schwab 1m bars (sources=live) through last completed bar 09:29 ET,09:50,6.148000,-3.181102362204724409448818900,6.130000,6.150000,0.3257328990228013029315960912,False,SIMULATED | NOT SIZE-QUALIFIED
2026-08-26,DAIC,6.350000,09:30:04,LONG,6.020252685497772,DERIVED: deployed v2 ATR replay on persisted Schwab 1m bars (sources=live) through last completed bar 09:29 ET,09:51,6.160000,-2.992125984251968503937007870,6.130000,6.190000,0.9740259740259740259740259740,False,SIMULATED | NOT SIZE-QUALIFIED
2026-08-26,DAIC,6.350000,09:30:04,LONG,6.020252685497772,DERIVED: deployed v2 ATR replay on persisted Schwab 1m bars (sources=live) through last completed bar 09:29 ET,09:52,6.081000,-4.236220472440944881889763780,6.080000,6.090000,0.1643385373870172555464256368,False,SIMULATED | NOT SIZE-QUALIFIED
2026-08-26,DAIC,6.350000,09:30:04,LONG,6.020252685497772,DERIVED: deployed v2 ATR replay on persisted Schwab 1m bars (sources=live) through last completed bar 09:29 ET,09:53,6.110000,-3.779527559055118110236220470,6.100000,6.140000,0.6535947712418300653594771242,False,SIMULATED | NOT SIZE-QUALIFIED
2026-08-26,DAIC,6.350000,09:30:04,LONG,6.020252685497772,DERIVED: deployed v2 ATR replay on persisted Schwab 1m bars (sources=live) through last completed bar 09:29 ET,09:54,6.050000,-4.724409448818897637795275590,6.040000,6.060000,0.3305785123966942148760330579,False,SIMULATED | NOT SIZE-QUALIFIED
2026-08-26,DAIC,6.350000,09:30:04,LONG,6.020252685497772,DERIVED: deployed v2 ATR replay on persisted Schwab 1m bars (sources=live) through last completed bar 09:29 ET,09:55,5.965100,-6.061417322834645669291338580,5.960000,6.000000,0.6688963210702341137123745819,False,SIMULATED | NOT SIZE-QUALIFIED
2026-08-26,DAIC,6.350000,09:30:04,LONG,6.020252685497772,DERIVED: deployed v2 ATR replay on persisted Schwab 1m bars (sources=live) through last completed bar 09:29 ET,09:56,5.640000,-11.18110236220472440944881890,5.850000,5.870000,0.3412969283276450511945392491,False,SIMULATED | NOT SIZE-QUALIFIED
2026-08-26,DAIC,6.350000,09:30:04,LONG,6.020252685497772,DERIVED: deployed v2 ATR replay on persisted Schwab 1m bars (sources=live) through last completed bar 09:29 ET,09:57,5.310000,-16.37795275590551181102362205,5.010000,5.010000,0,True,SIMULATED | NOT SIZE-QUALIFIED
2026-08-26,DAIC,6.350000,09:30:04,LONG,6.020252685497772,DERIVED: deployed v2 ATR replay on persisted Schwab 1m bars (sources=live) through last completed bar 09:29 ET,09:58,,,5.030000,5.030000,0,True,SIMULATED | NOT SIZE-QUALIFIED
2026-08-26,DAIC,6.350000,09:30:04,LONG,6.020252685497772,DERIVED: deployed v2 ATR replay on persisted Schwab 1m bars (sources=live) through last completed bar 09:29 ET,09:59,,,5.150000,5.150000,0,True,SIMULATED | NOT SIZE-QUALIFIED
2026-08-26,DAIC,6.350000,09:30:04,LONG,6.020252685497772,DERIVED: deployed v2 ATR replay on persisted Schwab 1m bars (sources=live) through last completed bar 09:29 ET,10:00,,,5.150000,5.150000,0,True,SIMULATED | NOT SIZE-QUALIFIED
2026-08-26,VCIG,4.060000,09:30:10,LONG,3.562250219786966,DERIVED: deployed v2 ATR replay on persisted Schwab 1m bars (sources=live) through last completed bar 09:29 ET,09:30,3.630000,-10.59113300492610837438423645,3.610000,3.660000,1.375515818431911966987620358,False,SIMULATED | NOT SIZE-QUALIFIED
2026-08-26,VCIG,4.060000,09:30:10,LONG,3.562250219786966,DERIVED: deployed v2 ATR replay on persisted Schwab 1m bars (sources=live) through last completed bar 09:29 ET,09:31,3.700000,-8.866995073891625615763546800,3.700000,3.750000,1.342281879194630872483221477,False,SIMULATED | NOT SIZE-QUALIFIED
2026-08-26,VCIG,4.060000,09:30:10,LONG,3.562250219786966,DERIVED: deployed v2 ATR replay on persisted Schwab 1m bars (sources=live) through last completed bar 09:29 ET,09:32,,,,,,False,SIMULATED | NOT SIZE-QUALIFIED
2026-08-26,VCIG,4.060000,09:30:10,LONG,3.562250219786966,DERIVED: deployed v2 ATR replay on persisted Schwab 1m bars (sources=live) through last completed bar 09:29 ET,09:33,,,,,,False,SIMULATED | NOT SIZE-QUALIFIED
2026-08-26,VCIG,4.060000,09:30:10,LONG,3.562250219786966,DERIVED: deployed v2 ATR replay on persisted Schwab 1m bars (sources=live) through last completed bar 09:29 ET,09:34,,,,,,False,SIMULATED | NOT SIZE-QUALIFIED
2026-08-26,VCIG,4.060000,09:30:10,LONG,3.562250219786966,DERIVED: deployed v2 ATR replay on persisted Schwab 1m bars (sources=live) through last completed bar 09:29 ET,09:35,,,,,,False,SIMULATED | NOT SIZE-QUALIFIED
2026-08-26,VCIG,4.060000,09:30:10,LONG,3.562250219786966,DERIVED: deployed v2 ATR replay on persisted Schwab 1m bars (sources=live) through last completed bar 09:29 ET,09:36,,,,,,False,SIMULATED | NOT SIZE-QUALIFIED
2026-08-26,VCIG,4.060000,09:30:10,LONG,3.562250219786966,DERIVED: deployed v2 ATR replay on persisted Schwab 1m bars (sources=live) through last completed bar 09:29 ET,09:37,,,,,,False,SIMULATED | NOT SIZE-QUALIFIED
2026-08-26,VCIG,4.060000,09:30:10,LONG,3.562250219786966,DERIVED: deployed v2 ATR replay on persisted Schwab 1m bars (sources=live) through last completed bar 09:29 ET,09:38,,,,,,False,SIMULATED | NOT SIZE-QUALIFIED
2026-08-26,VCIG,4.060000,09:30:10,LONG,3.562250219786966,DERIVED: deployed v2 ATR replay on persisted Schwab 1m bars (sources=live) through last completed bar 09:29 ET,09:39,,,,,,False,SIMULATED | NOT SIZE-QUALIFIED
2026-08-26,VCIG,4.060000,09:30:10,LONG,3.562250219786966,DERIVED: deployed v2 ATR replay on persisted Schwab 1m bars (sources=live) through last completed bar 09:29 ET,09:40,,,,,,False,SIMULATED | NOT SIZE-QUALIFIED
2026-08-26,VCIG,4.060000,09:30:10,LONG,3.562250219786966,DERIVED: deployed v2 ATR replay on persisted Schwab 1m bars (sources=live) through last completed bar 09:29 ET,09:41,,,,,,False,SIMULATED | NOT SIZE-QUALIFIED
2026-08-26,VCIG,4.060000,09:30:10,LONG,3.562250219786966,DERIVED: deployed v2 ATR replay on persisted Schwab 1m bars (sources=live) through last completed bar 09:29 ET,09:42,,,,,,False,SIMULATED | NOT SIZE-QUALIFIED
2026-08-26,VCIG,4.060000,09:30:10,LONG,3.562250219786966,DERIVED: deployed v2 ATR replay on persisted Schwab 1m bars (sources=live) through last completed bar 09:29 ET,09:43,,,,,,False,SIMULATED | NOT SIZE-QUALIFIED
2026-08-26,VCIG,4.060000,09:30:10,LONG,3.562250219786966,DERIVED: deployed v2 ATR replay on persisted Schwab 1m bars (sources=live) through last completed bar 09:29 ET,09:44,,,,,,False,SIMULATED | NOT SIZE-QUALIFIED
2026-08-26,VCIG,4.060000,09:30:10,LONG,3.562250219786966,DERIVED: deployed v2 ATR replay on persisted Schwab 1m bars (sources=live) through last completed bar 09:29 ET,09:45,,,,,,False,SIMULATED | NOT SIZE-QUALIFIED
2026-08-26,VCIG,4.060000,09:30:10,LONG,3.562250219786966,DERIVED: deployed v2 ATR replay on persisted Schwab 1m bars (sources=live) through last completed bar 09:29 ET,09:46,,,,,,False,SIMULATED | NOT SIZE-QUALIFIED
2026-08-26,VCIG,4.060000,09:30:10,LONG,3.562250219786966,DERIVED: deployed v2 ATR replay on persisted Schwab 1m bars (sources=live) through last completed bar 09:29 ET,09:47,,,,,,False,SIMULATED | NOT SIZE-QUALIFIED
2026-08-26,VCIG,4.060000,09:30:10,LONG,3.562250219786966,DERIVED: deployed v2 ATR replay on persisted Schwab 1m bars (sources=live) through last completed bar 09:29 ET,09:48,,,,,,False,SIMULATED | NOT SIZE-QUALIFIED
2026-08-26,VCIG,4.060000,09:30:10,LONG,3.562250219786966,DERIVED: deployed v2 ATR replay on persisted Schwab 1m bars (sources=live) through last completed bar 09:29 ET,09:49,,,,,,False,SIMULATED | NOT SIZE-QUALIFIED
2026-08-26,VCIG,4.060000,09:30:10,LONG,3.562250219786966,DERIVED: deployed v2 ATR replay on persisted Schwab 1m bars (sources=live) through last completed bar 09:29 ET,09:50,,,,,,False,SIMULATED | NOT SIZE-QUALIFIED
2026-08-26,VCIG,4.060000,09:30:10,LONG,3.562250219786966,DERIVED: deployed v2 ATR replay on persisted Schwab 1m bars (sources=live) through last completed bar 09:29 ET,09:51,,,,,,False,SIMULATED | NOT SIZE-QUALIFIED
2026-08-26,VCIG,4.060000,09:30:10,LONG,3.562250219786966,DERIVED: deployed v2 ATR replay on persisted Schwab 1m bars (sources=live) through last completed bar 09:29 ET,09:52,,,,,,False,SIMULATED | NOT SIZE-QUALIFIED
2026-08-26,VCIG,4.060000,09:30:10,LONG,3.562250219786966,DERIVED: deployed v2 ATR replay on persisted Schwab 1m bars (sources=live) through last completed bar 09:29 ET,09:53,,,,,,False,SIMULATED | NOT SIZE-QUALIFIED
2026-08-26,VCIG,4.060000,09:30:10,LONG,3.562250219786966,DERIVED: deployed v2 ATR replay on persisted Schwab 1m bars (sources=live) through last completed bar 09:29 ET,09:54,,,,,,False,SIMULATED | NOT SIZE-QUALIFIED
2026-08-26,VCIG,4.060000,09:30:10,LONG,3.562250219786966,DERIVED: deployed v2 ATR replay on persisted Schwab 1m bars (sources=live) through last completed bar 09:29 ET,09:55,,,,,,False,SIMULATED | NOT SIZE-QUALIFIED
2026-08-26,VCIG,4.060000,09:30:10,LONG,3.562250219786966,DERIVED: deployed v2 ATR replay on persisted Schwab 1m bars (sources=live) through last completed bar 09:29 ET,09:56,,,,,,False,SIMULATED | NOT SIZE-QUALIFIED
2026-08-26,VCIG,4.060000,09:30:10,LONG,3.562250219786966,DERIVED: deployed v2 ATR replay on persisted Schwab 1m bars (sources=live) through last completed bar 09:29 ET,09:57,,,,,,False,SIMULATED | NOT SIZE-QUALIFIED
2026-08-26,VCIG,4.060000,09:30:10,LONG,3.562250219786966,DERIVED: deployed v2 ATR replay on persisted Schwab 1m bars (sources=live) through last completed bar 09:29 ET,09:58,,,,,,False,SIMULATED | NOT SIZE-QUALIFIED
2026-08-26,VCIG,4.060000,09:30:10,LONG,3.562250219786966,DERIVED: deployed v2 ATR replay on persisted Schwab 1m bars (sources=live) through last completed bar 09:29 ET,09:59,,,,,,False,SIMULATED | NOT SIZE-QUALIFIED
2026-08-26,VCIG,4.060000,09:30:10,LONG,3.562250219786966,DERIVED: deployed v2 ATR replay on persisted Schwab 1m bars (sources=live) through last completed bar 09:29 ET,10:00,,,,,,False,SIMULATED | NOT SIZE-QUALIFIED
2026-08-26,MSS,2.070000,09:30:15,LONG,1.7100000000000002,DERIVED: deployed v2 ATR replay on persisted Schwab 1m bars (sources=live+rest) through last completed bar 09:29 ET,09:30,1.954700,-5.570048309178743961352657000,1.950000,1.960000,0.5115089514066496163682864450,False,SIMULATED | NOT SIZE-QUALIFIED
2026-08-26,MSS,2.070000,09:30:15,LONG,1.7100000000000002,DERIVED: deployed v2 ATR replay on persisted Schwab 1m bars (sources=live+rest) through last completed bar 09:29 ET,09:31,1.890000,-8.695652173913043478260869570,1.880000,1.890000,0.5305039787798408488063660477,False,SIMULATED | NOT SIZE-QUALIFIED
2026-08-26,MSS,2.070000,09:30:15,LONG,1.7100000000000002,DERIVED: deployed v2 ATR replay on persisted Schwab 1m bars (sources=live+rest) through last completed bar 09:29 ET,09:32,1.890200,-8.685990338164251207729468600,1.890000,1.900000,0.5277044854881266490765171504,False,SIMULATED | NOT SIZE-QUALIFIED
2026-08-26,MSS,2.070000,09:30:15,LONG,1.7100000000000002,DERIVED: deployed v2 ATR replay on persisted Schwab 1m bars (sources=live+rest) through last completed bar 09:29 ET,09:33,,,,,,False,SIMULATED | NOT SIZE-QUALIFIED
2026-08-26,MSS,2.070000,09:30:15,LONG,1.7100000000000002,DERIVED: deployed v2 ATR replay on persisted Schwab 1m bars (sources=live+rest) through last completed bar 09:29 ET,09:34,,,,,,False,SIMULATED | NOT SIZE-QUALIFIED
2026-08-26,MSS,2.070000,09:30:15,LONG,1.7100000000000002,DERIVED: deployed v2 ATR replay on persisted Schwab 1m bars (sources=live+rest) through last completed bar 09:29 ET,09:35,2.129900,2.893719806763285024154589400,2.130000,2.140000,0.4683840749414519906323185012,False,SIMULATED | NOT SIZE-QUALIFIED
2026-08-26,MSS,2.070000,09:30:15,LONG,1.7100000000000002,DERIVED: deployed v2 ATR replay on persisted Schwab 1m bars (sources=live+rest) through last completed bar 09:29 ET,09:36,1.938300,-6.362318840579710144927536230,1.940000,1.950000,0.5141388174807197943444730077,False,SIMULATED | NOT SIZE-QUALIFIED
2026-08-26,MSS,2.070000,09:30:15,LONG,1.7100000000000002,DERIVED: deployed v2 ATR replay on persisted Schwab 1m bars (sources=live+rest) through last completed bar 09:29 ET,09:37,1.900000,-8.212560386473429951690821260,1.900000,1.910000,0.5249343832020997375328083990,False,SIMULATED | NOT SIZE-QUALIFIED
2026-08-26,MSS,2.070000,09:30:15,LONG,1.7100000000000002,DERIVED: deployed v2 ATR replay on persisted Schwab 1m bars (sources=live+rest) through last completed bar 09:29 ET,09:38,,,,,,False,SIMULATED | NOT SIZE-QUALIFIED
2026-08-26,MSS,2.070000,09:30:15,LONG,1.7100000000000002,DERIVED: deployed v2 ATR replay on persisted Schwab 1m bars (sources=live+rest) through last completed bar 09:29 ET,09:39,,,,,,False,SIMULATED | NOT SIZE-QUALIFIED
2026-08-26,MSS,2.070000,09:30:15,LONG,1.7100000000000002,DERIVED: deployed v2 ATR replay on persisted Schwab 1m bars (sources=live+rest) through last completed bar 09:29 ET,09:40,,,,,,False,SIMULATED | NOT SIZE-QUALIFIED
2026-08-26,MSS,2.070000,09:30:15,LONG,1.7100000000000002,DERIVED: deployed v2 ATR replay on persisted Schwab 1m bars (sources=live+rest) through last completed bar 09:29 ET,09:41,,,,,,False,SIMULATED | NOT SIZE-QUALIFIED
2026-08-26,MSS,2.070000,09:30:15,LONG,1.7100000000000002,DERIVED: deployed v2 ATR replay on persisted Schwab 1m bars (sources=live+rest) through last completed bar 09:29 ET,09:42,,,,,,False,SIMULATED | NOT SIZE-QUALIFIED
2026-08-26,MSS,2.070000,09:30:15,LONG,1.7100000000000002,DERIVED: deployed v2 ATR replay on persisted Schwab 1m bars (sources=live+rest) through last completed bar 09:29 ET,09:43,,,,,,False,SIMULATED | NOT SIZE-QUALIFIED
2026-08-26,MSS,2.070000,09:30:15,LONG,1.7100000000000002,DERIVED: deployed v2 ATR replay on persisted Schwab 1m bars (sources=live+rest) through last completed bar 09:29 ET,09:44,2.000000,-3.381642512077294685990338160,1.990000,2.000000,0.5012531328320802005012531328,False,SIMULATED | NOT SIZE-QUALIFIED
2026-08-26,MSS,2.070000,09:30:15,LONG,1.7100000000000002,DERIVED: deployed v2 ATR replay on persisted Schwab 1m bars (sources=live+rest) through last completed bar 09:29 ET,09:45,1.950200,-5.787439613526570048309178740,1.950000,1.960000,0.5115089514066496163682864450,False,SIMULATED | NOT SIZE-QUALIFIED
2026-08-26,MSS,2.070000,09:30:15,LONG,1.7100000000000002,DERIVED: deployed v2 ATR replay on persisted Schwab 1m bars (sources=live+rest) through last completed bar 09:29 ET,09:46,1.930000,-6.763285024154589371980676330,1.930000,1.940000,0.5167958656330749354005167959,False,SIMULATED | NOT SIZE-QUALIFIED
2026-08-26,MSS,2.070000,09:30:15,LONG,1.7100000000000002,DERIVED: deployed v2 ATR replay on persisted Schwab 1m bars (sources=live+rest) through last completed bar 09:29 ET,09:47,,,,,,False,SIMULATED | NOT SIZE-QUALIFIED
2026-08-26,MSS,2.070000,09:30:15,LONG,1.7100000000000002,DERIVED: deployed v2 ATR replay on persisted Schwab 1m bars (sources=live+rest) through last completed bar 09:29 ET,09:48,,,,,,False,SIMULATED | NOT SIZE-QUALIFIED
2026-08-26,MSS,2.070000,09:30:15,LONG,1.7100000000000002,DERIVED: deployed v2 ATR replay on persisted Schwab 1m bars (sources=live+rest) through last completed bar 09:29 ET,09:49,,,,,,False,SIMULATED | NOT SIZE-QUALIFIED
2026-08-26,MSS,2.070000,09:30:15,LONG,1.7100000000000002,DERIVED: deployed v2 ATR replay on persisted Schwab 1m bars (sources=live+rest) through last completed bar 09:29 ET,09:50,,,,,,False,SIMULATED | NOT SIZE-QUALIFIED
2026-08-26,MSS,2.070000,09:30:15,LONG,1.7100000000000002,DERIVED: deployed v2 ATR replay on persisted Schwab 1m bars (sources=live+rest) through last completed bar 09:29 ET,09:51,,,,,,False,SIMULATED | NOT SIZE-QUALIFIED
2026-08-26,MSS,2.070000,09:30:15,LONG,1.7100000000000002,DERIVED: deployed v2 ATR replay on persisted Schwab 1m bars (sources=live+rest) through last completed bar 09:29 ET,09:52,,,,,,False,SIMULATED | NOT SIZE-QUALIFIED
2026-08-26,MSS,2.070000,09:30:15,LONG,1.7100000000000002,DERIVED: deployed v2 ATR replay on persisted Schwab 1m bars (sources=live+rest) through last completed bar 09:29 ET,09:53,,,,,,False,SIMULATED | NOT SIZE-QUALIFIED
2026-08-26,MSS,2.070000,09:30:15,LONG,1.7100000000000002,DERIVED: deployed v2 ATR replay on persisted Schwab 1m bars (sources=live+rest) through last completed bar 09:29 ET,09:54,,,,,,False,SIMULATED | NOT SIZE-QUALIFIED
2026-08-26,MSS,2.070000,09:30:15,LONG,1.7100000000000002,DERIVED: deployed v2 ATR replay on persisted Schwab 1m bars (sources=live+rest) through last completed bar 09:29 ET,09:55,,,,,,False,SIMULATED | NOT SIZE-QUALIFIED
2026-08-26,MSS,2.070000,09:30:15,LONG,1.7100000000000002,DERIVED: deployed v2 ATR replay on persisted Schwab 1m bars (sources=live+rest) through last completed bar 09:29 ET,09:56,,,,,,False,SIMULATED | NOT SIZE-QUALIFIED
2026-08-26,MSS,2.070000,09:30:15,LONG,1.7100000000000002,DERIVED: deployed v2 ATR replay on persisted Schwab 1m bars (sources=live+rest) through last completed bar 09:29 ET,09:57,,,,,,False,SIMULATED | NOT SIZE-QUALIFIED
2026-08-26,MSS,2.070000,09:30:15,LONG,1.7100000000000002,DERIVED: deployed v2 ATR replay on persisted Schwab 1m bars (sources=live+rest) through last completed bar 09:29 ET,09:58,,,,,,False,SIMULATED | NOT SIZE-QUALIFIED
2026-08-26,MSS,2.070000,09:30:15,LONG,1.7100000000000002,DERIVED: deployed v2 ATR replay on persisted Schwab 1m bars (sources=live+rest) through last completed bar 09:29 ET,09:59,,,,,,False,SIMULATED | NOT SIZE-QUALIFIED
2026-08-26,MSS,2.070000,09:30:15,LONG,1.7100000000000002,DERIVED: deployed v2 ATR replay on persisted Schwab 1m bars (sources=live+rest) through last completed bar 09:29 ET,10:00,,,,,,False,SIMULATED | NOT SIZE-QUALIFIED
2026-08-26,CRE,6.370000,09:30:42,SHORT,6.564380492518946,DERIVED: deployed v2 ATR replay on persisted Schwab 1m bars (sources=live) through last completed bar 09:29 ET,09:30,6.650100,4.397174254317111459968602800,6.650000,6.680000,0.4501125281320330082520630158,False,SIMULATED | NOT SIZE-QUALIFIED
2026-08-26,CRE,6.370000,09:30:42,SHORT,6.564380492518946,DERIVED: deployed v2 ATR replay on persisted Schwab 1m bars (sources=live) through last completed bar 09:29 ET,09:31,6.950000,9.105180533751962323390894800,6.910000,6.950000,0.5772005772005772005772005772,False,SIMULATED | NOT SIZE-QUALIFIED
2026-08-26,CRE,6.370000,09:30:42,SHORT,6.564380492518946,DERIVED: deployed v2 ATR replay on persisted Schwab 1m bars (sources=live) through last completed bar 09:29 ET,09:32,6.969900,9.417582417582417582417582400,6.940000,7.000000,0.8608321377331420373027259684,False,SIMULATED | NOT SIZE-QUALIFIED
2026-08-26,CRE,6.370000,09:30:42,SHORT,6.564380492518946,DERIVED: deployed v2 ATR replay on persisted Schwab 1m bars (sources=live) through last completed bar 09:29 ET,09:33,6.961800,9.290423861852433281004709600,6.950000,7.000000,0.7168458781362007168458781362,False,SIMULATED | NOT SIZE-QUALIFIED
2026-08-26,CRE,6.370000,09:30:42,SHORT,6.564380492518946,DERIVED: deployed v2 ATR replay on persisted Schwab 1m bars (sources=live) through last completed bar 09:29 ET,09:34,6.910000,8.477237048665620094191522800,6.880000,6.950000,1.012292118582791033984092552,False,SIMULATED | NOT SIZE-QUALIFIED
2026-08-26,CRE,6.370000,09:30:42,SHORT,6.564380492518946,DERIVED: deployed v2 ATR replay on persisted Schwab 1m bars (sources=live) through last completed bar 09:29 ET,09:35,6.906500,8.422291993720565149136577700,6.860000,6.950000,1.303403330919623461259956553,False,SIMULATED | NOT SIZE-QUALIFIED
2026-08-26,CRE,6.370000,09:30:42,SHORT,6.564380492518946,DERIVED: deployed v2 ATR replay on persisted Schwab 1m bars (sources=live) through last completed bar 09:29 ET,09:36,7.270000,14.12872841444270015698587130,7.360000,7.390000,0.4067796610169491525423728814,False,SIMULATED | NOT SIZE-QUALIFIED
2026-08-26,CRE,6.370000,09:30:42,SHORT,6.564380492518946,DERIVED: deployed v2 ATR replay on persisted Schwab 1m bars (sources=live) through last completed bar 09:29 ET,09:37,6.899900,8.318681318681318681318681300,6.870000,6.900000,0.4357298474945533769063180828,False,SIMULATED | NOT SIZE-QUALIFIED
2026-08-26,CRE,6.370000,09:30:42,SHORT,6.564380492518946,DERIVED: deployed v2 ATR replay on persisted Schwab 1m bars (sources=live) through last completed bar 09:29 ET,09:38,6.715000,5.416012558869701726844584000,6.680000,6.750000,1.042442293373045420699925540,False,SIMULATED | NOT SIZE-QUALIFIED
2026-08-26,CRE,6.370000,09:30:42,SHORT,6.564380492518946,DERIVED: deployed v2 ATR replay on persisted Schwab 1m bars (sources=live) through last completed bar 09:29 ET,09:39,6.747600,5.927786499215070643642072200,6.720000,6.750000,0.4454342984409799554565701559,False,SIMULATED | NOT SIZE-QUALIFIED
2026-08-26,CRE,6.370000,09:30:42,SHORT,6.564380492518946,DERIVED: deployed v2 ATR replay on persisted Schwab 1m bars (sources=live) through last completed bar 09:29 ET,09:40,7.050000,10.67503924646781789638932500,7.030000,7.110000,1.131541725601131541725601132,False,SIMULATED | NOT SIZE-QUALIFIED
2026-08-26,CRE,6.370000,09:30:42,SHORT,6.564380492518946,DERIVED: deployed v2 ATR replay on persisted Schwab 1m bars (sources=live) through last completed bar 09:29 ET,09:41,6.320000,-0.7849293563579277864992150700,6.310000,6.390000,1.259842519685039370078740157,False,SIMULATED | NOT SIZE-QUALIFIED
2026-08-26,CRE,6.370000,09:30:42,SHORT,6.564380492518946,DERIVED: deployed v2 ATR replay on persisted Schwab 1m bars (sources=live) through last completed bar 09:29 ET,09:42,6.200000,-2.668759811616954474097331240,6.190000,6.220000,0.4834810636583400483481063658,False,SIMULATED | NOT SIZE-QUALIFIED
2026-08-26,CRE,6.370000,09:30:42,SHORT,6.564380492518946,DERIVED: deployed v2 ATR replay on persisted Schwab 1m bars (sources=live) through last completed bar 09:29 ET,09:43,6.280000,-1.412872841444270015698587130,6.260000,6.280000,0.3189792663476874003189792663,False,SIMULATED | NOT SIZE-QUALIFIED
2026-08-26,CRE,6.370000,09:30:42,SHORT,6.564380492518946,DERIVED: deployed v2 ATR replay on persisted Schwab 1m bars (sources=live) through last completed bar 09:29 ET,09:44,6.120100,-3.923076923076923076923076920,6.120000,6.160000,0.6514657980456026058631921824,False,SIMULATED | NOT SIZE-QUALIFIED
2026-08-26,CRE,6.370000,09:30:42,SHORT,6.564380492518946,DERIVED: deployed v2 ATR replay on persisted Schwab 1m bars (sources=live) through last completed bar 09:29 ET,09:45,6.280100,-1.411302982731554160125588700,6.280000,6.300000,0.3179650238473767885532591415,False,SIMULATED | NOT SIZE-QUALIFIED
2026-08-26,CRE,6.370000,09:30:42,SHORT,6.564380492518946,DERIVED: deployed v2 ATR replay on persisted Schwab 1m bars (sources=live) through last completed bar 09:29 ET,09:46,6.223800,-2.295133437990580847723704870,6.220000,6.240000,0.3210272873194221508828250401,False,SIMULATED | NOT SIZE-QUALIFIED
2026-08-26,CRE,6.370000,09:30:42,SHORT,6.564380492518946,DERIVED: deployed v2 ATR replay on persisted Schwab 1m bars (sources=live) through last completed bar 09:29 ET,09:47,6.220000,-2.354788069073783359497645210,6.220000,6.250000,0.4811547714514835605453087410,False,SIMULATED | NOT SIZE-QUALIFIED
2026-08-26,CRE,6.370000,09:30:42,SHORT,6.564380492518946,DERIVED: deployed v2 ATR replay on persisted Schwab 1m bars (sources=live) through last completed bar 09:29 ET,09:48,6.140000,-3.610675039246467817896389320,6.120000,6.150000,0.4889975550122249388753056235,False,SIMULATED | NOT SIZE-QUALIFIED
2026-08-26,CRE,6.370000,09:30:42,SHORT,6.564380492518946,DERIVED: deployed v2 ATR replay on persisted Schwab 1m bars (sources=live) through last completed bar 09:29 ET,09:49,5.899900,-7.379905808477237048665620090,5.850000,5.900000,0.8510638297872340425531914894,False,SIMULATED | NOT SIZE-QUALIFIED
2026-08-26,CRE,6.370000,09:30:42,SHORT,6.564380492518946,DERIVED: deployed v2 ATR replay on persisted Schwab 1m bars (sources=live) through last completed bar 09:29 ET,09:50,6.029900,-5.339089481946624803767660910,6.020000,6.030000,0.1659751037344398340248962656,False,SIMULATED | NOT SIZE-QUALIFIED
2026-08-26,CRE,6.370000,09:30:42,SHORT,6.564380492518946,DERIVED: deployed v2 ATR replay on persisted Schwab 1m bars (sources=live) through last completed bar 09:29 ET,09:51,6.100000,-4.238618524332810047095761380,6.110000,6.120000,0.1635322976287816843826655765,False,SIMULATED | NOT SIZE-QUALIFIED
2026-08-26,CRE,6.370000,09:30:42,SHORT,6.564380492518946,DERIVED: deployed v2 ATR replay on persisted Schwab 1m bars (sources=live) through last completed bar 09:29 ET,09:52,6.159400,-3.306122448979591836734693880,6.120000,6.160000,0.6514657980456026058631921824,False,SIMULATED | NOT SIZE-QUALIFIED
2026-08-26,CRE,6.370000,09:30:42,SHORT,6.564380492518946,DERIVED: deployed v2 ATR replay on persisted Schwab 1m bars (sources=live) through last completed bar 09:29 ET,09:53,6.140100,-3.609105180533751962323390890,6.140000,6.160000,0.3252032520325203252032520325,False,SIMULATED | NOT SIZE-QUALIFIED
2026-08-26,CRE,6.370000,09:30:42,SHORT,6.564380492518946,DERIVED: deployed v2 ATR replay on persisted Schwab 1m bars (sources=live) through last completed bar 09:29 ET,09:54,6.239900,-2.042386185243328100470957610,6.210000,6.240000,0.4819277108433734939759036145,False,SIMULATED | NOT SIZE-QUALIFIED
2026-08-26,CRE,6.370000,09:30:42,SHORT,6.564380492518946,DERIVED: deployed v2 ATR replay on persisted Schwab 1m bars (sources=live) through last completed bar 09:29 ET,09:55,6.279100,-1.427001569858712715855573000,6.270000,6.300000,0.4773269689737470167064439141,False,SIMULATED | NOT SIZE-QUALIFIED
2026-08-26,CRE,6.370000,09:30:42,SHORT,6.564380492518946,DERIVED: deployed v2 ATR replay on persisted Schwab 1m bars (sources=live) through last completed bar 09:29 ET,09:56,6.030600,-5.328100470957613814756671900,6.040000,6.050000,0.1654259718775847808105872622,False,SIMULATED | NOT SIZE-QUALIFIED
2026-08-26,CRE,6.370000,09:30:42,SHORT,6.564380492518946,DERIVED: deployed v2 ATR replay on persisted Schwab 1m bars (sources=live) through last completed bar 09:29 ET,09:57,6.155000,-3.375196232339089481946624800,6.130000,6.180000,0.8123476848090982940698619009,False,SIMULATED | NOT SIZE-QUALIFIED
2026-08-26,CRE,6.370000,09:30:42,SHORT,6.564380492518946,DERIVED: deployed v2 ATR replay on persisted Schwab 1m bars (sources=live) through last completed bar 09:29 ET,09:58,6.280000,-1.412872841444270015698587130,6.270000,6.310000,0.6359300476947535771065182830,False,SIMULATED | NOT SIZE-QUALIFIED
2026-08-26,CRE,6.370000,09:30:42,SHORT,6.564380492518946,DERIVED: deployed v2 ATR replay on persisted Schwab 1m bars (sources=live) through last completed bar 09:29 ET,09:59,6.140000,-3.610675039246467817896389320,6.130000,6.160000,0.4882017900732302685109845403,False,SIMULATED | NOT SIZE-QUALIFIED
2026-08-26,CRE,6.370000,09:30:42,SHORT,6.564380492518946,DERIVED: deployed v2 ATR replay on persisted Schwab 1m bars (sources=live) through last completed bar 09:29 ET,10:00,6.290000,-1.255886970172684458398744110,6.280000,6.300000,0.3179650238473767885532591415,False,SIMULATED | NOT SIZE-QUALIFIED
2026-08-26,YYGH,1.970000,09:31:37,SHORT,1.9697955466852441,DERIVED: deployed v2 ATR replay on persisted Schwab 1m bars (sources=live) through last completed bar 09:30 ET,09:31,1.940000,-1.522842639593908629441624370,1.940000,1.950000,0.5141388174807197943444730077,False,SIMULATED | NOT SIZE-QUALIFIED
2026-08-26,YYGH,1.970000,09:31:37,SHORT,1.9697955466852441,DERIVED: deployed v2 ATR replay on persisted Schwab 1m bars (sources=live) through last completed bar 09:30 ET,09:32,1.868900,-5.131979695431472081218274110,1.850000,1.860000,0.5390835579514824797843665768,False,SIMULATED | NOT SIZE-QUALIFIED
2026-08-26,YYGH,1.970000,09:31:37,SHORT,1.9697955466852441,DERIVED: deployed v2 ATR replay on persisted Schwab 1m bars (sources=live) through last completed bar 09:30 ET,09:33,1.891100,-4.005076142131979695431472080,1.890000,1.900000,0.5277044854881266490765171504,False,SIMULATED | NOT SIZE-QUALIFIED
2026-08-26,YYGH,1.970000,09:31:37,SHORT,1.9697955466852441,DERIVED: deployed v2 ATR replay on persisted Schwab 1m bars (sources=live) through last completed bar 09:30 ET,09:34,1.908900,-3.101522842639593908629441620,1.900000,1.910000,0.5249343832020997375328083990,False,SIMULATED | NOT SIZE-QUALIFIED
2026-08-26,YYGH,1.970000,09:31:37,SHORT,1.9697955466852441,DERIVED: deployed v2 ATR replay on persisted Schwab 1m bars (sources=live) through last completed bar 09:30 ET,09:35,1.920000,-2.538071065989847715736040610,1.910000,1.920000,0.5221932114882506527415143603,False,SIMULATED | NOT SIZE-QUALIFIED
2026-08-26,YYGH,1.970000,09:31:37,SHORT,1.9697955466852441,DERIVED: deployed v2 ATR replay on persisted Schwab 1m bars (sources=live) through last completed bar 09:30 ET,09:36,1.888900,-4.116751269035532994923857870,1.880000,1.890000,0.5305039787798408488063660477,False,SIMULATED | NOT SIZE-QUALIFIED
2026-08-26,YYGH,1.970000,09:31:37,SHORT,1.9697955466852441,DERIVED: deployed v2 ATR replay on persisted Schwab 1m bars (sources=live) through last completed bar 09:30 ET,09:37,1.912400,-2.923857868020304568527918780,1.910000,1.920000,0.5221932114882506527415143603,False,SIMULATED | NOT SIZE-QUALIFIED
2026-08-26,YYGH,1.970000,09:31:37,SHORT,1.9697955466852441,DERIVED: deployed v2 ATR replay on persisted Schwab 1m bars (sources=live) through last completed bar 09:30 ET,09:38,1.909900,-3.050761421319796954314720810,1.900000,1.910000,0.5249343832020997375328083990,False,SIMULATED | NOT SIZE-QUALIFIED
2026-08-26,YYGH,1.970000,09:31:37,SHORT,1.9697955466852441,DERIVED: deployed v2 ATR replay on persisted Schwab 1m bars (sources=live) through last completed bar 09:30 ET,09:39,1.989700,1.00,1.980000,1.990000,0.5037783375314861460957178841,False,SIMULATED | NOT SIZE-QUALIFIED
2026-08-26,YYGH,1.970000,09:31:37,SHORT,1.9697955466852441,DERIVED: deployed v2 ATR replay on persisted Schwab 1m bars (sources=live) through last completed bar 09:30 ET,09:40,1.947600,-1.137055837563451776649746190,1.940000,1.950000,0.5141388174807197943444730077,False,SIMULATED | NOT SIZE-QUALIFIED
2026-08-26,YYGH,1.970000,09:31:37,SHORT,1.9697955466852441,DERIVED: deployed v2 ATR replay on persisted Schwab 1m bars (sources=live) through last completed bar 09:30 ET,09:41,1.950100,-1.010152284263959390862944160,1.950000,1.960000,0.5115089514066496163682864450,False,SIMULATED | NOT SIZE-QUALIFIED
2026-08-26,YYGH,1.970000,09:31:37,SHORT,1.9697955466852441,DERIVED: deployed v2 ATR replay on persisted Schwab 1m bars (sources=live) through last completed bar 09:30 ET,09:42,1.989300,0.979695431472081218274111700,1.980000,1.990000,0.5037783375314861460957178841,False,SIMULATED | NOT SIZE-QUALIFIED
2026-08-26,YYGH,1.970000,09:31:37,SHORT,1.9697955466852441,DERIVED: deployed v2 ATR replay on persisted Schwab 1m bars (sources=live) through last completed bar 09:30 ET,09:43,2.048800,4.00,2.040000,2.050000,0.4889975550122249388753056235,False,SIMULATED | NOT SIZE-QUALIFIED
2026-08-26,YYGH,1.970000,09:31:37,SHORT,1.9697955466852441,DERIVED: deployed v2 ATR replay on persisted Schwab 1m bars (sources=live) through last completed bar 09:30 ET,09:44,2.008800,1.969543147208121827411167500,2.000000,2.010000,0.4987531172069825436408977556,False,SIMULATED | NOT SIZE-QUALIFIED
2026-08-26,YYGH,1.970000,09:31:37,SHORT,1.9697955466852441,DERIVED: deployed v2 ATR replay on persisted Schwab 1m bars (sources=live) through last completed bar 09:30 ET,09:45,1.901100,-3.497461928934010152284263960,1.900000,1.910000,0.5249343832020997375328083990,False,SIMULATED | NOT SIZE-QUALIFIED
2026-08-26,YYGH,1.970000,09:31:37,SHORT,1.9697955466852441,DERIVED: deployed v2 ATR replay on persisted Schwab 1m bars (sources=live) through last completed bar 09:30 ET,09:46,1.915000,-2.791878172588832487309644670,1.910000,1.920000,0.5221932114882506527415143603,False,SIMULATED | NOT SIZE-QUALIFIED
2026-08-26,YYGH,1.970000,09:31:37,SHORT,1.9697955466852441,DERIVED: deployed v2 ATR replay on persisted Schwab 1m bars (sources=live) through last completed bar 09:30 ET,09:47,1.888900,-4.116751269035532994923857870,1.880000,1.890000,0.5305039787798408488063660477,False,SIMULATED | NOT SIZE-QUALIFIED
2026-08-26,YYGH,1.970000,09:31:37,SHORT,1.9697955466852441,DERIVED: deployed v2 ATR replay on persisted Schwab 1m bars (sources=live) through last completed bar 09:30 ET,09:48,1.870000,-5.076142131979695431472081220,1.870000,1.880000,0.5333333333333333333333333333,False,SIMULATED | NOT SIZE-QUALIFIED
2026-08-26,YYGH,1.970000,09:31:37,SHORT,1.9697955466852441,DERIVED: deployed v2 ATR replay on persisted Schwab 1m bars (sources=live) through last completed bar 09:30 ET,09:49,1.890000,-4.060913705583756345177664970,1.890000,1.900000,0.5277044854881266490765171504,False,SIMULATED | NOT SIZE-QUALIFIED
2026-08-26,YYGH,1.970000,09:31:37,SHORT,1.9697955466852441,DERIVED: deployed v2 ATR replay on persisted Schwab 1m bars (sources=live) through last completed bar 09:30 ET,09:50,1.870100,-5.071065989847715736040609140,1.870000,1.880000,0.5333333333333333333333333333,False,SIMULATED | NOT SIZE-QUALIFIED
2026-08-26,YYGH,1.970000,09:31:37,SHORT,1.9697955466852441,DERIVED: deployed v2 ATR replay on persisted Schwab 1m bars (sources=live) through last completed bar 09:30 ET,09:51,1.865000,-5.329949238578680203045685280,1.860000,1.870000,0.5361930294906166219839142091,False,SIMULATED | NOT SIZE-QUALIFIED
2026-08-26,YYGH,1.970000,09:31:37,SHORT,1.9697955466852441,DERIVED: deployed v2 ATR replay on persisted Schwab 1m bars (sources=live) through last completed bar 09:30 ET,09:52,1.861100,-5.527918781725888324873096450,1.860000,1.870000,0.5361930294906166219839142091,False,SIMULATED | NOT SIZE-QUALIFIED
2026-08-26,YYGH,1.970000,09:31:37,SHORT,1.9697955466852441,DERIVED: deployed v2 ATR replay on persisted Schwab 1m bars (sources=live) through last completed bar 09:30 ET,09:53,1.860000,-5.583756345177664974619289340,1.860000,1.870000,0.5361930294906166219839142091,False,SIMULATED | NOT SIZE-QUALIFIED
2026-08-26,YYGH,1.970000,09:31:37,SHORT,1.9697955466852441,DERIVED: deployed v2 ATR replay on persisted Schwab 1m bars (sources=live) through last completed bar 09:30 ET,09:54,1.874300,-4.857868020304568527918781730,1.870000,1.880000,0.5333333333333333333333333333,False,SIMULATED | NOT SIZE-QUALIFIED
2026-08-26,YYGH,1.970000,09:31:37,SHORT,1.9697955466852441,DERIVED: deployed v2 ATR replay on persisted Schwab 1m bars (sources=live) through last completed bar 09:30 ET,09:55,1.859900,-5.588832487309644670050761420,1.850000,1.860000,0.5390835579514824797843665768,False,SIMULATED | NOT SIZE-QUALIFIED
2026-08-26,YYGH,1.970000,09:31:37,SHORT,1.9697955466852441,DERIVED: deployed v2 ATR replay on persisted Schwab 1m bars (sources=live) through last completed bar 09:30 ET,09:56,1.816700,-7.781725888324873096446700510,1.810000,1.820000,0.5509641873278236914600550964,False,SIMULATED | NOT SIZE-QUALIFIED
2026-08-26,YYGH,1.970000,09:31:37,SHORT,1.9697955466852441,DERIVED: deployed v2 ATR replay on persisted Schwab 1m bars (sources=live) through last completed bar 09:30 ET,09:57,1.800000,-8.629441624365482233502538070,1.800000,1.810000,0.5540166204986149584487534626,False,SIMULATED | NOT SIZE-QUALIFIED
2026-08-26,YYGH,1.970000,09:31:37,SHORT,1.9697955466852441,DERIVED: deployed v2 ATR replay on persisted Schwab 1m bars (sources=live) through last completed bar 09:30 ET,09:58,1.825000,-7.360406091370558375634517770,1.820000,1.830000,0.5479452054794520547945205479,False,SIMULATED | NOT SIZE-QUALIFIED
2026-08-26,YYGH,1.970000,09:31:37,SHORT,1.9697955466852441,DERIVED: deployed v2 ATR replay on persisted Schwab 1m bars (sources=live) through last completed bar 09:30 ET,09:59,1.791200,-9.076142131979695431472081220,1.790000,1.800000,0.5571030640668523676880222841,False,SIMULATED | NOT SIZE-QUALIFIED
2026-08-26,YYGH,1.970000,09:31:37,SHORT,1.9697955466852441,DERIVED: deployed v2 ATR replay on persisted Schwab 1m bars (sources=live) through last completed bar 09:30 ET,10:00,1.860000,-5.583756345177664974619289340,1.860000,1.870000,0.5361930294906166219839142091,False,SIMULATED | NOT SIZE-QUALIFIED
