day,symbol,group,entry_time_et,entry_price,entry_source,ladder_5pp_rule,ladder_5pp_exit_et,ladder_5pp_exit_price,ladder_5pp_return_pct,ladder_5pp_giveback_points,ladder_3pp_rule,ladder_3pp_exit_et,ladder_3pp_exit_price,ladder_3pp_return_pct,ladder_3pp_giveback_points,flat_rule,flat_exit_et,flat_exit_price,flat_return_pct,price_at_1000,price_at_1000_time_et,floor_hit_before_five,qualification
2026-08-25,DAIC,PRIMARY,09:30:21,3.66,FROZEN FROM OPERATOR-APPROVED ROW,FLOOR-5PP,09:30:23,3.840000,4.918032786885245901639344300,2.732240437158469945355191200,FLOOR-3PP,09:30:23,3.840000,4.918032786885245901639344300,2.732240437158469945355191200,+5%,09:30:23,3.850000,5.191256830601092896174863400,4.100000,10:00:00,False,SIMULATED | NO REALISED CONTROL | NOT SIZE-QUALIFIED
2026-08-26,DAIC,PRIMARY,09:30:04,6.11,FROZEN FROM OPERATOR-APPROVED ROW,FLOOR-5PP,09:30:19,6.410000,4.909983633387888707037643200,0.163666121112929623567921400,FLOOR-3PP,09:30:19,6.410000,4.909983633387888707037643200,0.163666121112929623567921400,+5%,09:30:19,6.420000,5.073649754500818330605564600,5.230000,10:02:53,False,SIMULATED | NO REALISED CONTROL | NOT SIZE-QUALIFIED
2026-08-26,CRE,PRIMARY,09:30:42,6.37,FROZEN FROM OPERATOR-APPROVED ROW,FLOOR-5PP,09:30:58,6.680000,4.866562009419152276295133400,1.412872841444270015698587200,FLOOR-3PP,09:30:58,6.680000,4.866562009419152276295133400,1.412872841444270015698587200,+5%,09:30:58,6.690000,5.023547880690737833594976500,6.140000,10:00:00,False,SIMULATED | NO REALISED CONTROL | NOT SIZE-QUALIFIED
2026-08-28,QNRX,PRIMARY,09:30:10,7.25,FROZEN FROM OPERATOR-APPROVED ROW,FLOOR-5PP,09:30:19,7.610000,4.965517241379310344827586200,0.137931034482758620689655200,FLOOR-3PP,09:30:19,7.610000,4.965517241379310344827586200,0.137931034482758620689655200,+5%,09:30:19,7.620000,5.103448275862068965517241400,7.240000,10:00:00,False,SIMULATED | NO REALISED CONTROL | NOT SIZE-QUALIFIED
2026-08-31,AEHL,PRIMARY,09:30:13,6.76,FROZEN FROM OPERATOR-APPROVED ROW,FLOOR-5PP,09:30:35,7.080000,4.733727810650887573964497000,1.183431952662721893491124300,FLOOR-3PP,09:30:35,7.080000,4.733727810650887573964497000,1.183431952662721893491124300,+5%,09:30:35,7.110000,5.177514792899408284023668600,6.090000,10:00:00,False,SIMULATED | NO REALISED CONTROL | NOT SIZE-QUALIFIED
2026-08-31,YDDL,PRIMARY,09:34:26,2.49,FROZEN FROM OPERATOR-APPROVED ROW,FLOOR-5PP,09:35:08,2.610000,4.819277108433734939759036100,0.401606425702811244979919700,FLOOR-3PP,09:35:08,2.610000,4.819277108433734939759036100,0.401606425702811244979919700,+5%,09:35:08,2.620000,5.220883534136546184738955800,2.290000,10:00:01,False,SIMULATED | NO REALISED CONTROL | NOT SIZE-QUALIFIED
2026-08-31,RDHL,PRIMARY,09:30:53,1.39,FROZEN FROM OPERATOR-APPROVED ROW,FLOOR-5PP,09:35:38,1.450000,4.316546762589928057553956800,2.158273381294964028776978500,FLOOR-3PP,09:35:38,1.450000,4.316546762589928057553956800,2.158273381294964028776978500,+5%,09:35:36,1.460000,5.035971223021582733812949600,1.120000,10:00:00,False,SIMULATED | NO REALISED CONTROL | NOT SIZE-QUALIFIED
2026-09-01,SSM,PRIMARY,09:37:41,3.87,FROZEN FROM OPERATOR-APPROVED ROW,FLOOR-5PP,09:39:08,4.060000,4.909560723514211886304909600,0.258397932816537467700258400,FLOOR-3PP,09:39:08,4.060000,4.909560723514211886304909600,0.258397932816537467700258400,+5%,09:39:08,4.070000,5.167958656330749354005168000,3.770000,10:00:02,False,SIMULATED | NO REALISED CONTROL | NOT SIZE-QUALIFIED
2026-09-02,VIVK,PRIMARY,09:30:29,1.11,FROZEN FROM OPERATOR-APPROVED ROW,UNANSWERABLE,-,,,,UNANSWERABLE,-,,,,UNANSWERABLE,-,,,,-,False,SIMULATED | NO REALISED CONTROL | NOT SIZE-QUALIFIED
2026-08-27,PPCB,PPCB_SEPARATE,09:32:00,3.780000,ASSUMED FIRST POSITIVE ASK AT/AFTER OPERATOR-SUPPLIED 09:32 ATR FLIP (09:32:00 ET),FLOOR-5PP,09:32:38,3.960000,4.761904761904761904761904800,0.264550264550264550264550200,FLOOR-3PP,09:32:38,3.960000,4.761904761904761904761904800,0.264550264550264550264550200,+5%,09:32:38,3.970000,5.026455026455026455026455000,3.380000,10:00:00,False,SIMULATED | NO REALISED CONTROL | NOT SIZE-QUALIFIED
