group,day,symbol,entry_time_et,entry_price,minute_et,price,return_pct,macd,signal,histogram,macd_cross_down,volume,average_volume_20,volume_ratio,atr_state,atr_level,atr_sell_flip,halted,quote_available,qualification
A,2026-08-25,DAIC,09:30:21,3.66,09:25,3.83000000,4.644808743169398907103825100,0.017580736323463686,-0.008550927670238174,0.02613166399370186,False,210711,80193.65,2.627527241870148072821227117,LONG,3.464145361758907,False,False,True,SIMULATED | NOT SIZE-QUALIFIED
A,2026-08-25,DAIC,09:30:21,3.66,09:26,3.77000000,3.005464480874316939890710400,0.02501739433644312,-0.0018372632803272315,0.026854657616770354,False,257492,90779.75,2.836447555759957479503964265,LONG,3.464145361758907,False,False,True,SIMULATED | NOT SIZE-QUALIFIED
A,2026-08-25,DAIC,09:30:21,3.66,09:27,3.76000000,2.732240437158469945355191300,0.029761016485096103,0.004482392655683617,0.025278623829412487,False,88951,91437.75,0.9728039021082649124677717901,LONG,3.464145361758907,False,False,True,SIMULATED | NOT SIZE-QUALIFIED
A,2026-08-25,DAIC,09:30:21,3.66,09:28,3.71000000,1.366120218579234972677595600,0.02914976870381203,0.009415867864725987,0.019733900839086042,False,74704,91281.2,0.8183941490690306437689250360,LONG,3.464145361758907,False,False,True,SIMULATED | NOT SIZE-QUALIFIED
A,2026-08-25,DAIC,09:30:21,3.66,09:29,3.62000000,-1.092896174863387978142076500,0.021159192591919673,0.011764532807478101,0.009394659784441572,False,159991,97553.6,1.640031736399271784946941989,LONG,3.464145361758907,False,False,True,SIMULATED | NOT SIZE-QUALIFIED
A,2026-08-25,DAIC,09:30:21,3.66,09:30,3.91120000,6.863387978142076502732240400,0.037887268937641494,0.0169890800257588,0.020898188911882692,False,1624135,174657.95,9.298946884467612267291583349,LONG,3.464145361758907,False,False,True,SIMULATED | NOT SIZE-QUALIFIED
A,2026-08-25,DAIC,09:30:21,3.66,09:31,4.43000000,21.03825136612021857923497270,0.09194730288900566,0.0319807245831822,0.059966578305823456,False,3473450,347106.7,10.00686532412079628540734016,LONG,3.464145361758907,False,False,True,SIMULATED | NOT SIZE-QUALIFIED
A,2026-08-25,DAIC,09:30:21,3.66,09:32,4.52500000,23.63387978142076502732240440,0.14083254541306234,0.05375108873944083,0.08708145667362151,False,1516576,421486.85,3.598157332785115360064020977,LONG,3.464145361758907,False,False,True,SIMULATED | NOT SIZE-QUALIFIED
A,2026-08-25,DAIC,09:30:21,3.66,09:33,4.27990000,16.93715846994535519125683060,0.157975883065693,0.07459604760953742,0.08337983545615557,False,1550846,494891.55,3.133708789329702638891288404,LONG,3.464145361758907,False,False,True,SIMULATED | NOT SIZE-QUALIFIED
A,2026-08-25,DAIC,09:30:21,3.66,09:34,4.46000000,21.85792349726775956284153010,0.18397392957820768,0.09647162402069986,0.08750230555750782,False,2048678,592871.6,3.455517181123197670456807174,LONG,3.464145361758907,False,False,True,SIMULATED | NOT SIZE-QUALIFIED
A,2026-08-25,DAIC,09:30:21,3.66,09:35,4.59500000,25.54644808743169398907103830,0.21301543121131905,0.11978038547571923,0.09323504573559982,False,800003,629875.55,1.270096926289645629204054674,LONG,3.464145361758907,False,False,True,SIMULATED | NOT SIZE-QUALIFIED
A,2026-08-25,DAIC,09:30:21,3.66,09:36,4.68000000,27.86885245901639344262295080,0.24012184495459277,0.14384867738444534,0.09627316757014742,False,1164494,686319.3,1.696723376422606795408492811,LONG,3.464145361758907,False,False,True,SIMULATED | NOT SIZE-QUALIFIED
A,2026-08-25,DAIC,09:30:21,3.66,09:37,4.79000000,30.87431693989071038251366120,0.26739756120171876,0.16855845417029666,0.0988391070314221,False,2058707,788222.0,2.611836513063578534981261624,LONG,3.464145361758907,False,False,True,SIMULATED | NOT SIZE-QUALIFIED
A,2026-08-25,DAIC,09:30:21,3.66,09:38,4.75000000,29.78142076502732240437158470,0.2825292755041886,0.19135261844521614,0.09117665705897246,False,1075980,837024.6,1.285481932072247338967098458,LONG,3.464145361758907,False,False,True,SIMULATED | NOT SIZE-QUALIFIED
A,2026-08-25,DAIC,09:30:21,3.66,09:39,4.60100000,25.71038251366120218579234970,0.2792788604895309,0.20893786685623714,0.07034099363329374,False,770789,867281.5,0.8887414293974908954013201020,LONG,3.464145361758907,False,False,True,SIMULATED | NOT SIZE-QUALIFIED
A,2026-08-25,DAIC,09:30:21,3.66,09:40,4.46820000,22.08196721311475409836065570,0.2629558417702853,0.21974146184280346,0.04321437992748184,False,886106,909055.5,0.9747545666903725900123809822,LONG,3.464145361758907,False,False,True,SIMULATED | NOT SIZE-QUALIFIED
A,2026-08-25,DAIC,09:30:21,3.66,09:41,4.43010000,21.04098360655737704918032790,0.24413118789107902,0.2246194070674824,0.019511780823596614,False,414493,926138.2,0.4475498365146799905240924087,LONG,3.464145361758907,False,False,True,SIMULATED | NOT SIZE-QUALIFIED
A,2026-08-25,DAIC,09:30:21,3.66,09:42,4.26500000,16.53005464480874316939890710,0.21343003527178528,0.22238153271734276,-0.008951497445557483,True,889853,966022.65,0.9211512794239348321698254177,LONG,3.464145361758907,False,False,True,SIMULATED | NOT SIZE-QUALIFIED
A,2026-08-25,DAIC,09:30:21,3.66,09:43,4.31720000,17.95628415300546448087431690,0.19110827712852885,0.21612688161845256,-0.025018604489923713,False,373103,977251.6,0.3817880676787840511082304700,LONG,3.464145361758907,False,False,True,SIMULATED | NOT SIZE-QUALIFIED
A,2026-08-25,DAIC,09:30:21,3.66,09:44,4.48000000,22.40437158469945355191256830,0.18442874267305776,0.20978725385996266,-0.02535851118690491,False,604706,1002188.4,0.6033855510600601643363662960,LONG,3.464145361758907,False,False,True,SIMULATED | NOT SIZE-QUALIFIED
A,2026-08-25,DAIC,09:30:21,3.66,09:45,4.28000000,16.93989071038251366120218580,0.16113932117497143,0.2000576673492785,-0.03891834617430706,False,542406,1018773.15,0.5324109690169985339719642199,LONG,3.464145361758907,False,False,True,SIMULATED | NOT SIZE-QUALIFIED
A,2026-08-25,DAIC,09:30:21,3.66,09:46,4.41190000,20.54371584699453551912568310,0.15157821521334025,0.19036177695934647,-0.03878356174600622,False,333843,1022590.7,0.3264678624595353742215727172,LONG,3.464145361758907,False,False,True,SIMULATED | NOT SIZE-QUALIFIED
A,2026-08-25,DAIC,09:30:21,3.66,09:47,4.39400000,20.05464480874316939890710380,0.14093201292878366,0.1804758241790472,-0.039543811250263544,False,616659,1048976.1,0.5878675405473966470732745961,LONG,3.464145361758907,False,False,True,SIMULATED | NOT SIZE-QUALIFIED
A,2026-08-25,DAIC,09:30:21,3.66,09:48,4.41570000,20.64754098360655737704918030,0.13271596255103812,0.17092385186580195,-0.03820788931476382,False,191459,1054813.85,0.1815097516969463379723351187,LONG,3.482694407199123,False,False,True,SIMULATED | NOT SIZE-QUALIFIED
A,2026-08-25,DAIC,09:30:21,3.66,09:49,4.54980000,24.31147540983606557377049180,0.13546388932115505,0.1638318593687585,-0.02836797004760344,False,743673,1083997.95,0.6860465003646916490939858327,LONG,3.6144655257592984,False,False,True,SIMULATED | NOT SIZE-QUALIFIED
A,2026-08-25,DAIC,09:30:21,3.66,09:50,4.24030000,15.85519125683060109289617490,0.11138361667467045,0.15334221082764157,-0.041958594152971124,False,833880,1044485.2,0.7983645914753028573310564860,LONG,3.6144655257592984,False,False,True,SIMULATED | NOT SIZE-QUALIFIED
A,2026-08-25,DAIC,09:30:21,3.66,09:51,4.20000000,14.75409836065573770491803280,0.08803316241556924,0.14028040114160648,-0.05224723872603723,False,324106,887018.0,0.3653883010265857062652618098,LONG,3.6144655257592984,False,False,True,SIMULATED | NOT SIZE-QUALIFIED
A,2026-08-25,DAIC,09:30:21,3.66,09:52,4.24000000,15.84699453551912568306010930,0.07192630323449745,0.12660958155118013,-0.05468327831668268,False,147188,818548.6,0.1798158350035660680379882147,LONG,3.6144655257592984,False,False,True,SIMULATED | NOT SIZE-QUALIFIED
A,2026-08-25,DAIC,09:30:21,3.66,09:53,4.18000000,14.20765027322404371584699450,0.0537009713579355,0.11202785950150915,-0.058326888143573646,False,332407,757626.65,0.4387477658025889136819566735,LONG,3.6144655257592984,False,False,True,SIMULATED | NOT SIZE-QUALIFIED
A,2026-08-25,DAIC,09:30:21,3.66,09:54,4.14500000,13.25136612021857923497267760,0.03601786551073527,0.09682586069083747,-0.0608079951801022,False,239814,667183.45,0.3594423692614077882177682915,LONG,3.6144655257592984,False,False,True,SIMULATED | NOT SIZE-QUALIFIED
A,2026-08-25,DAIC,09:30:21,3.66,09:55,4.14000000,13.11475409836065573770491800,0.02135425989584583,0.08173154051834142,-0.06037728062249559,False,215608,637963.7,0.3379628025857897557494258686,LONG,3.6144655257592984,False,False,True,SIMULATED | NOT SIZE-QUALIFIED
A,2026-08-25,DAIC,09:30:21,3.66,09:56,4.22970000,15.56557377049180327868852460,0.0167778821572675,0.06874080882542641,-0.05196292666815891,False,350266,597252.3,0.5864623710950966618295149303,LONG,3.6144655257592984,False,False,True,SIMULATED | NOT SIZE-QUALIFIED
A,2026-08-25,DAIC,09:30:21,3.66,09:57,4.26500000,16.53005464480874316939890710,0.015817154500349595,0.058156077939854375,-0.04233892343950478,False,613804,525007.15,1.169134553691316394452913641,LONG,3.6144655257592984,False,False,True,SIMULATED | NOT SIZE-QUALIFIED
A,2026-08-25,DAIC,09:30:21,3.66,09:58,4.32000000,18.03278688524590163934426230,0.019271659557320575,0.05037919424106983,-0.031107534683749258,False,257395,484077.9,0.5317222703205413839384115656,LONG,3.7039115506609384,False,False,True,SIMULATED | NOT SIZE-QUALIFIED
A,2026-08-25,DAIC,09:30:21,3.66,09:59,4.10000000,12.02185792349726775956284150,0.004208703007515524,0.04114509597037076,-0.03693639296285524,False,438226,467449.75,0.9374825850265188932072377833,LONG,3.7039115506609384,False,False,True,SIMULATED | NOT SIZE-QUALIFIED
A,2026-08-25,DAIC,09:30:21,3.66,10:00,4.24860000,16.08196721311475409836065570,0.004213409953001346,0.03375875875055272,-0.02954534879755137,False,142383,430263.6,0.3309203939166594617811034910,LONG,3.7039115506609384,False,False,True,SIMULATED | NOT SIZE-QUALIFIED
A,2026-08-28,QNRX,09:30:10,7.25,09:25,7.36000000,1.517241379310344827586206900,0.06753624550714932,0.054570960261691455,0.012965285245457862,False,11975,21415.3,0.5591796519310959921177849481,LONG,7.053892220186986,False,False,True,SIMULATED | NOT SIZE-QUALIFIED
A,2026-08-28,QNRX,09:30:10,7.25,09:26,7.40040000,2.074482758620689655172413800,0.07092128758603522,0.057841025726560205,0.013080261859475015,False,40975,22362.25,1.832329036657760287985332424,LONG,7.085513776149588,False,False,True,SIMULATED | NOT SIZE-QUALIFIED
A,2026-08-28,QNRX,09:30:10,7.25,09:27,7.37000000,1.655172413793103448275862100,0.07034009505426742,0.060340839592101646,0.00999925546216577,False,59022,24701.4,2.389419223201923777599650222,LONG,7.085513776149588,False,False,True,SIMULATED | NOT SIZE-QUALIFIED
A,2026-08-28,QNRX,09:30:10,7.25,09:28,7.22000000,-0.4137931034482758620689655200,0.057117336289443266,0.05969613893156997,-0.002578802642126704,True,66472,27378.7,2.427872762402889837720563796,LONG,7.085513776149588,False,False,True,SIMULATED | NOT SIZE-QUALIFIED
A,2026-08-28,QNRX,09:30:10,7.25,09:29,7.25000000,0.000000,0.048499877584359474,0.05745688666212787,-0.008957009077768398,False,18082,27990.1,0.6460141264232710851336722627,LONG,7.085513776149588,False,False,True,SIMULATED | NOT SIZE-QUALIFIED
A,2026-08-28,QNRX,09:30:10,7.25,09:30,7.36870000,1.637241379310344827586206900,0.05066454808511267,0.056098418946724835,-0.005433870861612164,False,394852,47600.4,8.295140376971622087209351182,LONG,7.085513776149588,False,False,True,SIMULATED | NOT SIZE-QUALIFIED
A,2026-08-28,QNRX,09:30:10,7.25,09:31,7.27000000,0.275862068965517241379310300,0.043909636960801635,0.053660662549540196,-0.009751025588738561,False,190015,56664.05,3.353360728716002474231898355,LONG,7.085513776149588,False,False,True,SIMULATED | NOT SIZE-QUALIFIED
A,2026-08-28,QNRX,09:30:10,7.25,09:32,7.65000000,5.517241379310344827586206900,0.06843032326556298,0.056614594692744755,0.011815728572818221,False,231549,67343.5,3.438327381261740182794182067,LONG,7.085513776149588,False,False,True,SIMULATED | NOT SIZE-QUALIFIED
A,2026-08-28,QNRX,09:30:10,7.25,09:33,7.64000000,5.379310344827586206896551700,0.08606413363806187,0.06250450248180818,0.023559631156253688,False,422228,87487.85,4.826133000182311029474378442,LONG,7.085513776149588,False,False,True,SIMULATED | NOT SIZE-QUALIFIED
A,2026-08-28,QNRX,09:30:10,7.25,09:34,7.68000000,5.931034482758620689655172400,0.10208989237847543,0.07042158046114164,0.0316683119173338,False,459419,104818.95,4.382976551472801435236662836,LONG,7.085513776149588,False,False,True,SIMULATED | NOT SIZE-QUALIFIED
A,2026-08-28,QNRX,09:30:10,7.25,09:35,7.77000000,7.172413793103448275862069000,0.12066175586593886,0.08046961554210108,0.04019214032383778,False,719422,139306.4,5.164314058794140111294240609,LONG,7.085513776149588,False,False,True,SIMULATED | NOT SIZE-QUALIFIED
A,2026-08-28,QNRX,09:30:10,7.25,09:36,8.04000000,10.89655172413793103448275860,0.1553757599559349,0.09545084442486784,0.05992491553106705,False,511261,164169.55,3.114225506496180320893856382,LONG,7.085513776149588,False,False,True,SIMULATED | NOT SIZE-QUALIFIED
A,2026-08-28,QNRX,09:30:10,7.25,09:37,7.89500000,8.896551724137931034482758600,0.1692357260098536,0.110207820741865,0.059027905267988595,False,482917,187402.15,2.576902132659630639242932912,LONG,7.085513776149588,False,False,True,SIMULATED | NOT SIZE-QUALIFIED
A,2026-08-28,QNRX,09:30:10,7.25,09:38,7.75160000,6.918620689655172413793103400,0.1667267452713581,0.12151160564776362,0.0452151396235945,False,373601,204932.0,1.823048621005992231569496223,LONG,7.085513776149588,False,False,True,SIMULATED | NOT SIZE-QUALIFIED
A,2026-08-28,QNRX,09:30:10,7.25,09:39,7.71000000,6.344827586206896551724137900,0.15954248121388837,0.12911778076098857,0.0304247004528998,False,185958,213594.6,0.8706118974917905227941155816,LONG,7.085513776149588,False,False,True,SIMULATED | NOT SIZE-QUALIFIED
A,2026-08-28,QNRX,09:30:10,7.25,09:40,7.46510000,2.966896551724137931034482800,0.13255945403252145,0.12980611541529513,0.0027533386172263197,False,491743,237169.85,2.073379057245261149340862677,LONG,7.085513776149588,False,False,True,SIMULATED | NOT SIZE-QUALIFIED
A,2026-08-28,QNRX,09:30:10,7.25,09:41,7.61000000,4.965517241379310344827586200,0.12146723098122258,0.1281383385284806,-0.006671107547258026,True,199792,246315.8,0.8111213328580626983733889584,LONG,7.085513776149588,False,False,True,SIMULATED | NOT SIZE-QUALIFIED
A,2026-08-28,QNRX,09:30:10,7.25,09:42,7.88000000,8.689655172413793103448275900,0.13293096242557567,0.12909686330789963,0.003834099117676043,False,281154,258822.2,1.086282397723224669290346810,LONG,7.085513776149588,False,False,True,SIMULATED | NOT SIZE-QUALIFIED
A,2026-08-28,QNRX,09:30:10,7.25,09:43,7.88890000,8.812413793103448275862069000,0.14110760714778348,0.1314990120758764,0.009608595071907089,False,270635,271423.7,0.9970942110066291189752405556,LONG,7.085513776149588,False,False,True,SIMULATED | NOT SIZE-QUALIFIED
A,2026-08-28,QNRX,09:30:10,7.25,09:44,8.03990000,10.89517241379310344827586210,0.15795133042418197,0.13678947574553751,0.021161854678644454,False,446944,292900.8,1.525922769756859660335512911,LONG,7.085513776149588,False,False,True,SIMULATED | NOT SIZE-QUALIFIED
A,2026-08-28,QNRX,09:30:10,7.25,09:45,7.81890000,7.846896551724137931034482800,0.1517183349236495,0.13977524758115992,0.011943087342489583,False,270830,305843.55,0.8855181023108056390268815543,LONG,7.085513776149588,False,False,True,SIMULATED | NOT SIZE-QUALIFIED
A,2026-08-28,QNRX,09:30:10,7.25,09:46,7.88320000,8.733793103448275862068965500,0.15023529474603947,0.14186725701413583,0.008368037731903644,False,154194,311504.5,0.4949976645602230465370484215,LONG,7.085513776149588,False,False,True,SIMULATED | NOT SIZE-QUALIFIED
A,2026-08-28,QNRX,09:30:10,7.25,09:47,7.54000000,4.000000,0.11998350777217315,0.1374905071657433,-0.017506999393570144,True,179123,317509.55,0.5641499602137951441145628533,LONG,7.085513776149588,False,False,True,SIMULATED | NOT SIZE-QUALIFIED
A,2026-08-28,QNRX,09:30:10,7.25,09:48,7.67500000,5.862068965517241379310344800,0.10568386261860674,0.13112917825631598,-0.025445315637709243,False,139417,321156.8,0.4341088216098802827777584034,LONG,7.085513776149588,False,False,True,SIMULATED | NOT SIZE-QUALIFIED
A,2026-08-28,QNRX,09:30:10,7.25,09:49,7.48000000,3.172413793103448275862069000,0.07772050687015852,0.1204474439790845,-0.04272693710892597,False,227612,331633.3,0.6863363841930228357646834621,LONG,7.085513776149588,False,False,True,SIMULATED | NOT SIZE-QUALIFIED
A,2026-08-28,QNRX,09:30:10,7.25,09:50,7.38450000,1.855172413793103448275862100,0.047307957416300894,0.10581954666652778,-0.058511589250226884,False,247040,324242.7,0.7618984174508786165424849966,LONG,7.085513776149588,False,False,True,SIMULATED | NOT SIZE-QUALIFIED
A,2026-08-28,QNRX,09:30:10,7.25,09:51,7.44000000,2.620689655172413793103448300,0.02736868981095597,0.09012937529541341,-0.06276068548445744,False,105467,320015.3,0.3295686175004757585027965850,LONG,7.085513776149588,False,False,True,SIMULATED | NOT SIZE-QUALIFIED
A,2026-08-28,QNRX,09:30:10,7.25,09:52,7.23190000,-0.2496551724137931034482758600,-0.005165707199624059,0.07107035879640591,-0.07623606599602997,False,88785,312877.1,0.2837695695849904003840485609,LONG,7.085513776149588,False,False,True,SIMULATED | NOT SIZE-QUALIFIED
A,2026-08-28,QNRX,09:30:10,7.25,09:53,7.35500000,1.448275862068965517241379300,-0.02077680790934089,0.05270092545525655,-0.07347773336459744,False,96188,296575.1,0.3243293182738537389012091710,LONG,7.085513776149588,False,False,True,SIMULATED | NOT SIZE-QUALIFIED
A,2026-08-28,QNRX,09:30:10,7.25,09:54,7.35000000,1.379310344827586206896551700,-0.033169814927958896,0.035526777378613456,-0.06869659230657235,False,56987,276453.5,0.2061359324443351232666614819,LONG,7.085513776149588,False,False,True,SIMULATED | NOT SIZE-QUALIFIED
A,2026-08-28,QNRX,09:30:10,7.25,09:55,7.44990000,2.757241379310344827586206900,-0.03453220145333802,0.02151498161222316,-0.05604718306556118,False,64764,243720.6,0.2657305127264580835596170369,LONG,7.085513776149588,False,False,True,SIMULATED | NOT SIZE-QUALIFIED
A,2026-08-28,QNRX,09:30:10,7.25,09:56,7.28990000,0.550344827586206896551724100,-0.04796960170594833,0.007618064948588861,-0.05558766665453719,False,168439,226579.5,0.7433991159835730946533115308,LONG,7.085513776149588,False,False,True,SIMULATED | NOT SIZE-QUALIFIED
A,2026-08-28,QNRX,09:30:10,7.25,09:57,7.27000000,0.275862068965517241379310300,-0.05953828165650066,-0.005813204372429041,-0.053725077284071616,False,113010,208084.15,0.5430975881632503004193255469,LONG,7.085513776149588,False,False,True,SIMULATED | NOT SIZE-QUALIFIED
A,2026-08-28,QNRX,09:30:10,7.25,09:58,7.22620000,-0.3282758620689655172413793100,-0.07141758040230073,-0.01893407957840338,-0.05248350082389735,False,64051,192606.65,0.3325482271769951868224695253,LONG,7.085513776149588,False,False,True,SIMULATED | NOT SIZE-QUALIFIED
A,2026-08-28,QNRX,09:30:10,7.25,09:59,7.24000000,-0.1379310344827586206896551700,-0.07880999303331393,-0.030909262269385493,-0.04790073076392844,False,39499,185283.7,0.2131811918695492371967960484,LONG,7.085513776149588,False,False,True,SIMULATED | NOT SIZE-QUALIFIED
A,2026-08-28,QNRX,09:30:10,7.25,10:00,7.36000000,1.517241379310344827586206900,-0.07413100015979701,-0.039553609847467794,-0.03457739031232922,False,73598,164376.45,0.4477405370416504310684407651,LONG,7.085513776149588,False,False,True,SIMULATED | NOT SIZE-QUALIFIED
A,2026-09-01,SSM,09:37:41,3.87,09:25,3.80980000,-1.555555555555555555555555560,0.011544966145997648,0.012566440512971242,-0.0010214743669735935,False,14808,7622.95,1.942555047586564256619812540,LONG,3.7470438219150712,False,False,True,SIMULATED | NOT SIZE-QUALIFIED
A,2026-09-01,SSM,09:37:41,3.87,09:26,3.87450000,0.116279069767441860465116300,0.015915025879511546,0.013236157586279303,0.0026788682932322432,False,28272,8672.75,3.259865671211553428843215820,LONG,3.7553808368205166,False,False,True,SIMULATED | NOT SIZE-QUALIFIED
A,2026-09-01,SSM,09:37:41,3.87,09:27,3.87000000,0.000000,0.01879851967779711,0.014348630004582865,0.004449889673214245,False,20558,9317.6,2.206362153344208809135399674,LONG,3.7553808368205166,False,False,True,SIMULATED | NOT SIZE-QUALIFIED
A,2026-09-01,SSM,09:37:41,3.87,09:28,3.78000000,-2.325581395348837209302325580,0.013663951906357497,0.014211694371932657,-0.0005477424655751604,True,13279,9820.0,1.352240325865580448065173116,LONG,3.7553808368205166,False,False,True,SIMULATED | NOT SIZE-QUALIFIED
A,2026-09-01,SSM,09:37:41,3.87,09:29,3.76000000,-2.842377260981912144702842380,0.00788998624750148,0.012947352730658866,-0.005057366483157386,False,30506,10856.75,2.809864830635319041149515279,LONG,3.7553808368205166,False,False,True,SIMULATED | NOT SIZE-QUALIFIED
A,2026-09-01,SSM,09:37:41,3.87,09:30,3.74000000,-3.359173126614987080103359170,0.0016808680052537994,0.010694055765001842,-0.009013187759748043,False,117151,16225.25,7.220289363800249610945902220,SHORT,3.9882912092383167,True,False,True,SIMULATED | NOT SIZE-QUALIFIED
A,2026-09-01,SSM,09:37:41,3.87,09:31,3.73000000,-3.617571059431524547803617570,-0.004000701761418313,0.007755104244251699,-0.011755806005670012,False,32731,17643.65,1.855115013050020829023473034,SHORT,3.9882912092383167,False,False,True,SIMULATED | NOT SIZE-QUALIFIED
A,2026-09-01,SSM,09:37:41,3.87,09:32,3.70950000,-4.147286821705426356589147290,-0.0100418096729471,0.004195721454395121,-0.014237531127342221,False,45098,19528.4,2.309354581020462505888859302,SHORT,3.9882912092383167,False,False,True,SIMULATED | NOT SIZE-QUALIFIED
A,2026-09-01,SSM,09:37:41,3.87,09:33,3.69000000,-4.651162790697674418604651160,-0.016215990403769975,0.0001133790789974512,-0.016329369482767427,False,37766,21330.7,1.770499796068577214999976560,SHORT,3.953989099130018,False,False,True,SIMULATED | NOT SIZE-QUALIFIED
A,2026-09-01,SSM,09:37:41,3.87,09:34,3.70000000,-4.392764857881136950904392760,-0.02007079307901094,-0.003923455354516868,-0.016147337724494074,False,34382,22959.2,1.497526046203700477368549427,SHORT,3.953989099130018,False,False,True,SIMULATED | NOT SIZE-QUALIFIED
A,2026-09-01,SSM,09:37:41,3.87,09:35,3.72700000,-3.695090439276485788113695090,-0.020708364488742248,-0.007280437188195021,-0.013427927300547227,False,61850,25661.55,2.410220738809619839799232704,SHORT,3.953989099130018,False,False,True,SIMULATED | NOT SIZE-QUALIFIED
A,2026-09-01,SSM,09:37:41,3.87,09:36,3.79000000,-2.067183462532299741602067180,-0.015946252465161237,-0.009013600249376686,-0.006932652215784551,False,29070,26483.3,1.097672873093609935317728531,SHORT,3.953989099130018,False,False,True,SIMULATED | NOT SIZE-QUALIFIED
A,2026-09-01,SSM,09:37:41,3.87,09:37,3.99000000,3.100775193798449612403100800,0.003920886614906749,-0.006426702878673106,0.010347589493579855,False,224444,37268.7,6.022318996906251090056803699,LONG,3.613217904996345,False,False,True,SIMULATED | NOT SIZE-QUALIFIED
A,2026-09-01,SSM,09:37:41,3.87,09:38,4.00000000,3.359173126614987080103359200,0.020239347297148047,-0.001093492849284351,0.0213328401464324,False,254220,49800.5,5.104768024417425527856146023,LONG,3.613217904996345,False,False,True,SIMULATED | NOT SIZE-QUALIFIED
A,2026-09-01,SSM,09:37:41,3.87,09:39,4.06730000,5.098191214470284237726098200,0.03816247920557192,0.006757701561972887,0.03140477764359903,False,669733,82869.85,8.081745049616959605936296494,LONG,3.613217904996345,False,False,True,SIMULATED | NOT SIZE-QUALIFIED
A,2026-09-01,SSM,09:37:41,3.87,09:40,3.93680000,1.726098191214470284237726100,0.04135966256342849,0.0136780937647258,0.02768156879870269,False,298427,97575.7,3.058415158692174383581158014,LONG,3.613217904996345,False,False,True,SIMULATED | NOT SIZE-QUALIFIED
A,2026-09-01,SSM,09:37:41,3.87,09:41,4.16500000,7.622739018087855297157622700,0.06159723172290121,0.02326192136502562,0.038335310357875595,False,364150,115469.05,3.153658924187910093657131500,LONG,3.613217904996345,False,False,True,SIMULATED | NOT SIZE-QUALIFIED
A,2026-09-01,SSM,09:37:41,3.87,09:42,4.14010000,6.979328165374677002583979300,0.07476458953388088,0.03356245500500814,0.04120213452887274,False,496467,140112.65,3.543341732527362804143665829,LONG,3.613217904996345,False,False,True,SIMULATED | NOT SIZE-QUALIFIED
A,2026-09-01,SSM,09:37:41,3.87,09:43,4.15910000,7.470284237726098191214470300,0.08574454691487343,0.043998873395294305,0.04174567351957913,False,257540,152832.8,1.685109479117048172905292581,LONG,3.613217904996345,False,False,True,SIMULATED | NOT SIZE-QUALIFIED
A,2026-09-01,SSM,09:37:41,3.87,09:44,4.13000000,6.718346253229974160206718300,0.09104856427509889,0.05340881158308758,0.03763975269201131,False,144187,158731.95,0.9083678490688232583295297513,LONG,3.613217904996345,False,False,True,SIMULATED | NOT SIZE-QUALIFIED
A,2026-09-01,SSM,09:37:41,3.87,09:45,4.14000000,6.976744186046511627906976700,0.09496426375733336,0.06171990203266502,0.03324436172466834,False,252306,170606.85,1.478873796685185852736862559,LONG,3.613217904996345,False,False,True,SIMULATED | NOT SIZE-QUALIFIED
A,2026-09-01,SSM,09:37:41,3.87,09:46,4.16500000,7.622739018087855297157622700,0.09894420764709944,0.06916476317786999,0.02977944446922945,False,167653,177575.9,0.9441202325315541129173497079,LONG,3.625935679737529,False,False,True,SIMULATED | NOT SIZE-QUALIFIED
A,2026-09-01,SSM,09:37:41,3.87,09:47,4.32000000,11.62790697674418604651162790,0.11329950035280367,0.07799171063392991,0.03530778971887376,False,442234,198659.7,2.226088129600517870509217521,LONG,3.748748543790024,False,False,True,SIMULATED | NOT SIZE-QUALIFIED
A,2026-09-01,SSM,09:37:41,3.87,09:48,4.36010000,12.66408268733850129198966410,0.1264542225567249,0.08768421303964859,0.038770009517076306,False,540232,225007.35,2.400952679990231430217723999,LONG,3.791098835032019,False,False,True,SIMULATED | NOT SIZE-QUALIFIED
A,2026-09-01,SSM,09:37:41,3.87,09:49,4.23000000,9.302325581395348837209302300,0.12494120751360782,0.09513561196687584,0.029805595546731983,False,441569,245560.5,1.798208588107615027661207727,LONG,3.791098835032019,False,False,True,SIMULATED | NOT SIZE-QUALIFIED
A,2026-09-01,SSM,09:37:41,3.87,09:50,4.29340000,10.94056847545219638242894060,0.12738951529314235,0.10158639265062648,0.02580312264251587,False,272735,253339.7,1.076558470701591578422173864,LONG,3.791098835032019,False,False,True,SIMULATED | NOT SIZE-QUALIFIED
A,2026-09-01,SSM,09:37:41,3.87,09:51,3.85000000,-0.5167958656330749354005168000,0.09248503260171237,0.09976612064602956,-0.007281088044317194,True,546123,279009.3,1.957364862031480671074405047,LONG,3.791098835032019,False,False,True,SIMULATED | NOT SIZE-QUALIFIED
A,2026-09-01,SSM,09:37:41,3.87,09:52,3.87970000,0.250645994832041343669250600,0.06645348596371914,0.09310359371617946,-0.026650107752460322,False,321689,292838.85,1.098518861141545939003653375,LONG,3.791098835032019,False,False,True,SIMULATED | NOT SIZE-QUALIFIED
A,2026-09-01,SSM,09:37:41,3.87,09:53,3.83000000,-1.033591731266149870801033590,0.04133642251522396,0.08275015947753224,-0.04141373696230828,False,136371,297769.1,0.4579756596638133372468802169,LONG,3.791098835032019,False,False,True,SIMULATED | NOT SIZE-QUALIFIED
A,2026-09-01,SSM,09:37:41,3.87,09:54,3.72000000,-3.875968992248062015503875970,0.01241181243877243,0.06868249007674374,-0.056270677637971306,False,253352,308717.6,0.8206593987514803172867371345,SHORT,4.3836993517893665,True,False,True,SIMULATED | NOT SIZE-QUALIFIED
A,2026-09-01,SSM,09:37:41,3.87,09:55,3.82930000,-1.051679586563307493540051680,-0.0016722759431759826,0.054611536874001734,-0.05628381281717772,False,114392,311344.7,0.3674127100927043241783142607,SHORT,4.3836993517893665,False,False,True,SIMULATED | NOT SIZE-QUALIFIED
A,2026-09-01,SSM,09:37:41,3.87,09:56,3.86000000,-0.2583979328165374677002584000,-0.01023875800331675,0.04164147789290589,-0.05188023589622264,False,66018,313192.1,0.2107907574935638542606917607,SHORT,4.3836993517893665,False,False,True,SIMULATED | NOT SIZE-QUALIFIED
A,2026-09-01,SSM,09:37:41,3.87,09:57,3.80370000,-1.713178294573643410852713180,-0.02132487633220892,0.029048207047042095,-0.05037308337925102,False,71369,305538.35,0.2335844256539318223064306003,SHORT,4.303604068116155,False,False,True,SIMULATED | NOT SIZE-QUALIFIED
A,2026-09-01,SSM,09:37:41,3.87,09:58,3.83100000,-1.007751937984496124031007750,-0.0275897852667355,0.0177206085803087,-0.0453103938470442,False,34625,294558.6,0.1175487661877806317656316943,SHORT,4.279923254492925,False,False,True,SIMULATED | NOT SIZE-QUALIFIED
A,2026-09-01,SSM,09:37:41,3.87,09:59,3.79000000,-2.067183462532299741602067180,-0.03545443147053895,0.007085600560956456,-0.04254003203149541,False,55354,263839.65,0.2098016730995511857296657269,SHORT,4.212138603594339,False,False,True,SIMULATED | NOT SIZE-QUALIFIED
A,2026-09-01,SSM,09:37:41,3.87,10:00,3.91000000,1.033591731266149870801033600,-0.031639502640484096,-0.0006594200888657776,-0.03098008255161832,False,88481,253342.35,0.3492546745540175181922801300,SHORT,4.212138603594339,False,False,True,SIMULATED | NOT SIZE-QUALIFIED
B,2026-09-02,VIVK,09:30:29,1.11,09:25,1.05000000,-5.405405405405405405405405410,,,,False,214113,,,,,False,False,True,SIMULATED | NOT SIZE-QUALIFIED
B,2026-09-02,VIVK,09:30:29,1.11,09:26,1.09000000,-1.801801801801801801801801800,,,,False,457713,,,LONG,1.01993,False,False,True,SIMULATED | NOT SIZE-QUALIFIED
B,2026-09-02,VIVK,09:30:29,1.11,09:27,1.09000000,-1.801801801801801801801801800,,,,False,694692,,,LONG,1.01993,False,False,True,SIMULATED | NOT SIZE-QUALIFIED
B,2026-09-02,VIVK,09:30:29,1.11,09:28,1.06500000,-4.054054054054054054054054050,,,,False,232262,,,LONG,1.01993,False,False,True,SIMULATED | NOT SIZE-QUALIFIED
B,2026-09-02,VIVK,09:30:29,1.11,09:29,1.05000000,-5.405405405405405405405405410,,,,False,259614,,,LONG,1.01993,False,False,True,SIMULATED | NOT SIZE-QUALIFIED
B,2026-09-02,VIVK,09:30:29,1.11,09:30,1.10500000,-0.4504504504504504504504504500,,,,False,1792169,,,LONG,1.01993,False,False,True,SIMULATED | NOT SIZE-QUALIFIED
B,2026-09-02,VIVK,09:30:29,1.11,09:31,1.08990000,-1.810810810810810810810810810,,,,False,1463579,,,LONG,1.01993,False,False,True,SIMULATED | NOT SIZE-QUALIFIED
B,2026-09-02,VIVK,09:30:29,1.11,09:32,1.01010000,-9.000000,,,,False,1020055,,,SHORT,1.1880639500799999,True,False,True,SIMULATED | NOT SIZE-QUALIFIED
B,2026-09-02,VIVK,09:30:29,1.11,09:33,,,,,,False,,,,,,False,False,True,SIMULATED | NOT SIZE-QUALIFIED
B,2026-09-02,VIVK,09:30:29,1.11,09:34,,,,,,False,,,,,,False,False,False,SIMULATED | NOT SIZE-QUALIFIED
B,2026-09-02,VIVK,09:30:29,1.11,09:35,,,,,,False,,,,,,False,False,False,SIMULATED | NOT SIZE-QUALIFIED
B,2026-09-02,VIVK,09:30:29,1.11,09:36,,,,,,False,,,,,,False,False,False,SIMULATED | NOT SIZE-QUALIFIED
B,2026-09-02,VIVK,09:30:29,1.11,09:37,,,,,,False,,,,,,False,False,False,SIMULATED | NOT SIZE-QUALIFIED
B,2026-09-02,VIVK,09:30:29,1.11,09:38,,,,,,False,,,,,,False,False,False,SIMULATED | NOT SIZE-QUALIFIED
B,2026-09-02,VIVK,09:30:29,1.11,09:39,,,,,,False,,,,,,False,False,False,SIMULATED | NOT SIZE-QUALIFIED
B,2026-09-02,VIVK,09:30:29,1.11,09:40,,,,,,False,,,,,,False,False,False,SIMULATED | NOT SIZE-QUALIFIED
B,2026-09-02,VIVK,09:30:29,1.11,09:41,,,,,,False,,,,,,False,False,False,SIMULATED | NOT SIZE-QUALIFIED
B,2026-09-02,VIVK,09:30:29,1.11,09:42,,,,,,False,,,,,,False,False,False,SIMULATED | NOT SIZE-QUALIFIED
B,2026-09-02,VIVK,09:30:29,1.11,09:43,,,,,,False,,,,,,False,False,False,SIMULATED | NOT SIZE-QUALIFIED
B,2026-09-02,VIVK,09:30:29,1.11,09:44,,,,,,False,,,,,,False,False,False,SIMULATED | NOT SIZE-QUALIFIED
B,2026-09-02,VIVK,09:30:29,1.11,09:45,,,,,,False,,,,,,False,False,False,SIMULATED | NOT SIZE-QUALIFIED
B,2026-09-02,VIVK,09:30:29,1.11,09:46,,,,,,False,,,,,,False,False,False,SIMULATED | NOT SIZE-QUALIFIED
B,2026-09-02,VIVK,09:30:29,1.11,09:47,,,,,,False,,,,,,False,False,False,SIMULATED | NOT SIZE-QUALIFIED
B,2026-09-02,VIVK,09:30:29,1.11,09:48,,,,,,False,,,,,,False,False,False,SIMULATED | NOT SIZE-QUALIFIED
B,2026-09-02,VIVK,09:30:29,1.11,09:49,,,,,,False,,,,,,False,False,False,SIMULATED | NOT SIZE-QUALIFIED
B,2026-09-02,VIVK,09:30:29,1.11,09:50,,,,,,False,,,,,,False,False,False,SIMULATED | NOT SIZE-QUALIFIED
B,2026-09-02,VIVK,09:30:29,1.11,09:51,,,,,,False,,,,,,False,False,False,SIMULATED | NOT SIZE-QUALIFIED
B,2026-09-02,VIVK,09:30:29,1.11,09:52,,,,,,False,,,,,,False,False,False,SIMULATED | NOT SIZE-QUALIFIED
B,2026-09-02,VIVK,09:30:29,1.11,09:53,,,,,,False,,,,,,False,False,False,SIMULATED | NOT SIZE-QUALIFIED
B,2026-09-02,VIVK,09:30:29,1.11,09:54,,,,,,False,,,,,,False,False,False,SIMULATED | NOT SIZE-QUALIFIED
B,2026-09-02,VIVK,09:30:29,1.11,09:55,,,,,,False,,,,,,False,False,False,SIMULATED | NOT SIZE-QUALIFIED
B,2026-09-02,VIVK,09:30:29,1.11,09:56,,,,,,False,,,,,,False,False,False,SIMULATED | NOT SIZE-QUALIFIED
B,2026-09-02,VIVK,09:30:29,1.11,09:57,,,,,,False,,,,,,False,False,False,SIMULATED | NOT SIZE-QUALIFIED
B,2026-09-02,VIVK,09:30:29,1.11,09:58,,,,,,False,,,,,,False,False,False,SIMULATED | NOT SIZE-QUALIFIED
B,2026-09-02,VIVK,09:30:29,1.11,09:59,,,,,,False,,,,,,False,False,False,SIMULATED | NOT SIZE-QUALIFIED
B,2026-09-02,VIVK,09:30:29,1.11,10:00,,,,,,False,,,,,,False,False,False,SIMULATED | NOT SIZE-QUALIFIED
B,2026-08-26,CRE,09:30:42,6.37,09:25,6.26000000,-1.726844583987441130298273160,-0.029599797524477722,-0.041257146010663985,0.011657348486186263,False,40490,26872.95,1.506719582330931289642558781,SHORT,6.723697162261235,False,False,True,SIMULATED | NOT SIZE-QUALIFIED
B,2026-08-26,CRE,09:30:42,6.37,09:26,6.25000000,-1.883830455259026687598116170,-0.03186476030228391,-0.03937866886898797,0.007513908566704058,False,12977,24186.9,0.5365301051395590174846714544,SHORT,6.692266586951066,False,False,True,SIMULATED | NOT SIZE-QUALIFIED
B,2026-08-26,CRE,09:30:42,6.37,09:27,6.24000000,-2.040816326530612244897959180,-0.034073893415354384,-0.03831771377826125,0.004243820362906867,False,33164,24152.2,1.373125429567492816389397239,SHORT,6.684813269560853,False,False,True,SIMULATED | NOT SIZE-QUALIFIED
B,2026-08-26,CRE,09:30:42,6.37,09:28,6.13000000,-3.767660910518053375196232340,-0.044191318009180414,-0.039492434624445086,-0.004698883384735328,True,28988,24231.65,1.196286674658968745421793398,SHORT,6.590850615648682,False,False,True,SIMULATED | NOT SIZE-QUALIFIED
B,2026-08-26,CRE,09:30:42,6.37,09:29,6.13970000,-3.615384615384615384615384620,-0.05084068123215868,-0.04176208394598781,-0.009078597286170872,False,26194,24899.85,1.051974208679971967702616682,SHORT,6.564380492518946,False,False,True,SIMULATED | NOT SIZE-QUALIFIED
B,2026-08-26,CRE,09:30:42,6.37,09:30,6.65820000,4.524332810047095761381475700,-0.014109091948371066,-0.03623148554646446,0.02212239359809339,False,422878,45239.0,9.347642520833793850438780698,LONG,5.856245605984843,False,False,True,SIMULATED | NOT SIZE-QUALIFIED
B,2026-08-26,CRE,09:30:42,6.37,09:31,6.95000000,9.105180533751962323390894800,0.038107498994178535,-0.021363688638335855,0.05947118763251439,False,642865,76473.85,8.406337591215820832872936304,LONG,5.884236484787875,False,False,True,SIMULATED | NOT SIZE-QUALIFIED
B,2026-08-26,CRE,09:30:42,6.37,09:32,6.96990000,9.417582417582417582417582400,0.0801711243879808,-0.0010567260330725248,0.08122785042105332,False,867188,119005.5,7.286957325501762523580842902,LONG,5.884236484787875,False,False,True,SIMULATED | NOT SIZE-QUALIFIED
B,2026-08-26,CRE,09:30:42,6.37,09:33,6.99660000,9.836734693877551020408163300,0.1143432397319799,0.02202326711993796,0.09231997261204195,False,561003,143373.8,3.912869715387330181664990396,LONG,5.884236484787875,False,False,True,SIMULATED | NOT SIZE-QUALIFIED
B,2026-08-26,CRE,09:30:42,6.37,09:34,6.91500000,8.555729984301412872841444300,0.13330380600169978,0.04427937489629033,0.08902443110540945,False,411758,162086.35,2.540361973725733227998532881,LONG,5.884236484787875,False,False,True,SIMULATED | NOT SIZE-QUALIFIED
B,2026-08-26,CRE,09:30:42,6.37,09:35,6.86010000,7.693877551020408163265306100,0.1422603316431994,0.06387556624567214,0.07838476539752726,False,227245,172636.8,1.316318421101410591484550223,LONG,5.884236484787875,False,False,True,SIMULATED | NOT SIZE-QUALIFIED
B,2026-08-26,CRE,09:30:42,6.37,09:36,7.27000000,14.12872841444270015698587130,0.18035492772536355,0.08717143854161043,0.09318348918375312,False,575024,200709.7,2.864953711753841493460455573,LONG,5.884236484787875,False,False,True,SIMULATED | NOT SIZE-QUALIFIED
B,2026-08-26,CRE,09:30:42,6.37,09:37,6.89990000,8.318681318681318681318681300,0.1786221477016987,0.10546158037362809,0.07316056732807062,False,470513,223090.25,2.109070208133255487409243568,LONG,5.884236484787875,False,False,True,SIMULATED | NOT SIZE-QUALIFIED
B,2026-08-26,CRE,09:30:42,6.37,09:38,6.68010000,4.868131868131868131868131900,0.15769507335037503,0.11590827896897747,0.041786794381397555,False,236666,234212.1,1.010477255444957796800421498,LONG,5.884236484787875,False,False,True,SIMULATED | NOT SIZE-QUALIFIED
B,2026-08-26,CRE,09:30:42,6.37,09:39,6.74760000,5.927786499215070643642072200,0.14488673790873552,0.12170397075692908,0.023182767151806435,False,75053,236166.0,0.3177976508049422863579007986,LONG,5.884236484787875,False,False,True,SIMULATED | NOT SIZE-QUALIFIED
B,2026-08-26,CRE,09:30:42,6.37,09:40,7.08990000,11.30141287284144427001569860,0.16050656925322038,0.12946449045618735,0.031042078797033024,False,393695,254820.55,1.544989209072816144537793361,LONG,5.884236484787875,False,False,True,SIMULATED | NOT SIZE-QUALIFIED
B,2026-08-26,CRE,09:30:42,6.37,09:41,6.32000000,-0.7849293563579277864992150700,0.10949866994473112,0.1254713263538961,-0.01597265640916498,True,805400,294214.05,2.737462741837108051094092889,LONG,5.884236484787875,False,False,True,SIMULATED | NOT SIZE-QUALIFIED
B,2026-08-26,CRE,09:30:42,6.37,09:42,6.20000000,-2.668759811616954474097331240,0.05871471840737108,0.1121200047645911,-0.053405286357220014,False,270863,307125.45,0.8819295177263883536841378661,LONG,5.884236484787875,False,False,True,SIMULATED | NOT SIZE-QUALIFIED
B,2026-08-26,CRE,09:30:42,6.37,09:43,6.26010000,-1.725274725274725274725274730,0.02305191058285949,0.09430638592824478,-0.07125447534538529,False,222319,317061.1,0.7011866167120469840040295072,LONG,5.884236484787875,False,False,True,SIMULATED | NOT SIZE-QUALIFIED
B,2026-08-26,CRE,09:30:42,6.37,09:44,6.12010000,-3.923076923076923076923076920,-0.016319826722189568,0.07218114339815791,-0.08850097012034748,False,81366,320282.45,0.2540445160201565836654490435,LONG,5.884236484787875,False,False,True,SIMULATED | NOT SIZE-QUALIFIED
B,2026-08-26,CRE,09:30:42,6.37,09:45,6.29990000,-1.100470957613814756671899530,-0.03263762857973784,0.05121738900257876,-0.0838550175823166,False,103289,323422.4,0.3193625426068200594640321759,LONG,5.884236484787875,False,False,True,SIMULATED | NOT SIZE-QUALIFIED
B,2026-08-26,CRE,09:30:42,6.37,09:46,6.22010000,-2.353218210361067503924646780,-0.051416104353261716,0.030690690331410662,-0.08210679468467239,False,101731,327860.1,0.3102878331337055042684364459,LONG,5.884236484787875,False,False,True,SIMULATED | NOT SIZE-QUALIFIED
B,2026-08-26,CRE,09:30:42,6.37,09:47,6.23000000,-2.197802197802197802197802200,-0.06475290327151217,0.011601971610826094,-0.07635487488233828,False,44537,328428.75,0.1356062768560913135649665262,LONG,5.884236484787875,False,False,True,SIMULATED | NOT SIZE-QUALIFIED
B,2026-08-26,CRE,09:30:42,6.37,09:48,6.13500000,-3.689167974882260596546310830,-0.08204238500778871,-0.007126899712896869,-0.07491548529489184,False,81715,331065.1,0.2468245671319628677260152157,LONG,5.884236484787875,False,False,True,SIMULATED | NOT SIZE-QUALIFIED
B,2026-08-26,CRE,09:30:42,6.37,09:49,5.89990000,-7.379905808477237048665620090,-0.11340773525691894,-0.028383066821701285,-0.08502466843521765,False,318570,345683.9,0.9215644697366582591783996883,LONG,5.884236484787875,False,False,True,SIMULATED | NOT SIZE-QUALIFIED
B,2026-08-26,CRE,09:30:42,6.37,09:50,6.03000000,-5.337519623233908948194662480,-0.1263109841956176,-0.04796865029648455,-0.07834233389913305,False,106178,329848.9,0.3218989058323371701406310586,LONG,5.884236484787875,False,False,True,SIMULATED | NOT SIZE-QUALIFIED
B,2026-08-26,CRE,09:30:42,6.37,09:51,6.10000000,-4.238618524332810047095761380,-0.12939688026786733,-0.0642542962907611,-0.06514258397710623,False,123560,303883.65,0.4066029876895318323312228216,LONG,5.884236484787875,False,False,True,SIMULATED | NOT SIZE-QUALIFIED
B,2026-08-26,CRE,09:30:42,6.37,09:52,6.14000000,-3.610675039246467817896389320,-0.12714911359777403,-0.07683325975216368,-0.05031585384561035,False,149534,268000.95,0.5579607087213683384331286885,LONG,5.884236484787875,False,False,True,SIMULATED | NOT SIZE-QUALIFIED
B,2026-08-26,CRE,09:30:42,6.37,09:53,6.14000000,-3.610675039246467817896389320,-0.12393905009729966,-0.08625441782119088,-0.037684632276108784,False,61916,243046.6,0.2547495007130319864585639133,LONG,5.884236484787875,False,False,True,SIMULATED | NOT SIZE-QUALIFIED
B,2026-08-26,CRE,09:30:42,6.37,09:54,6.22000000,-2.354788069073783359497645210,-0.11362986587217172,-0.09172950743138705,-0.021900358440784667,False,125653,228741.35,0.5493235044735024952856140790,LONG,5.884236484787875,False,False,True,SIMULATED | NOT SIZE-QUALIFIED
B,2026-08-26,CRE,09:30:42,6.37,09:55,6.28500000,-1.334379905808477237048665620,-0.0990727572528014,-0.09319815739566992,-0.005874599857131485,False,129303,223844.25,0.5776471810198385707919680760,LONG,5.884236484787875,False,False,True,SIMULATED | NOT SIZE-QUALIFIED
B,2026-08-26,CRE,09:30:42,6.37,09:56,6.04000000,-5.180533751962323390894819470,-0.10608274044557042,-0.09577507400565002,-0.010307666439920399,False,138303,202008.2,0.6846405244935601624092487335,LONG,5.884236484787875,False,False,True,SIMULATED | NOT SIZE-QUALIFIED
B,2026-08-26,CRE,09:30:42,6.37,09:57,6.13500000,-3.689167974882260596546310830,-0.10278762482229187,-0.0971775841689784,-0.0056100406533134695,False,60111,181488.1,0.3312117984595133234630810505,LONG,5.884236484787875,False,False,True,SIMULATED | NOT SIZE-QUALIFIED
B,2026-08-26,CRE,09:30:42,6.37,09:58,6.29000000,-1.255886970172684458398744110,-0.08666994021918484,-0.09507605537901968,0.008406115159834845,False,189001,179104.85,1.055253389285661443562248593,LONG,5.884236484787875,False,False,True,SIMULATED | NOT SIZE-QUALIFIED
B,2026-08-26,CRE,09:30:42,6.37,09:59,6.14000000,-3.610675039246467817896389320,-0.08502024498633265,-0.09306489330048227,0.008044648314149624,False,96021,180153.25,0.5329962129464775128952711095,LONG,5.884236484787875,False,False,True,SIMULATED | NOT SIZE-QUALIFIED
B,2026-08-26,CRE,09:30:42,6.37,10:00,6.29000000,-1.255886970172684458398744110,-0.0707930450747094,-0.0886105236553277,0.0178174785806183,False,138564,167396.7,0.8277582532989001575299871503,LONG,5.884236484787875,False,False,True,SIMULATED | NOT SIZE-QUALIFIED
B,2026-08-31,YDDL,09:34:26,2.49,09:25,2.46030000,-1.192771084337349397590361450,0.016487953471423733,0.01807148951561835,-0.0015835360441946167,False,23570,24136.1,0.9765455065234234196908365477,LONG,2.39974017042564,False,False,True,SIMULATED | NOT SIZE-QUALIFIED
B,2026-08-31,YDDL,09:34:26,2.49,09:26,2.47000000,-0.8032128514056224899598393600,0.016651421786761045,0.017787475969846887,-0.0011360541830858426,False,11094,21698.75,0.5112736908808111066305662769,LONG,2.4069137357030774,False,False,True,SIMULATED | NOT SIZE-QUALIFIED
B,2026-08-31,YDDL,09:34:26,2.49,09:27,2.43000000,-2.409638554216867469879518070,0.013398852269868033,0.016909751229851118,-0.0035108989599830845,False,29403,20419.3,1.439961213165975327263912083,LONG,2.4069137357030774,False,False,True,SIMULATED | NOT SIZE-QUALIFIED
B,2026-08-31,YDDL,09:34:26,2.49,09:28,2.37000000,-4.819277108433734939759036140,0.005911524559825132,0.014710105895845921,-0.008798581336020789,False,43656,19504.5,2.238252710912866261631931093,SHORT,2.4803752091500306,True,False,True,SIMULATED | NOT SIZE-QUALIFIED
B,2026-08-31,YDDL,09:34:26,2.49,09:29,2.38000000,-4.417670682730923694779116470,0.000775737612528804,0.011923232239182497,-0.011147494626653693,False,37829,20479.15,1.847195806466576981954817461,SHORT,2.4803752091500306,False,False,True,SIMULATED | NOT SIZE-QUALIFIED
B,2026-08-31,YDDL,09:34:26,2.49,09:30,2.46000000,-1.204819277108433734939759040,0.0031248989773247082,0.01016356558681094,-0.007038666609486231,False,150524,26925.15,5.590460963077271621513714873,SHORT,2.4803752091500306,False,False,True,SIMULATED | NOT SIZE-QUALIFIED
B,2026-08-31,YDDL,09:34:26,2.49,09:31,2.42020000,-2.803212851405622489959839360,0.0017548698588338851,0.008481826441215529,-0.006726956582381644,False,113411,32041.35,3.539520026465801222482822977,SHORT,2.4803752091500306,False,False,True,SIMULATED | NOT SIZE-QUALIFIED
B,2026-08-31,YDDL,09:34:26,2.49,09:32,2.38500000,-4.216867469879518072289156630,-0.0021464905030477155,0.006356163052362879,-0.008502653555410595,False,92161,35595.35,2.589130321797650535814369012,SHORT,2.4803752091500306,False,False,True,SIMULATED | NOT SIZE-QUALIFIED
B,2026-08-31,YDDL,09:34:26,2.49,09:33,2.46880000,-0.8514056224899598393574297200,0.0015062498459403884,0.005386180411078381,-0.003879930565137993,False,131247,41694.9,3.147795054071361245619967910,SHORT,2.4803752091500306,False,False,True,SIMULATED | NOT SIZE-QUALIFIED
B,2026-08-31,YDDL,09:34:26,2.49,09:34,2.58000000,3.614457831325301204819277100,0.013221573482943061,0.006953259025451318,0.006268314457491743,False,360710,59121.55,6.101159391118805241066920607,LONG,2.246055753172574,False,False,True,SIMULATED | NOT SIZE-QUALIFIED
B,2026-08-31,YDDL,09:34:26,2.49,09:35,2.46000000,-1.204819277108433734939759040,0.01267692307338164,0.008097991835037382,0.004578931238344259,False,448791,80678.5,5.562708776191922259337989675,LONG,2.246055753172574,False,False,True,SIMULATED | NOT SIZE-QUALIFIED
B,2026-08-31,YDDL,09:34:26,2.49,09:36,2.41500000,-3.012048192771084337349397590,0.008515992717475829,0.00818159201152507,0.00033440070595075824,False,160483,87614.35,1.831697661399074466682683830,LONG,2.246055753172574,False,False,True,SIMULATED | NOT SIZE-QUALIFIED
B,2026-08-31,YDDL,09:34:26,2.49,09:37,2.45000000,-1.606425702811244979919678710,0.007950978988860324,0.008135469406992122,-0.00018449041813179724,True,125409,92364.45,1.357762645693229375587685522,LONG,2.246055753172574,False,False,True,SIMULATED | NOT SIZE-QUALIFIED
B,2026-08-31,YDDL,09:34:26,2.49,09:38,2.47000000,-0.8032128514056224899598393600,0.009013136563434276,0.008311002838280552,0.0007021337251537241,False,120493,97225.75,1.239311602121865863724373430,LONG,2.246055753172574,False,False,True,SIMULATED | NOT SIZE-QUALIFIED
B,2026-08-31,YDDL,09:34:26,2.49,09:39,2.50000000,0.401606425702811244979919700,0.012135759887519804,0.009075954248128402,0.0030598056393914014,False,96463,100607.85,0.9588019225139986591503545697,LONG,2.246055753172574,False,False,True,SIMULATED | NOT SIZE-QUALIFIED
B,2026-08-31,YDDL,09:34:26,2.49,09:40,2.46810000,-0.8795180722891566265060241000,0.01189923104015067,0.009640609606532857,0.002258621433617814,False,127395,105704.4,1.205200540374856675786438407,LONG,2.246055753172574,False,False,True,SIMULATED | NOT SIZE-QUALIFIED
B,2026-08-31,YDDL,09:34:26,2.49,09:41,2.44000000,-2.008032128514056224899598390,0.009336717202010458,0.009579831125628376,-0.00024311392361791792,True,91265,109231.25,0.8355209704182640041197001774,LONG,2.246055753172574,False,False,True,SIMULATED | NOT SIZE-QUALIFIED
B,2026-08-31,YDDL,09:34:26,2.49,09:42,2.49500000,0.200803212851405622489959800,0.011610112716835097,0.009985887443869721,0.001624225272965376,False,72362,112455.45,0.6434725929245759098380736549,LONG,2.246055753172574,False,False,True,SIMULATED | NOT SIZE-QUALIFIED
B,2026-08-31,YDDL,09:34:26,2.49,09:43,2.51500000,1.004016064257028112449799200,0.014854395667574405,0.010959589088610657,0.0038948065789637474,False,89005,116513.65,0.7639019119219078622976792848,LONG,2.246055753172574,False,False,True,SIMULATED | NOT SIZE-QUALIFIED
B,2026-08-31,YDDL,09:34:26,2.49,09:44,2.47500000,-0.6024096385542168674698795200,0.01403604874103026,0.011574881019094579,0.0024611677219356816,False,69951,119761.1,0.5840878215046454984130907281,LONG,2.246055753172574,False,False,True,SIMULATED | NOT SIZE-QUALIFIED
B,2026-08-31,YDDL,09:34:26,2.49,09:45,2.46000000,-1.204819277108433734939759040,0.01203835757361249,0.011667576329998161,0.00037078124361432895,False,112729,124219.05,0.9075017076688317935131527733,LONG,2.246055753172574,False,False,True,SIMULATED | NOT SIZE-QUALIFIED
B,2026-08-31,YDDL,09:34:26,2.49,09:46,2.45500000,-1.405622489959839357429718880,0.00993716526211852,0.011321494116422233,-0.0013843288543037135,True,35424,125435.55,0.2824079776427017699527765454,LONG,2.246055753172574,False,False,True,SIMULATED | NOT SIZE-QUALIFIED
B,2026-08-31,YDDL,09:34:26,2.49,09:47,2.42000000,-2.811244979919678714859437750,0.005385665129043371,0.010134328318946461,-0.00474866318990309,False,47736,126352.2,0.3778010988332613124266930057,LONG,2.246055753172574,False,False,True,SIMULATED | NOT SIZE-QUALIFIED
B,2026-08-31,YDDL,09:34:26,2.49,09:48,2.40000000,-3.614457831325301204819277110,0.00016285829966466991,0.008140034315090102,-0.007977176015425433,False,71028,127720.8,0.5561192851908224815378544450,LONG,2.246055753172574,False,False,True,SIMULATED | NOT SIZE-QUALIFIED
B,2026-08-31,YDDL,09:34:26,2.49,09:49,2.39000000,-4.016064257028112449799196790,-0.004728661105684928,0.005566295230935096,-0.010294956336620024,False,54982,128578.45,0.4276144252788861586058939115,LONG,2.246055753172574,False,False,True,SIMULATED | NOT SIZE-QUALIFIED
B,2026-08-31,YDDL,09:34:26,2.49,09:50,2.44000000,-2.008032128514056224899598390,-0.004518556239725857,0.0035493249368029056,-0.008067881176528763,False,52490,123676.75,0.4244128342635135544878079348,LONG,2.2464672045296195,False,False,True,SIMULATED | NOT SIZE-QUALIFIED
B,2026-08-31,YDDL,09:34:26,2.49,09:51,2.39000000,-4.016064257028112449799196790,-0.008291054635459538,0.0011812490223504168,-0.009472303657809955,False,52195,120615.95,0.4327371297079698000140114139,LONG,2.2464672045296195,False,False,True,SIMULATED | NOT SIZE-QUALIFIED
B,2026-08-31,YDDL,09:34:26,2.49,09:52,2.37000000,-4.819277108433734939759036140,-0.012747672414048505,-0.0016045352649293678,-0.011143137149119138,False,88831,120449.45,0.7374961031370421367635966789,LONG,2.2464672045296195,False,False,True,SIMULATED | NOT SIZE-QUALIFIED
B,2026-08-31,YDDL,09:34:26,2.49,09:53,2.32500000,-6.626506024096385542168674700,-0.01968379548942112,-0.005220387309827718,-0.0144634081795934,False,103952,119084.7,0.8729249013517269640852267336,LONG,2.2464672045296195,False,False,True,SIMULATED | NOT SIZE-QUALIFIED
B,2026-08-31,YDDL,09:34:26,2.49,09:54,2.23010000,-10.43775100401606425702811245,-0.0324641335628395,-0.010669136560430077,-0.021794997002409427,False,198637,110981.05,1.789828083262863344688124684,SHORT,2.467095033024668,True,False,True,SIMULATED | NOT SIZE-QUALIFIED
B,2026-08-31,YDDL,09:34:26,2.49,09:55,2.29000000,-8.032128514056224899598393570,-0.03732890973360492,-0.016001091195065046,-0.021327818538539874,False,62052,91644.1,0.6770975982087226564503334094,SHORT,2.467095033024668,False,False,True,SIMULATED | NOT SIZE-QUALIFIED
B,2026-08-31,YDDL,09:34:26,2.49,09:56,2.28500000,-8.232931726907630522088353410,-0.041113803773565216,-0.02102363371076508,-0.020090170062800138,False,54078,86323.85,0.6264549136768112172939459952,SHORT,2.467095033024668,False,False,True,SIMULATED | NOT SIZE-QUALIFIED
B,2026-08-31,YDDL,09:34:26,2.49,09:57,2.27000000,-8.835341365461847389558232930,-0.04480722441714047,-0.025780351852040157,-0.01902687256510031,False,51278,82617.3,0.6206690366303425553727851189,SHORT,2.467095033024668,False,False,True,SIMULATED | NOT SIZE-QUALIFIED
B,2026-08-31,YDDL,09:34:26,2.49,09:58,2.29500000,-7.831325301204819277108433730,-0.04519600441518756,-0.02966348236466964,-0.015532522050517923,False,32164,78200.85,0.4112998771752480951294007674,SHORT,2.467095033024668,False,False,True,SIMULATED | NOT SIZE-QUALIFIED
B,2026-08-31,YDDL,09:34:26,2.49,09:59,2.29500000,-7.831325301204819277108433730,-0.04498554994738768,-0.03272789588121325,-0.012257654066174434,False,44743,75614.85,0.5917223931542547528693107240,SHORT,2.467095033024668,False,False,True,SIMULATED | NOT SIZE-QUALIFIED
B,2026-08-31,YDDL,09:34:26,2.49,10:00,2.33000000,-6.425702811244979919678714860,-0.04151598533646306,-0.03448551377226321,-0.00703047156419985,False,48701,71680.15,0.6794210112562543465659600322,SHORT,2.467095033024668,False,False,True,SIMULATED | NOT SIZE-QUALIFIED
B,2026-08-31,AEHL,09:30:13,6.76,09:25,6.74000000,-0.2958579881656804733727810700,0.03282221013993514,0.03029075522565611,0.0025314549142790264,False,14725,37306.4,0.3947043938841592863422897948,LONG,6.379460699411968,False,False,True,SIMULATED | NOT SIZE-QUALIFIED
B,2026-08-31,AEHL,09:30:13,6.76,09:26,6.85000000,1.331360946745562130177514800,0.040482426975983365,0.03232908957572156,0.008153337400261806,False,29188,37010.7,0.7886367996282156241303190699,LONG,6.379460699411968,False,False,True,SIMULATED | NOT SIZE-QUALIFIED
B,2026-08-31,AEHL,09:30:13,6.76,09:27,6.79000000,0.443786982248520710059171600,0.041236358377719995,0.03411054333612125,0.007125815041598746,False,66169,39154.1,1.689963503183574644800927617,LONG,6.379460699411968,False,False,True,SIMULATED | NOT SIZE-QUALIFIED
B,2026-08-31,AEHL,09:30:13,6.76,09:28,6.79000000,0.443786982248520710059171600,0.041357115363379826,0.03555985774157296,0.005797257621806863,False,52377,38234.75,1.369879494438959323651913508,LONG,6.379460699411968,False,False,True,SIMULATED | NOT SIZE-QUALIFIED
B,2026-08-31,AEHL,09:30:13,6.76,09:29,6.76000000,0.000000,0.038587256986180485,0.036165337590494465,0.00242191939568602,False,36428,38624.2,0.9431392753765773789489491044,LONG,6.379460699411968,False,False,True,SIMULATED | NOT SIZE-QUALIFIED
B,2026-08-31,AEHL,09:30:13,6.76,09:30,7.02500000,3.920118343195266272189349100,0.05711700034323286,0.040355670141042146,0.016761330202190713,False,638198,69702.1,9.156079945941370489554834072,LONG,6.379460699411968,False,False,True,SIMULATED | NOT SIZE-QUALIFIED
B,2026-08-31,AEHL,09:30:13,6.76,09:31,7.19000000,6.360946745562130177514792900,0.08414609271308038,0.049113754655449794,0.035032338057630584,False,446935,91147.35,4.903433835432406976176487852,LONG,6.379460699411968,False,False,True,SIMULATED | NOT SIZE-QUALIFIED
B,2026-08-31,AEHL,09:30:13,6.76,09:32,7.12500000,5.399408284023668639053254400,0.09917861701751285,0.059126727127862405,0.040051889889650444,False,573862,117937.3,4.865822771930508838170790751,LONG,6.379460699411968,False,False,True,SIMULATED | NOT SIZE-QUALIFIED
B,2026-08-31,AEHL,09:30:13,6.76,09:33,7.65000000,13.16568047337278106508875740,0.15170633700511704,0.07764264910331334,0.0740636879018037,False,743509,153400.65,4.846843869305638535429934619,LONG,6.379460699411968,False,False,True,SIMULATED | NOT SIZE-QUALIFIED
B,2026-08-31,AEHL,09:30:13,6.76,09:34,7.12000000,5.325443786982248520710059200,0.14885248415204178,0.09188461611305902,0.05696786803898275,False,584414,181948.35,3.211977465033346001763687332,LONG,6.379460699411968,False,False,True,SIMULATED | NOT SIZE-QUALIFIED
B,2026-08-31,AEHL,09:30:13,6.76,09:35,6.52830000,-3.427514792899408284023668640,0.09771909534519274,0.09305151195948577,0.004667583385706969,False,721992,215842.05,3.345001587966756246060487287,LONG,6.379460699411968,False,False,True,SIMULATED | NOT SIZE-QUALIFIED
B,2026-08-31,AEHL,09:30:13,6.76,09:36,6.49000000,-3.994082840236686390532544380,0.053488444908542654,0.08513889854929715,-0.0316504536407545,True,33154,216600.45,0.1530652406308481815250152989,LONG,6.379460699411968,False,True,True,SIMULATED | NOT SIZE-QUALIFIED
B,2026-08-31,AEHL,09:30:13,6.76,09:37,,,,,,False,,,,,,False,True,True,SIMULATED | NOT SIZE-QUALIFIED
B,2026-08-31,AEHL,09:30:13,6.76,09:38,,,,,,False,,,,,,False,True,True,SIMULATED | NOT SIZE-QUALIFIED
B,2026-08-31,AEHL,09:30:13,6.76,09:39,,,,,,False,,,,,,False,True,True,SIMULATED | NOT SIZE-QUALIFIED
B,2026-08-31,AEHL,09:30:13,6.76,09:40,,,,,,False,,,,,,False,True,True,SIMULATED | NOT SIZE-QUALIFIED
B,2026-08-31,AEHL,09:30:13,6.76,09:41,6.16000000,-8.875739644970414201183431950,-0.008099539848474002,0.06649121086974293,-0.07459075071821693,False,402478,235600.9,1.708304170315138864070553211,SHORT,7.5881534397817,True,True,True,SIMULATED | NOT SIZE-QUALIFIED
B,2026-08-31,AEHL,09:30:13,6.76,09:42,6.28000000,-7.100591715976331360946745560,-0.046687282437607,0.04385551220827294,-0.09054279464587994,False,326216,250305.55,1.303271142010235090672180461,SHORT,7.5881534397817,False,False,True,SIMULATED | NOT SIZE-QUALIFIED
B,2026-08-31,AEHL,09:30:13,6.76,09:43,6.20990000,-8.137573964497041420118343200,-0.08197981828450551,0.018688446109717247,-0.10066826439422276,False,130271,256282.05,0.5083110580705905856457758161,SHORT,7.431918201460288,False,False,True,SIMULATED | NOT SIZE-QUALIFIED
B,2026-08-31,AEHL,09:30:13,6.76,09:44,6.18990000,-8.433431952662721893491124260,-0.11029186411002989,-0.007107615934232186,-0.1031842481757977,False,155805,258740.35,0.6021673851797757868071215023,SHORT,7.356514561168231,False,False,True,SIMULATED | NOT SIZE-QUALIFIED
B,2026-08-31,AEHL,09:30:13,6.76,09:45,6.11000000,-9.615384615384615384615384620,-0.13759056822848859,-0.03320420639308347,-0.10438636183540512,False,135531,260475.6,0.5203212892109664014594841129,SHORT,7.204221648934585,False,False,True,SIMULATED | NOT SIZE-QUALIFIED
B,2026-08-31,AEHL,09:30:13,6.76,09:46,6.19950000,-8.291420118343195266272189350,-0.15027085700245468,-0.05661753651495771,-0.09365332048749697,False,60787,261791.45,0.2321962768455577903709231146,SHORT,7.179877319147667,False,False,True,SIMULATED | NOT SIZE-QUALIFIED
B,2026-08-31,AEHL,09:30:13,6.76,09:47,6.03010000,-10.79733727810650887573964497,-0.17200645809883852,-0.07969532083173388,-0.09231113726710465,False,188784,268362.45,0.7034665244709161061840059964,SHORT,7.017401855318134,False,False,True,SIMULATED | NOT SIZE-QUALIFIED
B,2026-08-31,AEHL,09:30:13,6.76,09:48,6.07000000,-10.20710059171597633136094675,-0.18389268165755812,-0.10053479299689873,-0.0833578886606594,False,149288,274505.55,0.5438432847714736550863907852,SHORT,7.013841484254507,False,False,True,SIMULATED | NOT SIZE-QUALIFIED
B,2026-08-31,AEHL,09:30:13,6.76,09:49,6.05000000,-10.50295857988165680473372781,-0.19270504847242265,-0.1189688440920035,-0.07373620438041914,False,50743,276306.45,0.1836475406202062963061484812,SHORT,6.882073187403605,False,False,True,SIMULATED | NOT SIZE-QUALIFIED
B,2026-08-31,AEHL,09:30:13,6.76,09:50,6.09000000,-9.911242603550295857988165680,-0.19422237234763085,-0.13401954974312896,-0.06020282260450188,False,54925,277593.3,0.1978614037154354950209533155,SHORT,6.846588549922884,False,False,True,SIMULATED | NOT SIZE-QUALIFIED
B,2026-08-31,AEHL,09:30:13,6.76,09:51,6.04000000,-10.65088757396449704142011834,-0.1971864024795158,-0.14665292029040633,-0.05053348218910947,False,44559,276512.8,0.1611462471176741185218188814,SHORT,6.715270839938307,False,False,True,SIMULATED | NOT SIZE-QUALIFIED
B,2026-08-31,AEHL,09:30:13,6.76,09:52,6.06000000,-10.35502958579881656804733728,-0.19566606822410382,-0.15645554987714583,-0.03921051834695799,False,18688,274828.35,0.06799880725551057596496140227,SHORT,6.633466671950646,False,False,True,SIMULATED | NOT SIZE-QUALIFIED
B,2026-08-31,AEHL,09:30:13,6.76,09:53,6.10000000,-9.763313609467455621301775150,-0.18905422721802267,-0.16297528534532119,-0.02607894187270149,False,35048,274759.35,0.1275588983596008652662775625,SHORT,6.633466671950646,False,False,True,SIMULATED | NOT SIZE-QUALIFIED
B,2026-08-31,AEHL,09:30:13,6.76,09:54,6.08000000,-10.05917159763313609467455621,-0.18331498737316654,-0.16704322575089026,-0.016271761622276282,False,31513,244425.1,0.1289270209974343878758769046,SHORT,6.591148670048414,False,False,True,SIMULATED | NOT SIZE-QUALIFIED
B,2026-08-31,AEHL,09:30:13,6.76,09:55,6.08020000,-10.05621301775147928994082840,-0.17671341783804362,-0.16897726416832093,-0.00773615366972269,False,85861,226371.4,0.3792926138195902839316274052,SHORT,6.56905893603873,False,False,True,SIMULATED | NOT SIZE-QUALIFIED
B,2026-08-31,AEHL,09:30:13,6.76,09:56,6.08000000,-10.05917159763313609467455621,-0.16954337426678734,-0.1690904861880142,-0.0004528880787731393,False,24503,198903.45,0.1231904222877984268246729758,SHORT,6.544587148830985,False,False,True,SIMULATED | NOT SIZE-QUALIFIED
B,2026-08-31,AEHL,09:30:13,6.76,09:57,6.03000000,-10.79881656804733727810650888,-0.16598230452558305,-0.16846884985552796,0.0024865453299449114,False,38091,163632.55,0.2327837584881492099218645679,SHORT,6.478669719064788,False,False,True,SIMULATED | NOT SIZE-QUALIFIED
B,2026-08-31,AEHL,09:30:13,6.76,09:58,6.04000000,-10.65088757396449704142011834,-0.1605030355884507,-0.1668756870021125,0.006372651413661806,False,31334,135978.55,0.2304334029153862870283585168,SHORT,6.4758657752518305,False,False,True,SIMULATED | NOT SIZE-QUALIFIED
B,2026-08-31,AEHL,09:30:13,6.76,09:59,6.10000000,-9.763313609467455621301775150,-0.14959474185607124,-0.16341949797290425,0.013824756116833009,False,49411,102349.5,0.4827673803975593432307925295,SHORT,6.4758657752518305,False,False,True,SIMULATED | NOT SIZE-QUALIFIED
B,2026-08-31,AEHL,09:30:13,6.76,10:00,5.94000000,-12.13017751479289940828402367,-0.15210710725826804,-0.16115701982997702,0.009049912571708979,False,87607,105072.15,0.8337794553552011641524419173,SHORT,6.426154096161172,False,False,True,SIMULATED | NOT SIZE-QUALIFIED
B,2026-08-26,DAIC,09:30:04,6.11,09:25,6.17000000,0.981996726677577741407528600,0.05323916049786881,0.046493195436219235,0.006745965061649574,False,41567,32320.7,1.286079818815805350750447855,LONG,5.939946651362835,False,False,True,SIMULATED | NOT SIZE-QUALIFIED
B,2026-08-26,DAIC,09:30:04,6.11,09:26,6.12080000,0.176759410801963993453355200,0.04885447555168021,0.04696545145579584,0.001889024095884373,False,32729,33211.15,0.9854822853168288360987198576,LONG,5.939946651362835,False,False,True,SIMULATED | NOT SIZE-QUALIFIED
B,2026-08-26,DAIC,09:30:04,6.11,09:27,6.14000000,0.490998363338788870703764300,0.0463940588447036,0.04685117292430139,-0.0004571140795977882,True,14921,33268.6,0.4485009889204835791106328490,LONG,5.939946651362835,False,False,True,SIMULATED | NOT SIZE-QUALIFIED
B,2026-08-26,DAIC,09:30:04,6.11,09:28,6.35000000,3.927986906710310965630114600,0.06068981146322283,0.04961890062024661,0.01107091084297622,False,140967,37718.2,3.737373469571718692832637825,LONG,6.020252685497772,False,False,True,SIMULATED | NOT SIZE-QUALIFIED
B,2026-08-26,DAIC,09:30:04,6.11,09:29,6.20000000,1.472995090016366612111293000,0.05923275370253567,0.05154167123305421,0.007691082469481456,False,86912,40833.5,2.128448455312427296215117489,LONG,6.020252685497772,False,False,True,SIMULATED | NOT SIZE-QUALIFIED
B,2026-08-26,DAIC,09:30:04,6.11,09:30,6.38990000,4.581014729950900163666121100,0.07256488504840952,0.05574631399810908,0.016818571050300442,False,1037155,92106.55,11.26038267636775017629039411,LONG,6.020252685497772,False,False,True,SIMULATED | NOT SIZE-QUALIFIED
B,2026-08-26,DAIC,09:30:04,6.11,09:31,5.93990000,-2.783960720130932896890343700,0.046285900948120684,0.053854231392962415,-0.007568330444841731,True,677616,124774.2,5.430738085277244815033877196,SHORT,6.835260625025141,True,False,True,SIMULATED | NOT SIZE-QUALIFIED
B,2026-08-26,DAIC,09:30:04,6.11,09:32,5.96000000,-2.454991816693944353518821600,0.026772897440093146,0.04843796460669124,-0.021665067166598093,False,250878,136605.85,1.836509929845610564994105304,SHORT,6.830288500020113,False,False,True,SIMULATED | NOT SIZE-QUALIFIED
B,2026-08-26,DAIC,09:30:04,6.11,09:33,5.90000000,-3.436988543371522094926350250,0.006393502701667053,0.040029072233960884,-0.03363556953229383,False,242633,147609.25,1.643752000636816459673089593,SHORT,6.77123080001609,False,False,True,SIMULATED | NOT SIZE-QUALIFIED
B,2026-08-26,DAIC,09:30:04,6.11,09:34,5.88000000,-3.764320785597381342062193130,-0.011241561578942516,0.02977494548337637,-0.04101650706231889,False,118986,152755.55,0.7789307818930310551727907759,SHORT,6.688984640012872,False,False,True,SIMULATED | NOT SIZE-QUALIFIED
B,2026-08-26,DAIC,09:30:04,6.11,09:35,5.98880000,-1.983633387888707037643207860,-0.016250896139494486,0.02056977716930894,-0.036820673308803425,False,147669,159747.1,0.9243923676861739587134915125,SHORT,6.688984640012872,False,False,True,SIMULATED | NOT SIZE-QUALIFIED
B,2026-08-26,DAIC,09:30:04,6.11,09:36,6.02450000,-1.399345335515548281505728310,-0.017142529811410512,0.013027315784773402,-0.030169845596183915,False,224336,168719.75,1.329636868238602771756122209,SHORT,6.688984640012872,False,False,True,SIMULATED | NOT SIZE-QUALIFIED
B,2026-08-26,DAIC,09:30:04,6.11,09:37,6.02000000,-1.472995090016366612111292960,-0.01800472109111162,0.006820908424329501,-0.024825629515441122,False,95753,169641.85,0.5644420878456583679086263207,SHORT,6.688984640012872,False,False,True,SIMULATED | NOT SIZE-QUALIFIED
B,2026-08-26,DAIC,09:30:04,6.11,09:38,6.09500000,-0.2454991816693944353518821600,-0.012492139092574739,0.002958298929938536,-0.015450438022513275,False,279973,181949.6,1.538739299234513293791247686,SHORT,6.688984640012872,False,False,True,SIMULATED | NOT SIZE-QUALIFIED
B,2026-08-26,DAIC,09:30:04,6.11,09:39,6.03000000,-1.309328968903436988543371520,-0.013215989216388557,-0.00027655868964406504,-0.012939430526744492,False,270931,193441.25,1.400585449070454207672872254,SHORT,6.688984640012872,False,False,True,SIMULATED | NOT SIZE-QUALIFIED
B,2026-08-26,DAIC,09:30:04,6.11,09:40,6.05000000,-0.9819967266775777414075286400,-0.012037057096121018,-0.0026286583576884005,-0.009408398738432617,False,224761,201143.4,1.117416728562806435607631173,SHORT,6.688984640012872,False,False,True,SIMULATED | NOT SIZE-QUALIFIED
B,2026-08-26,DAIC,09:30:04,6.11,09:41,6.06000000,-0.8183306055646481178396072000,-0.01017849709280938,-0.00413862609457079,-0.00603987099823859,False,145415,206088.9,0.7055935569552751264138922572,SHORT,6.688984640012872,False,False,True,SIMULATED | NOT SIZE-QUALIFIED
B,2026-08-26,DAIC,09:30:04,6.11,09:42,5.96130000,-2.433715220949263502454991820,-0.016479870353448334,-0.006606874951397381,-0.009872995402050954,False,135927,211071.85,0.6439845010123330041405331881,SHORT,6.615599167661782,False,False,True,SIMULATED | NOT SIZE-QUALIFIED
B,2026-08-26,DAIC,09:30:04,6.11,09:43,5.99400000,-1.898527004909983633387888710,-0.01862049190634263,-0.00900959834595219,-0.00961089356039044,False,87524,213940.85,0.4091037312416025270536225316,SHORT,6.608369334129425,False,False,True,SIMULATED | NOT SIZE-QUALIFIED
B,2026-08-26,DAIC,09:30:04,6.11,09:44,5.83000000,-4.582651391162029459901800330,-0.03316803879435781,-0.013841286432396818,-0.019326752361960995,False,180898,221877.55,0.8153055593051212256490122592,SHORT,6.47549546730354,False,False,True,SIMULATED | NOT SIZE-QUALIFIED
B,2026-08-26,DAIC,09:30:04,6.11,09:45,5.93000000,-2.945990180032733224222585920,-0.03621049816854871,-0.01831512878164672,-0.01789536938690199,False,110668,225332.6,0.4911317758726433725080170379,SHORT,6.47549546730354,False,False,True,SIMULATED | NOT SIZE-QUALIFIED
B,2026-08-26,DAIC,09:30:04,6.11,09:46,5.88240000,-3.725040916530278232405891980,-0.04197868715511621,-0.02304784045463578,-0.018930846700480432,False,119695,229680.9,0.5211360631206164726801401423,SHORT,6.466317099074265,False,False,True,SIMULATED | NOT SIZE-QUALIFIED
B,2026-08-26,DAIC,09:30:04,6.11,09:47,5.91240000,-3.234042553191489361702127660,-0.04362637155172955,-0.027163546674513837,-0.01646282487721571,False,63901,232129.9,0.2752812110805200019471856060,SHORT,6.453943679259413,False,False,True,SIMULATED | NOT SIZE-QUALIFIED
B,2026-08-26,DAIC,09:30:04,6.11,09:48,5.87010000,-3.926350245499181669394435350,-0.0477944847245535,-0.03128973428780469,-0.01650475043674881,False,35918,226877.45,0.1583145438209041929905329948,SHORT,6.35933494340753,False,False,True,SIMULATED | NOT SIZE-QUALIFIED
B,2026-08-26,DAIC,09:30:04,6.11,09:49,6.03000000,-1.309328968903436988543371520,-0.03775987840821671,-0.03258376311226569,-0.005176115295951016,False,176960,231379.85,0.7648029852210553339022391103,SHORT,6.35933494340753,False,False,True,SIMULATED | NOT SIZE-QUALIFIED
B,2026-08-26,DAIC,09:30:04,6.11,09:50,6.14800000,0.621931260229132569558101500,-0.020054589945853074,-0.030077928480520405,0.010023338534667331,False,285878,193816.0,1.474996904280348371651463243,SHORT,6.35933494340753,False,False,True,SIMULATED | NOT SIZE-QUALIFIED
B,2026-08-26,DAIC,09:30:04,6.11,09:51,6.16000000,0.818330605564648117839607200,-0.0049971179073731165,-0.025061766372357956,0.02006464846498484,False,343826,177126.5,1.941132467473811089814341728,SHORT,6.35933494340753,False,False,True,SIMULATED | NOT SIZE-QUALIFIED
B,2026-08-26,DAIC,09:30:04,6.11,09:52,6.08100000,-0.4746317512274959083469721800,0.0005549997044393962,-0.019938413164153797,0.020493412868593193,False,107555,169960.35,0.6328240674957423893278638224,SHORT,6.35933494340753,False,False,True,SIMULATED | NOT SIZE-QUALIFIED
B,2026-08-26,DAIC,09:30:04,6.11,09:53,6.11000000,0.000000,0.007212014926009758,-0.01450832755818261,0.021720342484192367,False,174583,166557.85,1.048182358261709069851706179,SHORT,6.35933494340753,False,False,True,SIMULATED | NOT SIZE-QUALIFIED
B,2026-08-26,DAIC,09:30:04,6.11,09:54,6.05000000,-0.9819967266775777414075286400,0.007559112150080871,-0.010094839628831634,0.017653951778912505,False,173229,169270.0,1.023388668990370414131269569,SHORT,6.35933494340753,False,False,True,SIMULATED | NOT SIZE-QUALIFIED
B,2026-08-26,DAIC,09:30:04,6.11,09:55,5.96510000,-2.371522094926350245499181670,0.0009722611238105472,-0.00788141948234121,0.008853680606151756,False,120286,167900.85,0.7164109056029198184523782935,SHORT,6.35933494340753,False,False,True,SIMULATED | NOT SIZE-QUALIFIED
B,2026-08-26,DAIC,09:30:04,6.11,09:56,5.64000000,-7.692307692307692307692307690,-0.03013336017592838,-0.012331807622626631,-0.01780155255330175,True,321876,172777.85,1.862947131243964431783356489,SHORT,6.35933494340753,False,False,True,SIMULATED | NOT SIZE-QUALIFIED
B,2026-08-26,DAIC,09:30:04,6.11,09:57,5.31000000,-13.09328968903436988543371522,-0.08048524740194019,-0.025962495578385945,-0.05452275182355424,False,400689,188024.65,2.131045051805707389961901272,SHORT,6.186859918991168,False,False,True,SIMULATED | NOT SIZE-QUALIFIED
B,2026-08-26,DAIC,09:30:04,6.11,09:58,,,,,,False,,,,,,False,False,True,SIMULATED | NOT SIZE-QUALIFIED
B,2026-08-26,DAIC,09:30:04,6.11,09:59,,,,,,False,,,,,,False,False,True,SIMULATED | NOT SIZE-QUALIFIED
B,2026-08-26,DAIC,09:30:04,6.11,10:00,,,,,,False,,,,,,False,False,True,SIMULATED | NOT SIZE-QUALIFIED
B,2026-08-31,RDHL,09:30:53,1.39,09:25,1.39000000,0.000000,0.009664757673275348,-0.001376494816955284,0.011041252490230632,False,210080,134309.7,1.564146148788955674832123071,LONG,1.3002110497190391,False,False,True,SIMULATED | NOT SIZE-QUALIFIED
B,2026-08-31,RDHL,09:30:53,1.39,09:26,1.38000000,-0.7194244604316546762589928100,0.011162866497896662,0.0011313774460151053,0.010031489051881556,False,117921,137037.7,0.8605004316330469644484692898,LONG,1.3002110497190391,False,False,True,SIMULATED | NOT SIZE-QUALIFIED
B,2026-08-31,RDHL,09:30:53,1.39,09:27,1.41000000,1.438848920863309352517985600,0.014602548722339126,0.0038256117012799096,0.010776937021059217,False,213161,143286.65,1.487654292985424671454039856,LONG,1.3002444459649183,False,False,True,SIMULATED | NOT SIZE-QUALIFIED
B,2026-08-31,RDHL,09:30:53,1.39,09:28,1.40000000,0.719424460431654676258992800,0.016333324838670338,0.006327154328757995,0.010006170509912343,False,201349,149432.7,1.347422619011769177696715645,LONG,1.3002444459649183,False,False,True,SIMULATED | NOT SIZE-QUALIFIED
B,2026-08-31,RDHL,09:30:53,1.39,09:29,1.36000000,-2.158273381294964028776978420,0.014312328065554825,0.00792418907611736,0.006388138989437464,False,273957,160906.85,1.702581338209032120136588343,LONG,1.3002444459649183,False,False,True,SIMULATED | NOT SIZE-QUALIFIED
B,2026-08-31,RDHL,09:30:53,1.39,09:30,1.39500000,0.359712230215827338129496400,0.015357845373620282,0.009410920335617945,0.005946925038002338,False,1227765,213404.15,5.753238631957251065642350442,LONG,1.3002444459649183,False,False,True,SIMULATED | NOT SIZE-QUALIFIED
B,2026-08-31,RDHL,09:30:53,1.39,09:31,1.35000000,-2.877697841726618705035971220,0.01241222109505502,0.01001118048750536,0.00240104060754966,False,1085042,265812.8,4.081977993535300030698295944,LONG,1.3002444459649183,False,False,True,SIMULATED | NOT SIZE-QUALIFIED
B,2026-08-31,RDHL,09:30:53,1.39,09:32,1.34990000,-2.884892086330935251798561150,0.009954968784554596,0.009999938146915207,-0.00004496936236061087,True,362875,282854.0,1.282905668648843573009397074,LONG,1.3002444459649183,False,False,True,SIMULATED | NOT SIZE-QUALIFIED
B,2026-08-31,RDHL,09:30:53,1.39,09:33,1.37090000,-1.374100719424460431654676260,0.009591537842885467,0.00991825808610926,-0.00032672024322379263,False,738236,316446.1,2.332896502753549498634996608,LONG,1.3002444459649183,False,False,True,SIMULATED | NOT SIZE-QUALIFIED
B,2026-08-31,RDHL,09:30:53,1.39,09:34,1.37500000,-1.079136690647482014388489210,0.009524558753624568,0.009839518219612322,-0.00031495946598775366,False,973912,363035.05,2.682694136557888831946116498,LONG,1.3002444459649183,False,False,True,SIMULATED | NOT SIZE-QUALIFIED
B,2026-08-31,RDHL,09:30:53,1.39,09:35,1.53500000,10.43165467625899280575539570,0.022127073042623735,0.012297029184214605,0.00983004385840913,False,2719639,496263.25,5.480234532780736836749446992,LONG,1.3002444459649183,False,False,True,SIMULATED | NOT SIZE-QUALIFIED
B,2026-08-31,RDHL,09:30:53,1.39,09:36,1.58000000,13.66906474820143884892086330,0.03533842101215168,0.016905307549802018,0.01843311346234966,False,2584034,621966.45,4.154619594031157146820379138,LONG,1.3002444459649183,False,True,True,SIMULATED | NOT SIZE-QUALIFIED
B,2026-08-31,RDHL,09:30:53,1.39,09:37,,,,,,False,,,,,,False,True,True,SIMULATED | NOT SIZE-QUALIFIED
B,2026-08-31,RDHL,09:30:53,1.39,09:38,,,,,,False,,,,,,False,True,False,SIMULATED | NOT SIZE-QUALIFIED
B,2026-08-31,RDHL,09:30:53,1.39,09:39,,,,,,False,,,,,,False,True,False,SIMULATED | NOT SIZE-QUALIFIED
B,2026-08-31,RDHL,09:30:53,1.39,09:40,,,,,,False,,,,,,False,True,False,SIMULATED | NOT SIZE-QUALIFIED
B,2026-08-31,RDHL,09:30:53,1.39,09:41,1.53900000,10.71942446043165467625899280,0.04201581989412184,0.021927410018665983,0.02008840987545586,False,1479098,683873.35,2.162824446953518513332914640,LONG,1.3002444459649183,False,True,True,SIMULATED | NOT SIZE-QUALIFIED
B,2026-08-31,RDHL,09:30:53,1.39,09:42,1.39000000,0.000000,0.03488254756638787,0.02451843752821036,0.010364110038177506,False,966703,724783.7,1.333781375050239126514572555,LONG,1.3002444459649183,False,True,True,SIMULATED | NOT SIZE-QUALIFIED
B,2026-08-31,RDHL,09:30:53,1.39,09:43,,,,,,False,,,,,,False,True,True,SIMULATED | NOT SIZE-QUALIFIED
B,2026-08-31,RDHL,09:30:53,1.39,09:44,,,,,,False,,,,,,False,True,True,SIMULATED | NOT SIZE-QUALIFIED
B,2026-08-31,RDHL,09:30:53,1.39,09:45,,,,,,False,,,,,,False,True,False,SIMULATED | NOT SIZE-QUALIFIED
B,2026-08-31,RDHL,09:30:53,1.39,09:46,,,,,,False,,,,,,False,True,False,SIMULATED | NOT SIZE-QUALIFIED
B,2026-08-31,RDHL,09:30:53,1.39,09:47,1.27500000,-8.273381294964028776978417270,0.019722490357292788,0.023559248094026847,-0.003836757736734059,True,1945265,818854.7,2.375592397527913071757419234,SHORT,1.6521205444044647,True,True,True,SIMULATED | NOT SIZE-QUALIFIED
B,2026-08-31,RDHL,09:30:53,1.39,09:48,1.30040000,-6.446043165467625899280575540,0.009646405759200505,0.02077667962706158,-0.011130273867861074,False,918013,861778.1,1.065254501129699165017073421,SHORT,1.6510964355235718,False,False,True,SIMULATED | NOT SIZE-QUALIFIED
B,2026-08-31,RDHL,09:30:53,1.39,09:49,1.28000000,-7.913669064748201438848920860,0.00001475650702920106,0.016624295003055102,-0.0166095384960259,False,798683,900022.6,0.8874032718733951791877226194,SHORT,1.6095571484188573,False,False,True,SIMULATED | NOT SIZE-QUALIFIED
B,2026-08-31,RDHL,09:30:53,1.39,09:50,1.28900000,-7.266187050359712230215827340,-0.006813626884353274,0.011936710625573426,-0.0187503375099267,False,374537,902999.6,0.4147698404296081637245465004,SHORT,1.5876457187350859,False,False,True,SIMULATED | NOT SIZE-QUALIFIED
B,2026-08-31,RDHL,09:30:53,1.39,09:51,1.28000000,-7.913669064748201438848920860,-0.012803800460116088,0.006988608408435523,-0.01979240886855161,False,300740,891009.95,0.3375270949555613829003817522,SHORT,1.5399165749880688,False,False,True,SIMULATED | NOT SIZE-QUALIFIED
B,2026-08-31,RDHL,09:30:53,1.39,09:52,1.25000000,-10.07194244604316546762589928,-0.01974420653274933,0.0016420454201985521,-0.021386251952947882,False,319829,890541.95,0.3591397350792963767737162747,SHORT,1.4929332599904552,False,False,True,SIMULATED | NOT SIZE-QUALIFIED
B,2026-08-31,RDHL,09:30:53,1.39,09:53,1.12500000,-19.06474820143884892086330935,-0.034928351387003564,-0.005672033941241872,-0.029256317445761692,False,1731037,966589.8,1.790870336103277729601533143,SHORT,1.410346607992364,False,False,True,SIMULATED | NOT SIZE-QUALIFIED
B,2026-08-31,RDHL,09:30:53,1.39,09:54,1.18000000,-15.10791366906474820143884892,-0.0420392528951854,-0.012945477732030579,-0.02909377516315482,False,625401,991963.8,0.6304675634332623831635791548,SHORT,1.410346607992364,False,False,True,SIMULATED | NOT SIZE-QUALIFIED
B,2026-08-31,RDHL,09:30:53,1.39,09:55,1.15500000,-16.90647482014388489208633094,-0.04912569421475599,-0.02018152102857566,-0.028944173186180328,False,412421,1001926.8,0.4116278754096606658290805276,SHORT,1.4048218291151129,False,False,True,SIMULATED | NOT SIZE-QUALIFIED
B,2026-08-31,RDHL,09:30:53,1.39,09:56,1.16010000,-16.53956834532374100719424460,-0.053711074801715775,-0.026887431783203682,-0.026823643018512092,False,231480,1003433.35,0.2306879674668975273743891410,SHORT,1.3809574632920902,False,False,True,SIMULATED | NOT SIZE-QUALIFIED
B,2026-08-31,RDHL,09:30:53,1.39,09:57,1.16500000,-16.18705035971223021582733813,-0.056300634238203306,-0.03277007227420361,-0.023530561963999698,False,136681,996569.55,0.1371514913334448157682522008,SHORT,1.3486859706336722,False,False,True,SIMULATED | NOT SIZE-QUALIFIED
B,2026-08-31,RDHL,09:30:53,1.39,09:58,1.14910000,-17.33093525179856115107913669,-0.05895626474555726,-0.03800731076847434,-0.02094895397708292,False,465370,958449.8,0.4855444698303447921842124648,SHORT,1.3310487765069376,False,False,True,SIMULATED | NOT SIZE-QUALIFIED
B,2026-08-31,RDHL,09:30:53,1.39,09:59,1.12880000,-18.79136690647482014388489209,-0.061984393892395184,-0.04280272739325851,-0.019181666499136676,False,269823,917688.85,0.2940244942498756522976169973,SHORT,1.30235902120555,False,False,True,SIMULATED | NOT SIZE-QUALIFIED
B,2026-08-31,RDHL,09:30:53,1.39,10:00,1.15090000,-17.20143884892086330935251799,-0.06188752192604441,-0.04661968629981569,-0.015267835626228722,False,407579,919924.05,0.4430572284744593860764918582,SHORT,1.30235902120555,False,False,True,SIMULATED | NOT SIZE-QUALIFIED
