day,symbol,break_number,opening_high,break_minute_et,atr_0930,atr_entry,body_pct,volume_ratio,macd_bullish,rsi_bullish,stoch_bullish,red_0925_0929,efficiency,reversals,status,reasons,qualification
2026-08-24,XPON,1,8.41000000,09:30,SHORT,SHORT,0.2800380429039416675472894431,6.046023698115511667991239953,False,False,True,4,0.08965517241379310344827586207,2,REJECT,R1 ATR_NOT_CONTINUOUSLY_LONG; R3 STACK_DISAGREES; R4 BODY_LT_45PCT; R5 FOUR_OF_FIVE_RED; R6 CHOPPY,SIMULATED | NO REALISED CONTROL | NOT SIZE-QUALIFIED
2026-08-24,XPON,2,8.41000000,09:31,SHORT,SHORT,0.4347826086956521739130434783,2.822625079783647301517853096,False,True,True,4,0.2542372881355932203389830508,1,REJECT,R1 ATR_NOT_CONTINUOUSLY_LONG; R3 STACK_DISAGREES; R4 BODY_LT_45PCT; R5 FOUR_OF_FIVE_RED; R6 CHOPPY,SIMULATED | NO REALISED CONTROL | NOT SIZE-QUALIFIED
2026-08-24,XPON,3,8.41000000,09:32,SHORT,SHORT,0.03616279069767441860465116279,4.305995971402070045824127011,False,False,False,4,0.4212548015364916773367477593,2,REJECT,R1 ATR_NOT_CONTINUOUSLY_LONG; R2 RED_BREAK_BAR; R3 STACK_DISAGREES; R4 BODY_LT_45PCT; R5 FOUR_OF_FIVE_RED,SIMULATED | NO REALISED CONTROL | NOT SIZE-QUALIFIED
2026-08-24,XPON,4,8.41000000,09:33,SHORT,LONG,0.7406060606060606060606060606,2.993698728918090173477509095,True,True,True,4,0.9302325581395348837209302326,2,REJECT,R1 ATR_NOT_CONTINUOUSLY_LONG; R5 FOUR_OF_FIVE_RED,SIMULATED | NO REALISED CONTROL | NOT SIZE-QUALIFIED
2026-08-24,XPON,5,8.41000000,09:34,SHORT,LONG,0.3636694244931357396126920629,3.365186193013708120864048135,True,False,False,4,0.2699228791773778920308483290,3,REJECT,R1 ATR_NOT_CONTINUOUSLY_LONG; R2 RED_BREAK_BAR; R3 STACK_DISAGREES; R4 BODY_LT_45PCT; R5 FOUR_OF_FIVE_RED; R6 CHOPPY,SIMULATED | NO REALISED CONTROL | NOT SIZE-QUALIFIED
2026-08-24,BTCT,1,1.70000000,09:35,LONG,SHORT,0.5775,4.789881138799176833575547650,False,False,False,4,0.1818181818181818181818181818,2,REJECT,R1 ATR_NOT_CONTINUOUSLY_LONG; R2 RED_BREAK_BAR; R3 STACK_DISAGREES; R5 FOUR_OF_FIVE_RED; R6 CHOPPY,SIMULATED | NO REALISED CONTROL | NOT SIZE-QUALIFIED
2026-08-24,XPON,6,8.41000000,09:35,SHORT,LONG,0.4297674418604651162790697674,1.570849130966961572727545813,False,False,False,4,0.1614375356531660011409013120,2,REJECT,R1 ATR_NOT_CONTINUOUSLY_LONG; R2 RED_BREAK_BAR; R3 STACK_DISAGREES; R4 BODY_LT_45PCT; R5 FOUR_OF_FIVE_RED; R6 CHOPPY,SIMULATED | NO REALISED CONTROL | NOT SIZE-QUALIFIED
2026-08-24,XPON,7,8.41000000,09:53,SHORT,LONG,0.3619565217391304347826086957,2.686508850536651742786366454,True,True,False,4,0.9504746182418489475856376393,2,REJECT,R1 ATR_NOT_CONTINUOUSLY_LONG; R3 STACK_DISAGREES; R4 BODY_LT_45PCT; R5 FOUR_OF_FIVE_RED,SIMULATED | NO REALISED CONTROL | NOT SIZE-QUALIFIED
2026-08-24,XPON,8,8.41000000,09:54,SHORT,LONG,0.6158139534883720930232558140,0.8981284011733247140923390716,True,False,False,4,0.5105835477712293517058188761,3,REJECT,R1 ATR_NOT_CONTINUOUSLY_LONG; R2 RED_BREAK_BAR; R3 STACK_DISAGREES; R5 FOUR_OF_FIVE_RED; R6 CHOPPY,SIMULATED | NO REALISED CONTROL | NOT SIZE-QUALIFIED
2026-08-24,XPON,9,8.41000000,09:55,SHORT,LONG,0.8490988589100991788418470726,1.464841533003159560948871613,False,False,False,4,0.6339171974522292993630573248,2,REJECT,R1 ATR_NOT_CONTINUOUSLY_LONG; R2 RED_BREAK_BAR; R3 STACK_DISAGREES; R5 FOUR_OF_FIVE_RED,SIMULATED | NO REALISED CONTROL | NOT SIZE-QUALIFIED
2026-08-25,DAIC,1,3.86000000,09:30,LONG,LONG,0.5525105021004200840168033607,16.64864238736448475504748159,True,True,True,3,0.3200362647325475974614687217,1,REJECT,R6 CHOPPY,SIMULATED | NO REALISED CONTROL | NOT SIZE-QUALIFIED
2026-08-26,CRE,1,6.33000000,09:30,LONG,LONG,0.5797959183673469387755102041,16.98315451699508229969256843,True,True,True,4,0.6297439062017895711200246837,1,REJECT,R5 FOUR_OF_FIVE_RED,SIMULATED | NO REALISED CONTROL | NOT SIZE-QUALIFIED
2026-08-26,DAIC,1,6.35000000,09:30,LONG,LONG,0.2645588235294117647058823529,25.39961061383422924804388554,True,True,True,4,0.4728518713758566157090142330,2,REJECT,R4 BODY_LT_45PCT; R5 FOUR_OF_FIVE_RED,SIMULATED | NO REALISED CONTROL | NOT SIZE-QUALIFIED
2026-08-26,VCIG,1,4.05000000,09:30,LONG,LONG,0.3970588235294117647058823529,6.463359511630539156087640704,False,False,False,3,1,0,REJECT,R2 RED_BREAK_BAR; R3 STACK_DISAGREES; R4 BODY_LT_45PCT,SIMULATED | NO REALISED CONTROL | NOT SIZE-QUALIFIED
2026-08-26,CRE,2,6.33000000,09:31,LONG,LONG,0.4411764705882352941176470588,14.21041579168416631667366653,True,True,True,4,0.7634408602150537634408602151,1,REJECT,R4 BODY_LT_45PCT; R5 FOUR_OF_FIVE_RED,SIMULATED | NO REALISED CONTROL | NOT SIZE-QUALIFIED
2026-08-26,DAIC,2,6.35000000,09:31,LONG,SHORT,0.7374576271186440677966101695,7.356870928289030476117062250,False,False,False,4,0.2001200120012001200120012001,3,REJECT,R1 ATR_NOT_CONTINUOUSLY_LONG; R2 RED_BREAK_BAR; R3 STACK_DISAGREES; R5 FOUR_OF_FIVE_RED; R6 CHOPPY,SIMULATED | NO REALISED CONTROL | NOT SIZE-QUALIFIED
2026-08-26,YYGH,1,1.97000000,09:31,SHORT,SHORT,0.3611111111111111111111111111,14.16081316713799620903312725,False,True,True,2,0.07142857142857142857142857143,1,REJECT,R1 ATR_NOT_CONTINUOUSLY_LONG; R3 STACK_DISAGREES; R4 BODY_LT_45PCT; R6 CHOPPY,SIMULATED | NO REALISED CONTROL | NOT SIZE-QUALIFIED
2026-08-26,YYGH,2,1.97000000,09:39,SHORT,LONG,0.9376470588235294117647058824,1.683009110694408374813766802,True,True,True,2,0.5174461766889383815887156644,3,REJECT,R1 ATR_NOT_CONTINUOUSLY_LONG; R6 CHOPPY,SIMULATED | NO REALISED CONTROL | NOT SIZE-QUALIFIED
2026-08-26,YYGH,3,1.97000000,09:40,SHORT,LONG,0.405,2.814807809466629506478792781,True,False,False,2,0.3923705722070844686648501362,3,REJECT,R1 ATR_NOT_CONTINUOUSLY_LONG; R2 RED_BREAK_BAR; R3 STACK_DISAGREES; R4 BODY_LT_45PCT; R6 CHOPPY,SIMULATED | NO REALISED CONTROL | NOT SIZE-QUALIFIED
2026-08-26,CRE,3,6.33000000,09:41,LONG,LONG,0.5725627910527521184823268952,3.160655606465020187736036203,False,False,False,4,0.4143622722400857449088960343,2,REJECT,R2 RED_BREAK_BAR; R3 STACK_DISAGREES; R5 FOUR_OF_FIVE_RED,SIMULATED | NO REALISED CONTROL | NOT SIZE-QUALIFIED
2026-08-26,CRE,4,6.33000000,09:42,LONG,LONG,0.4286939125464418405258645327,0.9206324443037305662323060371,False,False,False,4,0.3693929368315765176579210587,1,REJECT,R2 RED_BREAK_BAR; R3 STACK_DISAGREES; R4 BODY_LT_45PCT; R5 FOUR_OF_FIVE_RED,SIMULATED | NO REALISED CONTROL | NOT SIZE-QUALIFIED
2026-08-26,YYGH,4,1.97000000,09:42,SHORT,LONG,0.8575,1.133587147865457321566672684,True,True,True,2,0.4853300733496332518337408313,2,REJECT,R1 ATR_NOT_CONTINUOUSLY_LONG,SIMULATED | NO REALISED CONTROL | NOT SIZE-QUALIFIED
2026-08-26,YYGH,5,1.97000000,09:44,SHORT,LONG,0.4055068836045056320400500626,2.112210446144437717525914234,False,False,False,2,0.4345625451916124367317425886,1,REJECT,R1 ATR_NOT_CONTINUOUSLY_LONG; R2 RED_BREAK_BAR; R3 STACK_DISAGREES; R4 BODY_LT_45PCT,SIMULATED | NO REALISED CONTROL | NOT SIZE-QUALIFIED
2026-08-26,YYGH,6,1.97000000,09:45,SHORT,LONG,0.7707142857142857142857142857,2.510999076927715777666251318,False,False,False,2,0.2292191435768261964735516373,1,REJECT,R1 ATR_NOT_CONTINUOUSLY_LONG; R2 RED_BREAK_BAR; R3 STACK_DISAGREES; R6 CHOPPY,SIMULATED | NO REALISED CONTROL | NOT SIZE-QUALIFIED
2026-08-26,CRE,5,6.33000000,09:46,LONG,LONG,0.3177272727272727272727272727,0.3145453128787616442151192991,False,False,False,4,0.04372416793561018055253426147,3,REJECT,R2 RED_BREAK_BAR; R3 STACK_DISAGREES; R4 BODY_LT_45PCT; R5 FOUR_OF_FIVE_RED; R6 CHOPPY,SIMULATED | NO REALISED CONTROL | NOT SIZE-QUALIFIED
2026-08-26,CRE,6,6.33000000,09:55,LONG,LONG,0.5,0.5652803920235672299739421840,False,False,True,4,1,0,REJECT,R3 STACK_DISAGREES; R5 FOUR_OF_FIVE_RED,SIMULATED | NO REALISED CONTROL | NOT SIZE-QUALIFIED
2026-08-26,CRE,7,6.33000000,09:58,LONG,LONG,0.5187106335679881437569470174,1.041396102554382353443559109,True,False,True,4,0.125,2,REJECT,R3 STACK_DISAGREES; R5 FOUR_OF_FIVE_RED; R6 CHOPPY,SIMULATED | NO REALISED CONTROL | NOT SIZE-QUALIFIED
2026-08-27,PPCB,1,3.61930000,09:30,SHORT,SHORT,0.06453694740238786705388835108,8.000075788717531330808690330,False,False,False,3,0.3333333333333333333333333333,1,REJECT,R1 ATR_NOT_CONTINUOUSLY_LONG; R3 STACK_DISAGREES; R4 BODY_LT_45PCT; R6 CHOPPY,SIMULATED | NO REALISED CONTROL | NOT SIZE-QUALIFIED
2026-08-27,PPCB,2,3.61930000,09:31,SHORT,SHORT,0.58,7.883805969576838312195945113,True,True,True,3,1,0,REJECT,R1 ATR_NOT_CONTINUOUSLY_LONG,SIMULATED | NO REALISED CONTROL | NOT SIZE-QUALIFIED
2026-08-27,PPCB,3,3.61930000,09:34,SHORT,LONG,0.7212857142857142857142857143,2.803826170072518305175356202,False,False,False,3,0.1330798479087452471482889734,1,REJECT,R1 ATR_NOT_CONTINUOUSLY_LONG; R2 RED_BREAK_BAR; R3 STACK_DISAGREES; R6 CHOPPY,SIMULATED | NO REALISED CONTROL | NOT SIZE-QUALIFIED
2026-08-27,PPCB,4,3.61930000,09:36,SHORT,LONG,0.6333333333333333333333333333,1.223154290736208674848797398,False,True,False,3,0.5050505050505050505050505051,1,REJECT,R1 ATR_NOT_CONTINUOUSLY_LONG; R3 STACK_DISAGREES,SIMULATED | NO REALISED CONTROL | NOT SIZE-QUALIFIED
2026-08-27,PPCB,5,3.61930000,09:37,SHORT,LONG,0.05764705882352941176470588235,0.7548833165032926253903662927,False,False,False,3,0.3379273071206593703553573841,2,REJECT,R1 ATR_NOT_CONTINUOUSLY_LONG; R3 STACK_DISAGREES; R4 BODY_LT_45PCT; R6 CHOPPY,SIMULATED | NO REALISED CONTROL | NOT SIZE-QUALIFIED
2026-08-27,PPCB,6,3.61930000,09:38,SHORT,LONG,0.08333333333333333333333333333,0.8649155238104455606851007681,True,True,False,3,0.9992163009404388714733542320,2,REJECT,R1 ATR_NOT_CONTINUOUSLY_LONG; R3 STACK_DISAGREES; R4 BODY_LT_45PCT,SIMULATED | NO REALISED CONTROL | NOT SIZE-QUALIFIED
2026-08-27,PPCB,7,3.61930000,09:39,SHORT,LONG,0.7407142857142857142857142857,0.4814818090202453825925663025,True,True,True,3,0.9992598075499629903774981495,2,REJECT,R1 ATR_NOT_CONTINUOUSLY_LONG; R3 STACK_DISAGREES,SIMULATED | NO REALISED CONTROL | NOT SIZE-QUALIFIED
2026-08-27,PPCB,8,3.61930000,09:44,SHORT,LONG,0.5555555555555555555555555556,0.4593595693971624701442313603,False,False,False,3,0.9333333333333333333333333333,2,REJECT,R1 ATR_NOT_CONTINUOUSLY_LONG; R2 RED_BREAK_BAR; R3 STACK_DISAGREES,SIMULATED | NO REALISED CONTROL | NOT SIZE-QUALIFIED
2026-08-27,PPCB,9,3.61930000,09:45,SHORT,LONG,0.3025404157043879907621247113,0.4321380435142402944712725781,False,False,False,3,0.5886287625418060200668896321,2,REJECT,R1 ATR_NOT_CONTINUOUSLY_LONG; R3 STACK_DISAGREES; R4 BODY_LT_45PCT,SIMULATED | NO REALISED CONTROL | NOT SIZE-QUALIFIED
2026-08-27,PPCB,10,3.61930000,09:46,SHORT,LONG,0.6213513513513513513513513514,1.038959508299555606628627050,False,False,False,3,0.8325859491778774289985052317,2,REJECT,R1 ATR_NOT_CONTINUOUSLY_LONG; R2 RED_BREAK_BAR; R3 STACK_DISAGREES,SIMULATED | NO REALISED CONTROL | NOT SIZE-QUALIFIED
2026-08-28,QNRX,1,7.48000000,09:30,LONG,LONG,0.2187086336225915575819973526,14.10684492016820232868049775,False,True,True,3,0.09632330598602248556669705257,1,REJECT,R3 STACK_DISAGREES; R4 BODY_LT_45PCT; R6 CHOPPY,SIMULATED | NO REALISED CONTROL | NOT SIZE-QUALIFIED
2026-08-28,QNRX,2,7.48000000,09:32,LONG,LONG,0.7291666666666666666666666667,4.086347516635326984216624121,True,True,True,3,0.6853681861651259164807140580,2,PASS,,SIMULATED | NO REALISED CONTROL | NOT SIZE-QUALIFIED
2026-08-28,QNRX,3,7.48000000,09:33,LONG,LONG,0.03,6.269766198668022897532798266,True,False,False,3,0.6420810009878169245966414225,3,REJECT,R3 STACK_DISAGREES; R4 BODY_LT_45PCT; R6 CHOPPY,SIMULATED | NO REALISED CONTROL | NOT SIZE-QUALIFIED
2026-08-28,QNRX,4,7.48000000,09:40,LONG,LONG,0.3655223880597014925373134328,2.302225805334029980158674423,False,False,False,3,1,0,REJECT,R2 RED_BREAK_BAR; R3 STACK_DISAGREES; R4 BODY_LT_45PCT,SIMULATED | NO REALISED CONTROL | NOT SIZE-QUALIFIED
2026-08-28,QNRX,5,7.48000000,09:41,LONG,LONG,0.4258359531294655615890254358,0.8424004990516290329483279599,False,True,False,3,0.4958246346555323590814196242,1,REJECT,R3 STACK_DISAGREES; R4 BODY_LT_45PCT,SIMULATED | NO REALISED CONTROL | NOT SIZE-QUALIFIED
2026-08-28,QNRX,6,7.48000000,09:49,LONG,LONG,0.4292682926829268292682926829,0.7087254574712414621144562407,False,False,False,3,0.4595254237288135593220338983,3,REJECT,R2 RED_BREAK_BAR; R3 STACK_DISAGREES; R4 BODY_LT_45PCT; R6 CHOPPY,SIMULATED | NO REALISED CONTROL | NOT SIZE-QUALIFIED
2026-08-28,QNRX,7,7.48000000,09:50,LONG,LONG,0.2728571428571428571428571429,0.7449191622192343169398248005,False,False,False,3,0.6487576427735137244698842201,2,REJECT,R2 RED_BREAK_BAR; R3 STACK_DISAGREES; R4 BODY_LT_45PCT,SIMULATED | NO REALISED CONTROL | NOT SIZE-QUALIFIED
2026-08-28,QNRX,8,7.48000000,09:51,LONG,LONG,0.2272727272727272727272727273,0.3252717794417576710285227701,False,False,False,3,0.2079002079002079002079002079,2,REJECT,R2 RED_BREAK_BAR; R3 STACK_DISAGREES; R4 BODY_LT_45PCT; R6 CHOPPY,SIMULATED | NO REALISED CONTROL | NOT SIZE-QUALIFIED
2026-08-28,QNRX,9,7.48000000,09:55,LONG,LONG,0.6305882352941176470588235294,0.2342672456669928215775889978,False,False,False,3,0.02270121531758770924099977069,3,REJECT,R3 STACK_DISAGREES; R6 CHOPPY,SIMULATED | NO REALISED CONTROL | NOT SIZE-QUALIFIED
2026-08-28,QNRX,10,7.48000000,09:56,LONG,LONG,0.488,0.6911151539919071264390453659,False,False,False,3,0.1494845360824742268041237113,3,REJECT,R2 RED_BREAK_BAR; R3 STACK_DISAGREES; R6 CHOPPY,SIMULATED | NO REALISED CONTROL | NOT SIZE-QUALIFIED
2026-08-31,AEHL,1,6.91000000,09:30,LONG,LONG,0.53,16.52326779583784259609260515,True,True,True,1,0.4929577464788732394366197183,1,PASS,,SIMULATED | NO REALISED CONTROL | NOT SIZE-QUALIFIED
2026-08-31,RDHL,1,1.42000000,09:30,LONG,LONG,0.35,7.630284229664554367946423661,False,True,True,2,0.1304347826086956521739130435,2,REJECT,R3 STACK_DISAGREES; R4 BODY_LT_45PCT; R6 CHOPPY,SIMULATED | NO REALISED CONTROL | NOT SIZE-QUALIFIED
2026-08-31,YDDL,1,2.48000000,09:30,SHORT,SHORT,0.4859919954259576901086335049,7.350109745765815475739959910,False,True,True,3,0.05263157894736842105263157895,1,REJECT,R1 ATR_NOT_CONTINUOUSLY_LONG; R3 STACK_DISAGREES; R6 CHOPPY,SIMULATED | NO REALISED CONTROL | NOT SIZE-QUALIFIED
2026-08-31,AEHL,2,6.91000000,09:31,LONG,LONG,0.3983107357190486774838853078,6.412073667794801017472931232,True,True,True,1,0.8695652173913043478260869565,1,REJECT,R4 BODY_LT_45PCT,SIMULATED | NO REALISED CONTROL | NOT SIZE-QUALIFIED
2026-08-31,AEHL,3,6.91000000,09:32,LONG,LONG,0.1736734693877551020408163265,6.295981177730345424194998538,True,False,False,1,0.6380952380952380952380952381,2,REJECT,R2 RED_BREAK_BAR; R3 STACK_DISAGREES; R4 BODY_LT_45PCT,SIMULATED | NO REALISED CONTROL | NOT SIZE-QUALIFIED
2026-08-31,YDDL,2,2.48000000,09:34,SHORT,LONG,0.6111111111111111111111111111,8.651177961813075460068257749,True,True,False,3,0.4444444444444444444444444444,1,REJECT,R1 ATR_NOT_CONTINUOUSLY_LONG; R3 STACK_DISAGREES,SIMULATED | NO REALISED CONTROL | NOT SIZE-QUALIFIED
2026-08-31,AEHL,4,6.91000000,09:35,LONG,LONG,0.8036986301369863013698630137,3.968115127177575394335810135,False,False,False,1,0.3865747502482911725185488111,2,REJECT,R2 RED_BREAK_BAR; R3 STACK_DISAGREES,SIMULATED | NO REALISED CONTROL | NOT SIZE-QUALIFIED
2026-08-31,RDHL,2,1.42000000,09:35,LONG,LONG,0.9635294117647058823529411765,7.491395114603948020996870688,True,True,True,2,0.9989200863930885529157667387,1,PASS,,SIMULATED | NO REALISED CONTROL | NOT SIZE-QUALIFIED
2026-08-31,YDDL,3,2.48000000,09:35,SHORT,LONG,0.6470588235294117647058823529,7.590988395940228224733620820,False,False,False,3,0.1136493432324386065105653912,2,REJECT,R1 ATR_NOT_CONTINUOUSLY_LONG; R2 RED_BREAK_BAR; R3 STACK_DISAGREES; R6 CHOPPY,SIMULATED | NO REALISED CONTROL | NOT SIZE-QUALIFIED
2026-08-31,YDDL,4,2.48000000,09:37,SHORT,LONG,0.35,1.431375111497146300805747004,False,True,False,3,0.06041131105398457583547557841,2,REJECT,R1 ATR_NOT_CONTINUOUSLY_LONG; R3 STACK_DISAGREES; R4 BODY_LT_45PCT; R6 CHOPPY,SIMULATED | NO REALISED CONTROL | NOT SIZE-QUALIFIED
2026-08-31,YDDL,5,2.48000000,09:38,SHORT,LONG,0.1428571428571428571428571429,1.304538705097036792835338704,True,True,False,3,0.5,1,REJECT,R1 ATR_NOT_CONTINUOUSLY_LONG; R3 STACK_DISAGREES; R4 BODY_LT_45PCT,SIMULATED | NO REALISED CONTROL | NOT SIZE-QUALIFIED
2026-08-31,YDDL,6,2.48000000,09:39,SHORT,LONG,0.375,0.9921548560952216876701902531,True,True,True,3,0.3076923076923076923076923077,1,REJECT,R1 ATR_NOT_CONTINUOUSLY_LONG; R3 STACK_DISAGREES; R4 BODY_LT_45PCT; R6 CHOPPY,SIMULATED | NO REALISED CONTROL | NOT SIZE-QUALIFIED
2026-08-31,YDDL,7,2.48000000,09:40,SHORT,LONG,0.417,1.266253080649273391688620719,False,False,False,3,0.4542343883661248930710008554,1,REJECT,R1 ATR_NOT_CONTINUOUSLY_LONG; R2 RED_BREAK_BAR; R3 STACK_DISAGREES; R4 BODY_LT_45PCT,SIMULATED | NO REALISED CONTROL | NOT SIZE-QUALIFIED
2026-08-31,YDDL,8,2.48000000,09:41,SHORT,LONG,0.2,0.8633983069768145886074751855,False,False,False,3,0.09090909090909090909090909091,1,REJECT,R1 ATR_NOT_CONTINUOUSLY_LONG; R2 RED_BREAK_BAR; R3 STACK_DISAGREES; R4 BODY_LT_45PCT; R6 CHOPPY,SIMULATED | NO REALISED CONTROL | NOT SIZE-QUALIFIED
2026-08-31,RDHL,3,1.42000000,09:42,LONG,LONG,0.9655172413793103448275862069,1.413570217350917388431644544,False,False,False,2,0.03797468354430379746835443038,1,UNANSWERABLE,R2 RED_BREAK_BAR; R3 STACK_DISAGREES; R6 CHOPPY; UNANSWERABLE HALT,SIMULATED | NO REALISED CONTROL | NOT SIZE-QUALIFIED
2026-08-31,YDDL,9,2.48000000,09:42,SHORT,LONG,0.7142857142857142857142857143,0.6624660983006236768324083081,True,True,True,3,0.1724137931034482758620689655,2,REJECT,R1 ATR_NOT_CONTINUOUSLY_LONG; R3 STACK_DISAGREES; R6 CHOPPY,SIMULATED | NO REALISED CONTROL | NOT SIZE-QUALIFIED
2026-08-31,YDDL,10,2.48000000,09:44,SHORT,LONG,0.585,0.6003674247609614839119708292,False,False,False,3,0.04821802935010482180293501048,2,REJECT,R1 ATR_NOT_CONTINUOUSLY_LONG; R2 RED_BREAK_BAR; R3 STACK_DISAGREES; R6 CHOPPY,SIMULATED | NO REALISED CONTROL | NOT SIZE-QUALIFIED
2026-08-31,YDDL,11,2.48000000,09:45,SHORT,LONG,0.15,0.9412822694514328943204429485,False,False,True,3,0.1538461538461538461538461538,1,REJECT,R1 ATR_NOT_CONTINUOUSLY_LONG; R2 RED_BREAK_BAR; R3 STACK_DISAGREES; R4 BODY_LT_45PCT; R6 CHOPPY,SIMULATED | NO REALISED CONTROL | NOT SIZE-QUALIFIED
2026-09-01,BIAF,1,7.98000000,09:30,LONG,LONG,0.1312824408152930750727940246,8.890945908195031153681721579,False,False,False,1,0.3536379018612521150592216582,3,REJECT,R2 RED_BREAK_BAR; R3 STACK_DISAGREES; R4 BODY_LT_45PCT; R6 CHOPPY,SIMULATED | NO REALISED CONTROL | NOT SIZE-QUALIFIED
2026-09-01,BIAF,2,7.98000000,09:31,LONG,LONG,0.1909375,5.735726488286308092403782331,False,False,False,1,0.1209631186699789795528377604,2,REJECT,R2 RED_BREAK_BAR; R3 STACK_DISAGREES; R4 BODY_LT_45PCT; R6 CHOPPY,SIMULATED | NO REALISED CONTROL | NOT SIZE-QUALIFIED
2026-09-01,LIDR,1,1.61000000,09:34,SHORT,SHORT,0.5,3.824861062461406239279510911,True,True,True,3,1,0,REJECT,R1 ATR_NOT_CONTINUOUSLY_LONG,SIMULATED | NO REALISED CONTROL | NOT SIZE-QUALIFIED
2026-09-01,LIDR,2,1.61000000,09:35,SHORT,SHORT,0.3016270337922403003754693367,1.956409097127829903775378622,True,False,False,3,0.5952980688497061293031066331,1,REJECT,R1 ATR_NOT_CONTINUOUSLY_LONG; R2 RED_BREAK_BAR; R3 STACK_DISAGREES; R4 BODY_LT_45PCT,SIMULATED | NO REALISED CONTROL | NOT SIZE-QUALIFIED
2026-09-01,BIAF,3,7.98000000,09:36,LONG,LONG,0.6346753246753246753246753247,3.007887433373442461021841281,True,True,True,1,0.6752681936793273412583357495,1,PASS,,SIMULATED | NO REALISED CONTROL | NOT SIZE-QUALIFIED
2026-09-01,SSM,1,3.90000000,09:37,SHORT,LONG,0.9130434782608695652173913043,8.474925707898940086771663652,True,True,True,3,1,0,REJECT,R1 ATR_NOT_CONTINUOUSLY_LONG,SIMULATED | NO REALISED CONTROL | NOT SIZE-QUALIFIED
2026-09-01,BIAF,4,7.98000000,09:38,LONG,LONG,0.5268456375838926174496644295,3.273437749986240757308717728,False,False,False,1,0.04516910873636664096066982483,1,REJECT,R2 RED_BREAK_BAR; R3 STACK_DISAGREES; R6 CHOPPY,SIMULATED | NO REALISED CONTROL | NOT SIZE-QUALIFIED
2026-09-01,SSM,2,3.90000000,09:38,SHORT,LONG,,6.821273615661399512191195293,True,True,False,3,1,0,REJECT,R1 ATR_NOT_CONTINUOUSLY_LONG; R3 STACK_DISAGREES; R4 BODY_LT_45PCT,SIMULATED | NO REALISED CONTROL | NOT SIZE-QUALIFIED
2026-09-01,SSM,3,3.90000000,09:51,SHORT,LONG,0.7884615384615384615384615385,2.155694508203806983271867773,False,False,False,3,0.6942392909896602658788774003,3,REJECT,R1 ATR_NOT_CONTINUOUSLY_LONG; R2 RED_BREAK_BAR; R3 STACK_DISAGREES; R6 CHOPPY,SIMULATED | NO REALISED CONTROL | NOT SIZE-QUALIFIED
2026-09-01,SSM,4,3.90000000,09:52,SHORT,LONG,0.3158823529411764705882352941,1.152968736167575776147963527,False,False,False,3,0.7206720672067206720672067207,3,REJECT,R1 ATR_NOT_CONTINUOUSLY_LONG; R3 STACK_DISAGREES; R4 BODY_LT_45PCT; R6 CHOPPY,SIMULATED | NO REALISED CONTROL | NOT SIZE-QUALIFIED
2026-09-02,PPBT,1,2.46000000,09:30,LONG,LONG,0.06666666666666666666666666667,10.02678926249081234679917988,True,False,False,2,0.5,1,REJECT,R2 RED_BREAK_BAR; R3 STACK_DISAGREES; R4 BODY_LT_45PCT,SIMULATED | NO REALISED CONTROL | NOT SIZE-QUALIFIED
2026-09-02,VIVK,1,1.11000000,09:30,LONG,LONG,0.5,,False,False,True,2,0.1578947368421052631578947368,1,UNANSWERABLE,UNANSWERABLE STACK_WARMUP; R6 CHOPPY,SIMULATED | NO REALISED CONTROL | NOT SIZE-QUALIFIED
2026-09-02,PPBT,2,2.46000000,09:31,LONG,LONG,0.2857142857142857142857142857,4.230636642720947524160482343,False,False,False,2,0.6,1,REJECT,R2 RED_BREAK_BAR; R3 STACK_DISAGREES; R4 BODY_LT_45PCT,SIMULATED | NO REALISED CONTROL | NOT SIZE-QUALIFIED
2026-09-02,VIVK,2,1.11000000,09:31,LONG,LONG,0.335,,False,False,False,2,0.0009082652134423251589464123524,2,UNANSWERABLE,R2 RED_BREAK_BAR; UNANSWERABLE STACK_WARMUP; R4 BODY_LT_45PCT; R6 CHOPPY,SIMULATED | NO REALISED CONTROL | NOT SIZE-QUALIFIED
2026-09-02,PPBT,3,2.46000000,09:32,LONG,LONG,0.7380952380952380952380952381,6.312140178269484070605033671,True,True,True,2,0.6097560975609756097560975610,1,PASS,,SIMULATED | NO REALISED CONTROL | NOT SIZE-QUALIFIED
2026-09-02,PPBT,4,2.46000000,09:33,LONG,LONG,0.2857142857142857142857142857,5.349857262965605685716874776,True,True,True,2,0.6666666666666666666666666667,1,REJECT,R4 BODY_LT_45PCT,SIMULATED | NO REALISED CONTROL | NOT SIZE-QUALIFIED
2026-09-02,PPBT,5,2.46000000,09:34,LONG,LONG,0.6818181818181818181818181818,3.840773989906085007557993451,False,False,False,2,0.1489361702127659574468085106,2,REJECT,R2 RED_BREAK_BAR; R3 STACK_DISAGREES; R6 CHOPPY,SIMULATED | NO REALISED CONTROL | NOT SIZE-QUALIFIED
2026-09-02,PPBT,6,2.46000000,09:44,LONG,SHORT,0.181875,2.244554909081196345265890666,True,False,False,2,0.7565872020075282308657465496,1,REJECT,R1 ATR_NOT_CONTINUOUSLY_LONG; R2 RED_BREAK_BAR; R3 STACK_DISAGREES; R4 BODY_LT_45PCT,SIMULATED | NO REALISED CONTROL | NOT SIZE-QUALIFIED
2026-09-02,LHAI,1,1.26000000,09:58,LONG,SHORT,0.4611239414934565050038491147,6.083684457306154672214443347,True,True,False,3,0.75,2,REJECT,R1 ATR_NOT_CONTINUOUSLY_LONG; R3 STACK_DISAGREES,SIMULATED | NO REALISED CONTROL | NOT SIZE-QUALIFIED
2026-09-03,GELS,1,1.02000000,09:30,LONG,LONG,0.772,17.41976738834317318963128203,True,True,True,4,0.4957020057306590257879656160,2,REJECT,R5 FOUR_OF_FIVE_RED,SIMULATED | NO REALISED CONTROL | NOT SIZE-QUALIFIED
2026-09-03,MIMI,1,1.17000000,09:30,LONG,LONG,0.7276923076923076923076923077,,False,False,False,1,0.1326352530541012216404886562,1,UNANSWERABLE,R2 RED_BREAK_BAR; UNANSWERABLE STACK_WARMUP; R6 CHOPPY,SIMULATED | NO REALISED CONTROL | NOT SIZE-QUALIFIED
2026-09-03,GELS,2,1.02000000,09:31,LONG,LONG,0.8468078013002167027837972995,6.755794751429821318744824313,False,False,False,4,0.2922201138519924098671726755,2,REJECT,R2 RED_BREAK_BAR; R3 STACK_DISAGREES; R5 FOUR_OF_FIVE_RED; R6 CHOPPY,SIMULATED | NO REALISED CONTROL | NOT SIZE-QUALIFIED
2026-09-03,GELS,3,1.02000000,09:34,LONG,LONG,0.4236189158813867035532117230,2.774880204523859977715648946,True,True,True,4,0.2407862407862407862407862408,1,REJECT,R4 BODY_LT_45PCT; R5 FOUR_OF_FIVE_RED; R6 CHOPPY,SIMULATED | NO REALISED CONTROL | NOT SIZE-QUALIFIED
2026-09-03,GELS,4,1.02000000,09:35,LONG,LONG,0.3759398496240601503759398496,1.921495962967770066079567758,False,False,False,4,0.5073170731707317073170731707,1,REJECT,R2 RED_BREAK_BAR; R3 STACK_DISAGREES; R4 BODY_LT_45PCT; R5 FOUR_OF_FIVE_RED,SIMULATED | NO REALISED CONTROL | NOT SIZE-QUALIFIED
2026-09-03,GELS,5,1.02000000,09:36,LONG,LONG,0.6666666666666666666666666667,1.809975202472423439160548722,True,True,True,4,0.6813829871133614094859540371,2,REJECT,R5 FOUR_OF_FIVE_RED,SIMULATED | NO REALISED CONTROL | NOT SIZE-QUALIFIED
2026-09-03,GELS,6,1.02000000,09:37,LONG,LONG,0.09181818181818181818181818182,15.59632988214286766318530518,True,False,False,4,0.3366174055829228243021346470,3,REJECT,R2 RED_BREAK_BAR; R3 STACK_DISAGREES; R4 BODY_LT_45PCT; R5 FOUR_OF_FIVE_RED; R6 CHOPPY,SIMULATED | NO REALISED CONTROL | NOT SIZE-QUALIFIED
