day,symbol,population,entry_time_et,entry_price,entry_source,stop_pct,target_at_et,target_price,stop_at_et,stop_price,atr_bar_minute_et,atr_exit_at_et,atr_exit_price,exit_rule,exit_at_et,exit_price,return_pct,recovered_after_stop,target_answerable,stop_answerable,stop_on_reopen,answer,qualification
2026-08-25,DAIC,PRIMARY,09:30:21,3.66,FROZEN FROM OPERATOR-APPROVED ROW,-1,09:30:23,3.850000,09:30:21,3.620000,10:16:00,10:17:00,3.820000,STOP,09:30:21,3.620000,-1.092896174863387978142076500,True,True,True,False,,SIMULATED | NO REALISED CONTROL | NOT SIZE-QUALIFIED
2026-08-25,DAIC,PRIMARY,09:30:21,3.66,FROZEN FROM OPERATOR-APPROVED ROW,-2,09:30:23,3.850000,10:16:51,3.580000,10:16:00,10:17:00,3.820000,+5%,09:30:23,3.850000,5.191256830601092896174863400,,True,True,False,,SIMULATED | NO REALISED CONTROL | NOT SIZE-QUALIFIED
2026-08-25,DAIC,PRIMARY,09:30:21,3.66,FROZEN FROM OPERATOR-APPROVED ROW,-3,09:30:23,3.850000,10:16:51,3.550000,10:16:00,10:17:00,3.820000,+5%,09:30:23,3.850000,5.191256830601092896174863400,,True,True,False,,SIMULATED | NO REALISED CONTROL | NOT SIZE-QUALIFIED
2026-08-25,DAIC,PRIMARY,09:30:21,3.66,FROZEN FROM OPERATOR-APPROVED ROW,-4,09:30:23,3.850000,10:17:43,3.510000,10:16:00,10:17:00,3.820000,+5%,09:30:23,3.850000,5.191256830601092896174863400,,True,True,False,,SIMULATED | NO REALISED CONTROL | NOT SIZE-QUALIFIED
2026-08-25,DAIC,PRIMARY,09:30:21,3.66,FROZEN FROM OPERATOR-APPROVED ROW,-5,09:30:23,3.850000,10:17:44,3.470000,10:16:00,10:17:00,3.820000,+5%,09:30:23,3.850000,5.191256830601092896174863400,,True,True,False,,SIMULATED | NO REALISED CONTROL | NOT SIZE-QUALIFIED
2026-08-25,DAIC,PRIMARY,09:30:21,3.66,FROZEN FROM OPERATOR-APPROVED ROW,-6,09:30:23,3.850000,10:17:44,3.430000,10:16:00,10:17:00,3.820000,+5%,09:30:23,3.850000,5.191256830601092896174863400,,True,True,False,,SIMULATED | NO REALISED CONTROL | NOT SIZE-QUALIFIED
2026-08-25,DAIC,PRIMARY,09:30:21,3.66,FROZEN FROM OPERATOR-APPROVED ROW,-7,09:30:23,3.850000,10:17:47,3.400000,10:16:00,10:17:00,3.820000,+5%,09:30:23,3.850000,5.191256830601092896174863400,,True,True,False,,SIMULATED | NO REALISED CONTROL | NOT SIZE-QUALIFIED
2026-08-25,DAIC,PRIMARY,09:30:21,3.66,FROZEN FROM OPERATOR-APPROVED ROW,-8,09:30:23,3.850000,10:17:47,3.360000,10:16:00,10:17:00,3.820000,+5%,09:30:23,3.850000,5.191256830601092896174863400,,True,True,False,,SIMULATED | NO REALISED CONTROL | NOT SIZE-QUALIFIED
2026-08-26,DAIC,PRIMARY,09:30:04,6.11,FROZEN FROM OPERATOR-APPROVED ROW,-1,09:30:19,6.420000,09:30:04,6.040000,09:31:00,09:32:00,5.920000,STOP,09:30:04,6.040000,-1.145662847790507364975450080,True,True,True,False,,SIMULATED | NO REALISED CONTROL | NOT SIZE-QUALIFIED
2026-08-26,DAIC,PRIMARY,09:30:04,6.11,FROZEN FROM OPERATOR-APPROVED ROW,-2,09:30:19,6.420000,09:31:12,5.980000,09:31:00,09:32:00,5.920000,+5%,09:30:19,6.420000,5.073649754500818330605564600,,True,True,False,,SIMULATED | NO REALISED CONTROL | NOT SIZE-QUALIFIED
2026-08-26,DAIC,PRIMARY,09:30:04,6.11,FROZEN FROM OPERATOR-APPROVED ROW,-3,09:30:19,6.420000,09:31:17,5.920000,09:31:00,09:32:00,5.920000,+5%,09:30:19,6.420000,5.073649754500818330605564600,,True,True,False,,SIMULATED | NO REALISED CONTROL | NOT SIZE-QUALIFIED
2026-08-26,DAIC,PRIMARY,09:30:04,6.11,FROZEN FROM OPERATOR-APPROVED ROW,-4,09:30:19,6.420000,09:31:18,5.860000,09:31:00,09:32:00,5.920000,+5%,09:30:19,6.420000,5.073649754500818330605564600,,True,True,False,,SIMULATED | NO REALISED CONTROL | NOT SIZE-QUALIFIED
2026-08-26,DAIC,PRIMARY,09:30:04,6.11,FROZEN FROM OPERATOR-APPROVED ROW,-5,09:30:19,6.420000,09:33:22,5.800000,09:31:00,09:32:00,5.920000,+5%,09:30:19,6.420000,5.073649754500818330605564600,,True,True,False,,SIMULATED | NO REALISED CONTROL | NOT SIZE-QUALIFIED
2026-08-26,DAIC,PRIMARY,09:30:04,6.11,FROZEN FROM OPERATOR-APPROVED ROW,-6,09:30:19,6.420000,09:57:00,5.740000,09:31:00,09:32:00,5.920000,+5%,09:30:19,6.420000,5.073649754500818330605564600,,True,True,False,,SIMULATED | NO REALISED CONTROL | NOT SIZE-QUALIFIED
2026-08-26,DAIC,PRIMARY,09:30:04,6.11,FROZEN FROM OPERATOR-APPROVED ROW,-7,09:30:19,6.420000,09:57:00,5.680000,09:31:00,09:32:00,5.920000,+5%,09:30:19,6.420000,5.073649754500818330605564600,,True,True,False,,SIMULATED | NO REALISED CONTROL | NOT SIZE-QUALIFIED
2026-08-26,DAIC,PRIMARY,09:30:04,6.11,FROZEN FROM OPERATOR-APPROVED ROW,-8,09:30:19,6.420000,09:57:00,5.620000,09:31:00,09:32:00,5.920000,+5%,09:30:19,6.420000,5.073649754500818330605564600,,True,True,False,,SIMULATED | NO REALISED CONTROL | NOT SIZE-QUALIFIED
2026-08-26,CRE,PRIMARY,09:30:42,6.37,FROZEN FROM OPERATOR-APPROVED ROW,-1,09:30:58,6.690000,09:30:42,6.290000,11:01:00,11:02:00,6.760000,STOP,09:30:42,6.290000,-1.255886970172684458398744110,True,True,True,False,,SIMULATED | NO REALISED CONTROL | NOT SIZE-QUALIFIED
2026-08-26,CRE,PRIMARY,09:30:42,6.37,FROZEN FROM OPERATOR-APPROVED ROW,-2,09:30:58,6.690000,09:41:43,6.240000,11:01:00,11:02:00,6.760000,+5%,09:30:58,6.690000,5.023547880690737833594976500,,True,True,False,,SIMULATED | NO REALISED CONTROL | NOT SIZE-QUALIFIED
2026-08-26,CRE,PRIMARY,09:30:42,6.37,FROZEN FROM OPERATOR-APPROVED ROW,-3,09:30:58,6.690000,09:41:43,6.160000,11:01:00,11:02:00,6.760000,+5%,09:30:58,6.690000,5.023547880690737833594976500,,True,True,False,,SIMULATED | NO REALISED CONTROL | NOT SIZE-QUALIFIED
2026-08-26,CRE,PRIMARY,09:30:42,6.37,FROZEN FROM OPERATOR-APPROVED ROW,-4,09:30:58,6.690000,09:41:43,6.110000,11:01:00,11:02:00,6.760000,+5%,09:30:58,6.690000,5.023547880690737833594976500,,True,True,False,,SIMULATED | NO REALISED CONTROL | NOT SIZE-QUALIFIED
2026-08-26,CRE,PRIMARY,09:30:42,6.37,FROZEN FROM OPERATOR-APPROVED ROW,-5,09:30:58,6.690000,09:49:17,6.050000,11:01:00,11:02:00,6.760000,+5%,09:30:58,6.690000,5.023547880690737833594976500,,True,True,False,,SIMULATED | NO REALISED CONTROL | NOT SIZE-QUALIFIED
2026-08-26,CRE,PRIMARY,09:30:42,6.37,FROZEN FROM OPERATOR-APPROVED ROW,-6,09:30:58,6.690000,09:49:23,5.980000,11:01:00,11:02:00,6.760000,+5%,09:30:58,6.690000,5.023547880690737833594976500,,True,True,False,,SIMULATED | NO REALISED CONTROL | NOT SIZE-QUALIFIED
2026-08-26,CRE,PRIMARY,09:30:42,6.37,FROZEN FROM OPERATOR-APPROVED ROW,-7,09:30:58,6.690000,09:49:23,5.920000,11:01:00,11:02:00,6.760000,+5%,09:30:58,6.690000,5.023547880690737833594976500,,True,True,False,,SIMULATED | NO REALISED CONTROL | NOT SIZE-QUALIFIED
2026-08-26,CRE,PRIMARY,09:30:42,6.37,FROZEN FROM OPERATOR-APPROVED ROW,-8,09:30:58,6.690000,09:49:23,5.860000,11:01:00,11:02:00,6.760000,+5%,09:30:58,6.690000,5.023547880690737833594976500,,True,True,False,,SIMULATED | NO REALISED CONTROL | NOT SIZE-QUALIFIED
2026-08-28,QNRX,PRIMARY,09:30:10,7.25,FROZEN FROM OPERATOR-APPROVED ROW,-1,09:30:19,7.620000,09:30:24,7.170000,14:04:00,14:05:31,6.920000,+5%,09:30:19,7.620000,5.103448275862068965517241400,,True,True,False,,SIMULATED | NO REALISED CONTROL | NOT SIZE-QUALIFIED
2026-08-28,QNRX,PRIMARY,09:30:10,7.25,FROZEN FROM OPERATOR-APPROVED ROW,-2,09:30:19,7.620000,09:30:24,7.100000,14:04:00,14:05:31,6.920000,+5%,09:30:19,7.620000,5.103448275862068965517241400,,True,True,False,,SIMULATED | NO REALISED CONTROL | NOT SIZE-QUALIFIED
2026-08-28,QNRX,PRIMARY,09:30:10,7.25,FROZEN FROM OPERATOR-APPROVED ROW,-3,09:30:19,7.620000,09:30:24,7.030000,14:04:00,14:05:31,6.920000,+5%,09:30:19,7.620000,5.103448275862068965517241400,,True,True,False,,SIMULATED | NO REALISED CONTROL | NOT SIZE-QUALIFIED
2026-08-28,QNRX,PRIMARY,09:30:10,7.25,FROZEN FROM OPERATOR-APPROVED ROW,-4,09:30:19,7.620000,10:08:34,6.960000,14:04:00,14:05:31,6.920000,+5%,09:30:19,7.620000,5.103448275862068965517241400,,True,True,False,,SIMULATED | NO REALISED CONTROL | NOT SIZE-QUALIFIED
2026-08-28,QNRX,PRIMARY,09:30:10,7.25,FROZEN FROM OPERATOR-APPROVED ROW,-5,09:30:19,7.620000,10:08:34,6.880000,14:04:00,14:05:31,6.920000,+5%,09:30:19,7.620000,5.103448275862068965517241400,,True,True,False,,SIMULATED | NO REALISED CONTROL | NOT SIZE-QUALIFIED
2026-08-28,QNRX,PRIMARY,09:30:10,7.25,FROZEN FROM OPERATOR-APPROVED ROW,-6,09:30:19,7.620000,10:08:34,6.810000,14:04:00,14:05:31,6.920000,+5%,09:30:19,7.620000,5.103448275862068965517241400,,True,True,False,,SIMULATED | NO REALISED CONTROL | NOT SIZE-QUALIFIED
2026-08-28,QNRX,PRIMARY,09:30:10,7.25,FROZEN FROM OPERATOR-APPROVED ROW,-7,09:30:19,7.620000,10:08:34,6.740000,14:04:00,14:05:31,6.920000,+5%,09:30:19,7.620000,5.103448275862068965517241400,,True,True,False,,SIMULATED | NO REALISED CONTROL | NOT SIZE-QUALIFIED
2026-08-28,QNRX,PRIMARY,09:30:10,7.25,FROZEN FROM OPERATOR-APPROVED ROW,-8,09:30:19,7.620000,10:08:34,6.660000,14:04:00,14:05:31,6.920000,+5%,09:30:19,7.620000,5.103448275862068965517241400,,True,True,False,,SIMULATED | NO REALISED CONTROL | NOT SIZE-QUALIFIED
2026-08-31,AEHL,PRIMARY,09:30:13,6.76,FROZEN FROM OPERATOR-APPROVED ROW,-1,09:30:35,7.110000,09:35:35,6.690000,09:41:00,09:42:00,6.160000,+5%,09:30:35,7.110000,5.177514792899408284023668600,,True,True,False,,SIMULATED | NO REALISED CONTROL | NOT SIZE-QUALIFIED
2026-08-31,AEHL,PRIMARY,09:30:13,6.76,FROZEN FROM OPERATOR-APPROVED ROW,-2,09:30:35,7.110000,09:35:35,6.620000,09:41:00,09:42:00,6.160000,+5%,09:30:35,7.110000,5.177514792899408284023668600,,True,True,False,,SIMULATED | NO REALISED CONTROL | NOT SIZE-QUALIFIED
2026-08-31,AEHL,PRIMARY,09:30:13,6.76,FROZEN FROM OPERATOR-APPROVED ROW,-3,09:30:35,7.110000,09:35:47,6.550000,09:41:00,09:42:00,6.160000,+5%,09:30:35,7.110000,5.177514792899408284023668600,,True,True,False,,SIMULATED | NO REALISED CONTROL | NOT SIZE-QUALIFIED
2026-08-31,AEHL,PRIMARY,09:30:13,6.76,FROZEN FROM OPERATOR-APPROVED ROW,-4,09:30:35,7.110000,09:35:47,6.480000,09:41:00,09:42:00,6.160000,+5%,09:30:35,7.110000,5.177514792899408284023668600,,True,True,False,,SIMULATED | NO REALISED CONTROL | NOT SIZE-QUALIFIED
2026-08-31,AEHL,PRIMARY,09:30:13,6.76,FROZEN FROM OPERATOR-APPROVED ROW,-5,09:30:35,7.110000,09:41:17,6.420000,09:41:00,09:42:00,6.160000,+5%,09:30:35,7.110000,5.177514792899408284023668600,,True,True,False,,SIMULATED | NO REALISED CONTROL | NOT SIZE-QUALIFIED
2026-08-31,AEHL,PRIMARY,09:30:13,6.76,FROZEN FROM OPERATOR-APPROVED ROW,-6,09:30:35,7.110000,09:41:20,6.350000,09:41:00,09:42:00,6.160000,+5%,09:30:35,7.110000,5.177514792899408284023668600,,True,True,False,,SIMULATED | NO REALISED CONTROL | NOT SIZE-QUALIFIED
2026-08-31,AEHL,PRIMARY,09:30:13,6.76,FROZEN FROM OPERATOR-APPROVED ROW,-7,09:30:35,7.110000,09:41:26,6.280000,09:41:00,09:42:00,6.160000,+5%,09:30:35,7.110000,5.177514792899408284023668600,,True,True,False,,SIMULATED | NO REALISED CONTROL | NOT SIZE-QUALIFIED
2026-08-31,AEHL,PRIMARY,09:30:13,6.76,FROZEN FROM OPERATOR-APPROVED ROW,-8,09:30:35,7.110000,09:41:39,6.210000,09:41:00,09:42:00,6.160000,+5%,09:30:35,7.110000,5.177514792899408284023668600,,True,True,False,,SIMULATED | NO REALISED CONTROL | NOT SIZE-QUALIFIED
2026-08-31,YDDL,PRIMARY,09:34:26,2.49,FROZEN FROM OPERATOR-APPROVED ROW,-1,09:35:08,2.620000,09:35:46,2.460000,09:54:00,09:55:00,2.230000,+5%,09:35:08,2.620000,5.220883534136546184738955800,,True,True,False,,SIMULATED | NO REALISED CONTROL | NOT SIZE-QUALIFIED
2026-08-31,YDDL,PRIMARY,09:34:26,2.49,FROZEN FROM OPERATOR-APPROVED ROW,-2,09:35:08,2.620000,09:36:03,2.440000,09:54:00,09:55:00,2.230000,+5%,09:35:08,2.620000,5.220883534136546184738955800,,True,True,False,,SIMULATED | NO REALISED CONTROL | NOT SIZE-QUALIFIED
2026-08-31,YDDL,PRIMARY,09:34:26,2.49,FROZEN FROM OPERATOR-APPROVED ROW,-3,09:35:08,2.620000,09:36:04,2.410000,09:54:00,09:55:00,2.230000,+5%,09:35:08,2.620000,5.220883534136546184738955800,,True,True,False,,SIMULATED | NO REALISED CONTROL | NOT SIZE-QUALIFIED
2026-08-31,YDDL,PRIMARY,09:34:26,2.49,FROZEN FROM OPERATOR-APPROVED ROW,-4,09:35:08,2.620000,09:36:05,2.390000,09:54:00,09:55:00,2.230000,+5%,09:35:08,2.620000,5.220883534136546184738955800,,True,True,False,,SIMULATED | NO REALISED CONTROL | NOT SIZE-QUALIFIED
2026-08-31,YDDL,PRIMARY,09:34:26,2.49,FROZEN FROM OPERATOR-APPROVED ROW,-5,09:35:08,2.620000,09:36:09,2.350000,09:54:00,09:55:00,2.230000,+5%,09:35:08,2.620000,5.220883534136546184738955800,,True,True,False,,SIMULATED | NO REALISED CONTROL | NOT SIZE-QUALIFIED
2026-08-31,YDDL,PRIMARY,09:34:26,2.49,FROZEN FROM OPERATOR-APPROVED ROW,-6,09:35:08,2.620000,09:36:10,2.330000,09:54:00,09:55:00,2.230000,+5%,09:35:08,2.620000,5.220883534136546184738955800,,True,True,False,,SIMULATED | NO REALISED CONTROL | NOT SIZE-QUALIFIED
2026-08-31,YDDL,PRIMARY,09:34:26,2.49,FROZEN FROM OPERATOR-APPROVED ROW,-7,09:35:08,2.620000,09:53:39,2.310000,09:54:00,09:55:00,2.230000,+5%,09:35:08,2.620000,5.220883534136546184738955800,,True,True,False,,SIMULATED | NO REALISED CONTROL | NOT SIZE-QUALIFIED
2026-08-31,YDDL,PRIMARY,09:34:26,2.49,FROZEN FROM OPERATOR-APPROVED ROW,-8,09:35:08,2.620000,09:54:19,2.290000,09:54:00,09:55:00,2.230000,+5%,09:35:08,2.620000,5.220883534136546184738955800,,True,True,False,,SIMULATED | NO REALISED CONTROL | NOT SIZE-QUALIFIED
2026-08-31,RDHL,PRIMARY,09:30:53,1.39,FROZEN FROM OPERATOR-APPROVED ROW,-1,09:35:36,1.460000,09:31:23,1.370000,09:47:00,09:48:00,1.270000,STOP,09:31:23,1.370000,-1.438848920863309352517985610,True,True,True,False,,SIMULATED | NO REALISED CONTROL | NOT SIZE-QUALIFIED
2026-08-31,RDHL,PRIMARY,09:30:53,1.39,FROZEN FROM OPERATOR-APPROVED ROW,-2,09:35:36,1.460000,09:31:23,1.360000,09:47:00,09:48:00,1.270000,STOP,09:31:23,1.360000,-2.158273381294964028776978420,True,True,True,False,,SIMULATED | NO REALISED CONTROL | NOT SIZE-QUALIFIED
2026-08-31,RDHL,PRIMARY,09:30:53,1.39,FROZEN FROM OPERATOR-APPROVED ROW,-3,09:35:36,1.460000,09:31:28,1.340000,09:47:00,09:48:00,1.270000,STOP,09:31:28,1.340000,-3.597122302158273381294964030,True,True,True,False,,SIMULATED | NO REALISED CONTROL | NOT SIZE-QUALIFIED
2026-08-31,RDHL,PRIMARY,09:30:53,1.39,FROZEN FROM OPERATOR-APPROVED ROW,-4,09:35:36,1.460000,09:31:30,1.330000,09:47:00,09:48:00,1.270000,STOP,09:31:30,1.330000,-4.316546762589928057553956830,True,True,True,False,,SIMULATED | NO REALISED CONTROL | NOT SIZE-QUALIFIED
2026-08-31,RDHL,PRIMARY,09:30:53,1.39,FROZEN FROM OPERATOR-APPROVED ROW,-5,09:35:36,1.460000,09:31:30,1.320000,09:47:00,09:48:00,1.270000,STOP,09:31:30,1.320000,-5.035971223021582733812949640,True,True,True,False,,SIMULATED | NO REALISED CONTROL | NOT SIZE-QUALIFIED
2026-08-31,RDHL,PRIMARY,09:30:53,1.39,FROZEN FROM OPERATOR-APPROVED ROW,-6,09:35:36,1.460000,09:31:30,1.300000,09:47:00,09:48:00,1.270000,STOP,09:31:30,1.300000,-6.474820143884892086330935250,True,True,True,False,,SIMULATED | NO REALISED CONTROL | NOT SIZE-QUALIFIED
2026-08-31,RDHL,PRIMARY,09:30:53,1.39,FROZEN FROM OPERATOR-APPROVED ROW,-7,09:35:36,1.460000,09:31:31,1.290000,09:47:00,09:48:00,1.270000,STOP,09:31:31,1.290000,-7.194244604316546762589928060,True,True,True,False,,SIMULATED | NO REALISED CONTROL | NOT SIZE-QUALIFIED
2026-08-31,RDHL,PRIMARY,09:30:53,1.39,FROZEN FROM OPERATOR-APPROVED ROW,-8,09:35:36,1.460000,09:41:51,1.250000,09:47:00,09:48:00,1.270000,+5%,09:35:36,1.460000,5.035971223021582733812949600,,True,True,False,,SIMULATED | NO REALISED CONTROL | NOT SIZE-QUALIFIED
2026-09-01,SSM,PRIMARY,09:37:41,3.87,FROZEN FROM OPERATOR-APPROVED ROW,-1,09:39:08,4.070000,09:51:50,3.830000,09:54:00,09:55:00,3.710000,+5%,09:39:08,4.070000,5.167958656330749354005168000,,True,True,False,,SIMULATED | NO REALISED CONTROL | NOT SIZE-QUALIFIED
2026-09-01,SSM,PRIMARY,09:37:41,3.87,FROZEN FROM OPERATOR-APPROVED ROW,-2,09:39:08,4.070000,09:51:50,3.780000,09:54:00,09:55:00,3.710000,+5%,09:39:08,4.070000,5.167958656330749354005168000,,True,True,False,,SIMULATED | NO REALISED CONTROL | NOT SIZE-QUALIFIED
2026-09-01,SSM,PRIMARY,09:37:41,3.87,FROZEN FROM OPERATOR-APPROVED ROW,-3,09:39:08,4.070000,09:54:17,3.750000,09:54:00,09:55:00,3.710000,+5%,09:39:08,4.070000,5.167958656330749354005168000,,True,True,False,,SIMULATED | NO REALISED CONTROL | NOT SIZE-QUALIFIED
2026-09-01,SSM,PRIMARY,09:37:41,3.87,FROZEN FROM OPERATOR-APPROVED ROW,-4,09:39:08,4.070000,09:54:31,3.710000,09:54:00,09:55:00,3.710000,+5%,09:39:08,4.070000,5.167958656330749354005168000,,True,True,False,,SIMULATED | NO REALISED CONTROL | NOT SIZE-QUALIFIED
2026-09-01,SSM,PRIMARY,09:37:41,3.87,FROZEN FROM OPERATOR-APPROVED ROW,-5,09:39:08,4.070000,-,,09:54:00,09:55:00,3.710000,+5%,09:39:08,4.070000,5.167958656330749354005168000,,True,True,False,,SIMULATED | NO REALISED CONTROL | NOT SIZE-QUALIFIED
2026-09-01,SSM,PRIMARY,09:37:41,3.87,FROZEN FROM OPERATOR-APPROVED ROW,-6,09:39:08,4.070000,-,,09:54:00,09:55:00,3.710000,+5%,09:39:08,4.070000,5.167958656330749354005168000,,True,True,False,,SIMULATED | NO REALISED CONTROL | NOT SIZE-QUALIFIED
2026-09-01,SSM,PRIMARY,09:37:41,3.87,FROZEN FROM OPERATOR-APPROVED ROW,-7,09:39:08,4.070000,-,,09:54:00,09:55:00,3.710000,+5%,09:39:08,4.070000,5.167958656330749354005168000,,True,True,False,,SIMULATED | NO REALISED CONTROL | NOT SIZE-QUALIFIED
2026-09-01,SSM,PRIMARY,09:37:41,3.87,FROZEN FROM OPERATOR-APPROVED ROW,-8,09:39:08,4.070000,-,,09:54:00,09:55:00,3.710000,+5%,09:39:08,4.070000,5.167958656330749354005168000,,True,True,False,,SIMULATED | NO REALISED CONTROL | NOT SIZE-QUALIFIED
2026-09-02,VIVK,PRIMARY,09:30:29,1.11,FROZEN FROM OPERATOR-APPROVED ROW,-1,-,,09:30:48,1.090000,09:32:00,09:33:00,1.010000,STOP,09:30:48,1.090000,-1.801801801801801801801801800,,False,True,False,,SIMULATED | NO REALISED CONTROL | NOT SIZE-QUALIFIED
2026-09-02,VIVK,PRIMARY,09:30:29,1.11,FROZEN FROM OPERATOR-APPROVED ROW,-2,-,,09:30:48,1.080000,09:32:00,09:33:00,1.010000,STOP,09:30:48,1.080000,-2.702702702702702702702702700,,False,True,False,,SIMULATED | NO REALISED CONTROL | NOT SIZE-QUALIFIED
2026-09-02,VIVK,PRIMARY,09:30:29,1.11,FROZEN FROM OPERATOR-APPROVED ROW,-3,-,,09:31:27,1.070000,09:32:00,09:33:00,1.010000,STOP,09:31:27,1.070000,-3.603603603603603603603603600,,False,True,False,,SIMULATED | NO REALISED CONTROL | NOT SIZE-QUALIFIED
2026-09-02,VIVK,PRIMARY,09:30:29,1.11,FROZEN FROM OPERATOR-APPROVED ROW,-4,-,,09:32:13,1.060000,09:32:00,09:33:00,1.010000,STOP,09:32:13,1.060000,-4.504504504504504504504504500,,False,True,False,,SIMULATED | NO REALISED CONTROL | NOT SIZE-QUALIFIED
2026-09-02,VIVK,PRIMARY,09:30:29,1.11,FROZEN FROM OPERATOR-APPROVED ROW,-5,-,,09:32:13,1.050000,09:32:00,09:33:00,1.010000,STOP,09:32:13,1.050000,-5.405405405405405405405405410,,False,True,False,,SIMULATED | NO REALISED CONTROL | NOT SIZE-QUALIFIED
2026-09-02,VIVK,PRIMARY,09:30:29,1.11,FROZEN FROM OPERATOR-APPROVED ROW,-6,-,,09:32:13,1.040000,09:32:00,09:33:00,1.010000,STOP,09:32:13,1.040000,-6.306306306306306306306306310,,False,True,False,,SIMULATED | NO REALISED CONTROL | NOT SIZE-QUALIFIED
2026-09-02,VIVK,PRIMARY,09:30:29,1.11,FROZEN FROM OPERATOR-APPROVED ROW,-7,-,,09:32:54,1.030000,09:32:00,09:33:00,1.010000,STOP,09:32:54,1.030000,-7.207207207207207207207207210,,False,True,False,,SIMULATED | NO REALISED CONTROL | NOT SIZE-QUALIFIED
2026-09-02,VIVK,PRIMARY,09:30:29,1.11,FROZEN FROM OPERATOR-APPROVED ROW,-8,-,,09:32:59,1.020000,09:32:00,09:33:00,1.010000,STOP,09:32:59,1.020000,-8.108108108108108108108108110,,False,True,False,,SIMULATED | NO REALISED CONTROL | NOT SIZE-QUALIFIED
2026-08-27,PPCB,PPCB_SEPARATE,09:32:00,3.780000,ASSUMED FIRST POSITIVE ASK AT/AFTER OPERATOR-SUPPLIED 09:32 ATR FLIP (09:32:00 ET),-1,09:32:38,3.970000,09:32:00,3.740000,09:49:00,09:50:01,3.310000,STOP,09:32:00,3.740000,-1.058201058201058201058201060,True,True,True,False,,SIMULATED | NO REALISED CONTROL | NOT SIZE-QUALIFIED
2026-08-27,PPCB,PPCB_SEPARATE,09:32:00,3.780000,ASSUMED FIRST POSITIVE ASK AT/AFTER OPERATOR-SUPPLIED 09:32 ATR FLIP (09:32:00 ET),-2,09:32:38,3.970000,09:32:01,3.700000,09:49:00,09:50:01,3.310000,STOP,09:32:01,3.700000,-2.116402116402116402116402120,True,True,True,False,,SIMULATED | NO REALISED CONTROL | NOT SIZE-QUALIFIED
2026-08-27,PPCB,PPCB_SEPARATE,09:32:00,3.780000,ASSUMED FIRST POSITIVE ASK AT/AFTER OPERATOR-SUPPLIED 09:32 ATR FLIP (09:32:00 ET),-3,09:32:38,3.970000,09:32:03,3.660000,09:49:00,09:50:01,3.310000,STOP,09:32:03,3.660000,-3.174603174603174603174603170,True,True,True,False,,SIMULATED | NO REALISED CONTROL | NOT SIZE-QUALIFIED
2026-08-27,PPCB,PPCB_SEPARATE,09:32:00,3.780000,ASSUMED FIRST POSITIVE ASK AT/AFTER OPERATOR-SUPPLIED 09:32 ATR FLIP (09:32:00 ET),-4,09:32:38,3.970000,09:34:54,3.620000,09:49:00,09:50:01,3.310000,+5%,09:32:38,3.970000,5.026455026455026455026455000,,True,True,False,,SIMULATED | NO REALISED CONTROL | NOT SIZE-QUALIFIED
2026-08-27,PPCB,PPCB_SEPARATE,09:32:00,3.780000,ASSUMED FIRST POSITIVE ASK AT/AFTER OPERATOR-SUPPLIED 09:32 ATR FLIP (09:32:00 ET),-5,09:32:38,3.970000,09:34:56,3.590000,09:49:00,09:50:01,3.310000,+5%,09:32:38,3.970000,5.026455026455026455026455000,,True,True,False,,SIMULATED | NO REALISED CONTROL | NOT SIZE-QUALIFIED
2026-08-27,PPCB,PPCB_SEPARATE,09:32:00,3.780000,ASSUMED FIRST POSITIVE ASK AT/AFTER OPERATOR-SUPPLIED 09:32 ATR FLIP (09:32:00 ET),-6,09:32:38,3.970000,09:34:57,3.550000,09:49:00,09:50:01,3.310000,+5%,09:32:38,3.970000,5.026455026455026455026455000,,True,True,False,,SIMULATED | NO REALISED CONTROL | NOT SIZE-QUALIFIED
2026-08-27,PPCB,PPCB_SEPARATE,09:32:00,3.780000,ASSUMED FIRST POSITIVE ASK AT/AFTER OPERATOR-SUPPLIED 09:32 ATR FLIP (09:32:00 ET),-7,09:32:38,3.970000,09:34:57,3.510000,09:49:00,09:50:01,3.310000,+5%,09:32:38,3.970000,5.026455026455026455026455000,,True,True,False,,SIMULATED | NO REALISED CONTROL | NOT SIZE-QUALIFIED
2026-08-27,PPCB,PPCB_SEPARATE,09:32:00,3.780000,ASSUMED FIRST POSITIVE ASK AT/AFTER OPERATOR-SUPPLIED 09:32 ATR FLIP (09:32:00 ET),-8,09:32:38,3.970000,09:34:57,3.470000,09:49:00,09:50:01,3.310000,+5%,09:32:38,3.970000,5.026455026455026455026455000,,True,True,False,,SIMULATED | NO REALISED CONTROL | NOT SIZE-QUALIFIED
