symbol,date,chg_9am_pct,config,entry_time_ET,entry_px,exit_time_ET,exit_px,exit_reason,pnl_pct,pnl_usd,mfe_pct,mae_pct,hold_sec,spread,short_seg_bars
IQST,2026-06-25,41.7,+2%,2026-06-25 09:04:24,1.64,09:08:31,1.5,ATR_FLIP,-8.537,-1.4,0.0,-8.537,247,0.01,8
IQST,2026-06-25,41.7,+3%,2026-06-25 09:04:24,1.64,09:08:31,1.5,ATR_FLIP,-8.537,-1.4,0.0,-8.537,247,0.01,8
IQST,2026-06-25,41.7,flip_only,2026-06-25 09:04:24,1.64,09:08:31,1.5,ATR_FLIP,-8.537,-1.4,0.0,-8.537,247,0.01,8
IQST,2026-06-25,41.7,+2%,2026-06-25 09:16:20,1.47,09:17:20,1.4994,TARGET,2.0,0.294,11.565,-4.082,60,0.01,18
IQST,2026-06-25,41.7,+3%,2026-06-25 09:16:20,1.47,09:22:47,1.47,ATR_FLIP,0.0,0.0,11.565,-4.082,387,0.01,18
IQST,2026-06-25,41.7,flip_only,2026-06-25 09:16:20,1.47,09:22:47,1.47,ATR_FLIP,0.0,0.0,11.565,-4.082,387,0.01,18
AZI,2026-06-25,57.0,+2%,2026-06-25 09:21:47,1.88,09:31:17,1.82,ATR_FLIP,-3.191,-0.6,10.106,-11.17,569,0.01,15
AZI,2026-06-25,57.0,+3%,2026-06-25 09:21:47,1.88,09:31:17,1.82,ATR_FLIP,-3.191,-0.6,10.106,-11.17,569,0.01,15
AZI,2026-06-25,57.0,flip_only,2026-06-25 09:21:47,1.88,09:31:17,1.82,ATR_FLIP,-3.191,-0.6,10.106,-11.17,569,0.01,15
FCUV,2026-06-25,32.4,+2%,2026-06-25 09:24:28,6.05,09:31:01,5.77,ATR_FLIP,-4.628,-2.8,1.157,-4.628,393,0.03,5
FCUV,2026-06-25,32.4,+3%,2026-06-25 09:24:28,6.05,09:31:01,5.77,ATR_FLIP,-4.628,-2.8,1.157,-4.628,393,0.03,5
FCUV,2026-06-25,32.4,flip_only,2026-06-25 09:24:28,6.05,09:31:01,5.77,ATR_FLIP,-4.628,-2.8,1.157,-4.628,393,0.03,5
KUST,2026-06-25,57.7,+2%,2026-06-25 09:30:56,2.27,09:31:50,2.3154,TARGET,2.0,0.454,11.454,-8.357,53,0.01,119
KUST,2026-06-25,57.7,+3%,2026-06-25 09:30:56,2.27,09:31:51,2.3381,TARGET,3.0,0.681,11.454,-8.357,54,0.01,119
KUST,2026-06-25,57.7,flip_only,2026-06-25 09:30:56,2.27,09:41:43,2.09,ATR_FLIP,-7.93,-1.8,11.454,-8.357,646,0.01,119
FCUV,2026-06-25,32.4,+2%,2026-06-25 09:36:11,6.27,09:37:36,6.3954,TARGET,2.0,1.254,6.539,-12.44,85,0.05,15
FCUV,2026-06-25,32.4,+3%,2026-06-25 09:36:11,6.27,09:37:38,6.4581,TARGET,3.0,1.881,6.539,-12.44,87,0.05,15
FCUV,2026-06-25,32.4,flip_only,2026-06-25 09:36:11,6.27,09:48:59,5.48,ATR_FLIP,-12.6,-7.9,6.539,-12.44,768,0.05,15
IQST,2026-06-25,41.7,+2%,2026-06-25 09:40:37,1.53,09:41:02,1.5606,TARGET,2.0,0.306,3.268,-13.725,25,0.01,56
IQST,2026-06-25,41.7,+3%,2026-06-25 09:40:37,1.53,09:41:03,1.5759,TARGET,3.0,0.459,3.268,-13.725,25,0.01,56
IQST,2026-06-25,41.7,flip_only,2026-06-25 09:40:37,1.53,09:48:58,1.32,ATR_FLIP,-13.725,-2.1,3.268,-13.725,501,0.01,56
AZI,2026-06-25,57.0,+2%,2026-06-25 09:46:05,1.89,09:46:21,1.9278,TARGET,2.0,0.378,6.878,-7.937,16,0.01,27
AZI,2026-06-25,57.0,+3%,2026-06-25 09:46:05,1.89,09:46:21,1.9467,TARGET,3.0,0.567,6.878,-7.937,16,0.01,27
AZI,2026-06-25,57.0,flip_only,2026-06-25 09:46:05,1.89,10:53:59,1.79,ATR_FLIP,-5.291,-1.0,6.878,-7.937,4073,0.01,27
FCUV,2026-06-25,32.4,+2%,2026-06-25 10:03:03,5.9,10:03:03,6.018,TARGET,2.0,1.18,20.847,-5.085,0,0.04,75
FCUV,2026-06-25,32.4,+3%,2026-06-25 10:03:03,5.9,10:03:12,6.077,TARGET,3.0,1.77,20.847,-5.085,8,0.04,75
FCUV,2026-06-25,32.4,flip_only,2026-06-25 10:03:03,5.9,11:20:21,5.98,ATR_FLIP,1.356,0.8,20.847,-5.085,4638,0.04,75
IQST,2026-06-25,41.7,+2%,2026-06-25 10:44:12,1.36,10:57:55,1.29,ATR_FLIP,-5.147,-0.7,1.471,-5.147,823,0.01,21
IQST,2026-06-25,41.7,+3%,2026-06-25 10:44:12,1.36,10:57:55,1.29,ATR_FLIP,-5.147,-0.7,1.471,-5.147,823,0.01,21
IQST,2026-06-25,41.7,flip_only,2026-06-25 10:44:12,1.36,10:57:55,1.29,ATR_FLIP,-5.147,-0.7,1.471,-5.147,823,0.01,21
MIMI,2026-06-25,60.9,+2%,2026-06-25 10:57:56,3.34,11:27:47,3.21,ATR_FLIP,-3.892,-1.3,1.198,-4.192,1790,0.02,32
MIMI,2026-06-25,60.9,+3%,2026-06-25 10:57:56,3.34,11:27:47,3.21,ATR_FLIP,-3.892,-1.3,1.198,-4.192,1790,0.02,32
MIMI,2026-06-25,60.9,flip_only,2026-06-25 10:57:56,3.34,11:27:47,3.21,ATR_FLIP,-3.892,-1.3,1.198,-4.192,1790,0.02,32
IQST,2026-06-25,41.7,+2%,2026-06-25 11:18:08,1.35,11:43:51,1.3,ATR_FLIP,-3.704,-0.5,2.222,-3.704,1543,0.01,27
IQST,2026-06-25,41.7,+3%,2026-06-25 11:18:08,1.35,11:43:51,1.3,ATR_FLIP,-3.704,-0.5,2.222,-3.704,1543,0.01,27
IQST,2026-06-25,41.7,flip_only,2026-06-25 11:18:08,1.35,11:43:51,1.3,ATR_FLIP,-3.704,-0.5,2.222,-3.704,1543,0.01,27
AZI,2026-06-25,57.0,+2%,2026-06-25 11:20:08,1.91,11:21:49,1.9482,TARGET,2.0,0.382,8.377,-3.665,100,0.01,31
AZI,2026-06-25,57.0,+3%,2026-06-25 11:20:08,1.91,11:25:07,1.9673,TARGET,3.0,0.573,8.377,-3.665,298,0.01,31
AZI,2026-06-25,57.0,flip_only,2026-06-25 11:20:08,1.91,11:30:22,1.84,ATR_FLIP,-3.665,-0.7,8.377,-3.665,613,0.01,31
KUST,2026-06-25,57.7,+2%,2026-06-25 11:40:09,1.66,12:21:34,1.6932,TARGET,2.0,0.332,4.819,-4.217,2485,0.02,43
KUST,2026-06-25,57.7,+3%,2026-06-25 11:40:09,1.66,12:25:35,1.7098,TARGET,3.0,0.498,4.819,-4.217,2726,0.02,43
KUST,2026-06-25,57.7,flip_only,2026-06-25 11:40:09,1.66,13:18:41,1.63,ATR_FLIP,-1.807,-0.3,4.819,-4.217,5912,0.02,43
MIMI,2026-06-25,60.9,+2%,2026-06-25 11:59:26,3.47,12:04:23,3.5394,TARGET,2.0,0.694,3.746,-4.035,296,0.01,33
MIMI,2026-06-25,60.9,+3%,2026-06-25 11:59:26,3.47,12:19:20,3.35,ATR_FLIP,-3.458,-1.2,3.746,-4.035,1194,0.01,33
MIMI,2026-06-25,60.9,flip_only,2026-06-25 11:59:26,3.47,12:19:20,3.35,ATR_FLIP,-3.458,-1.2,3.746,-4.035,1194,0.01,33
AZI,2026-06-25,57.0,+2%,2026-06-25 12:01:58,1.9,12:04:40,1.938,TARGET,2.0,0.38,10.526,-0.526,161,0.01,48
AZI,2026-06-25,57.0,+3%,2026-06-25 12:01:58,1.9,12:04:49,1.957,TARGET,3.0,0.57,10.526,-0.526,170,0.01,48
AZI,2026-06-25,57.0,flip_only,2026-06-25 12:01:58,1.9,13:10:31,1.89,ATR_FLIP,-0.526,-0.1,10.526,-0.526,4112,0.01,48
IQST,2026-06-25,41.7,+2%,2026-06-25 12:10:32,1.35,12:10:47,1.377,TARGET,2.0,0.27,26.667,-2.222,15,0.01,25
IQST,2026-06-25,41.7,+3%,2026-06-25 12:10:32,1.35,12:24:48,1.3905,TARGET,3.0,0.405,26.667,-2.222,855,0.01,25
IQST,2026-06-25,41.7,flip_only,2026-06-25 12:10:32,1.35,13:04:39,1.47,ATR_FLIP,8.889,1.2,26.667,-2.222,3247,0.01,25
FCUV,2026-06-25,32.4,+2%,2026-06-25 12:35:56,5.62,12:52:18,5.7324,TARGET,2.0,1.124,11.566,-5.16,981,0.09,88
FCUV,2026-06-25,32.4,+3%,2026-06-25 12:35:56,5.62,12:52:21,5.7886,TARGET,3.0,1.686,11.566,-5.16,985,0.09,88
FCUV,2026-06-25,32.4,flip_only,2026-06-25 12:35:56,5.62,14:33:45,5.87,ATR_FLIP,4.448,2.5,11.566,-5.16,7068,0.09,88
MIMI,2026-06-25,60.9,+2%,2026-06-25 12:52:42,3.43,13:35:36,3.33,ATR_FLIP,-2.915,-1.0,1.458,-2.915,2573,0.02,39
MIMI,2026-06-25,60.9,+3%,2026-06-25 12:52:42,3.43,13:35:36,3.33,ATR_FLIP,-2.915,-1.0,1.458,-2.915,2573,0.02,39
MIMI,2026-06-25,60.9,flip_only,2026-06-25 12:52:42,3.43,13:35:36,3.33,ATR_FLIP,-2.915,-1.0,1.458,-2.915,2573,0.02,39
IQST,2026-06-25,41.7,+2%,2026-06-25 13:29:00,1.58,14:05:41,1.6116,TARGET,2.0,0.316,3.797,-3.481,2200,0.01,7
IQST,2026-06-25,41.7,+3%,2026-06-25 13:29:00,1.58,14:05:48,1.6274,TARGET,3.0,0.474,3.797,-3.481,2207,0.01,7
IQST,2026-06-25,41.7,flip_only,2026-06-25 13:29:00,1.58,14:46:12,1.52,ATR_FLIP,-3.797,-0.6,3.797,-3.481,4632,0.01,7
AZI,2026-06-25,57.0,+2%,2026-06-25 13:58:07,1.95,14:03:07,1.989,TARGET,2.0,0.39,2.559,-2.051,299,0.01,21
AZI,2026-06-25,57.0,+3%,2026-06-25 13:58:07,1.95,14:10:34,1.91,ATR_FLIP,-2.051,-0.4,2.559,-2.051,746,0.01,21
AZI,2026-06-25,57.0,flip_only,2026-06-25 13:58:07,1.95,14:10:34,1.91,ATR_FLIP,-2.051,-0.4,2.559,-2.051,746,0.01,21
KUST,2026-06-25,57.7,+2%,2026-06-25 14:01:06,1.6,14:33:09,1.54,ATR_FLIP,-3.75,-0.6,1.25,-4.375,1923,0.01,44
KUST,2026-06-25,57.7,+3%,2026-06-25 14:01:06,1.6,14:33:09,1.54,ATR_FLIP,-3.75,-0.6,1.25,-4.375,1923,0.01,44
KUST,2026-06-25,57.7,flip_only,2026-06-25 14:01:06,1.6,14:33:09,1.54,ATR_FLIP,-3.75,-0.6,1.25,-4.375,1923,0.01,44
MIMI,2026-06-25,60.9,+2%,2026-06-25 14:15:35,3.38,14:29:57,3.4476,TARGET,2.0,0.676,4.734,-0.74,861,0.03,62
MIMI,2026-06-25,60.9,+3%,2026-06-25 14:15:35,3.38,14:30:46,3.4814,TARGET,3.0,1.014,4.734,-0.74,910,0.03,62
MIMI,2026-06-25,60.9,flip_only,2026-06-25 14:15:35,3.38,14:49:20,3.41,ATR_FLIP,0.888,0.3,4.734,-0.74,2024,0.03,62
AZI,2026-06-25,57.0,+2%,2026-06-25 14:31:54,1.98,14:39:12,2.0196,TARGET,2.0,0.396,9.086,-1.01,437,0.01,21
AZI,2026-06-25,57.0,+3%,2026-06-25 14:31:54,1.98,14:39:12,2.0394,TARGET,3.0,0.594,9.086,-1.01,437,0.01,21
AZI,2026-06-25,57.0,flip_only,2026-06-25 14:31:54,1.98,15:04:09,1.97,ATR_FLIP,-0.505,-0.1,9.086,-1.01,1935,0.01,21
IQST,2026-06-25,41.7,+2%,2026-06-25 14:53:01,1.55,15:18:31,1.581,TARGET,2.0,0.31,3.871,-1.935,1530,-0.01,26
IQST,2026-06-25,41.7,+3%,2026-06-25 14:53:01,1.55,15:25:27,1.5965,TARGET,3.0,0.465,3.871,-1.935,1945,-0.01,26
IQST,2026-06-25,41.7,flip_only,2026-06-25 14:53:01,1.55,15:35:30,1.53,ATR_FLIP,-1.29,-0.2,3.871,-1.935,2549,-0.01,26
KUST,2026-06-25,57.7,+2%,2026-06-25 15:17:19,1.5,15:30:18,1.44,ATR_FLIP,-4.0,-0.6,0.0,-4.0,778,0.01,19
KUST,2026-06-25,57.7,+3%,2026-06-25 15:17:19,1.5,15:30:18,1.44,ATR_FLIP,-4.0,-0.6,0.0,-4.0,778,0.01,19
KUST,2026-06-25,57.7,flip_only,2026-06-25 15:17:19,1.5,15:30:18,1.44,ATR_FLIP,-4.0,-0.6,0.0,-4.0,778,0.01,19
AZI,2026-06-25,57.0,+2%,2026-06-25 15:25:51,2.03,15:46:21,1.98,ATR_FLIP,-2.463,-0.5,2.463,-2.463,1229,0.01,15
AZI,2026-06-25,57.0,+3%,2026-06-25 15:25:51,2.03,15:46:21,1.98,ATR_FLIP,-2.463,-0.5,2.463,-2.463,1229,0.01,15
AZI,2026-06-25,57.0,flip_only,2026-06-25 15:25:51,2.03,15:46:21,1.98,ATR_FLIP,-2.463,-0.5,2.463,-2.463,1229,0.01,15
KUST,2026-06-25,57.7,+2%,2026-06-25 15:49:42,1.33,15:59:39,1.3566,TARGET,2.0,0.266,9.774,-2.256,597,0.01,
KUST,2026-06-25,57.7,+3%,2026-06-25 15:49:42,1.33,15:59:49,1.3699,TARGET,3.0,0.399,9.774,-2.256,606,0.01,
KUST,2026-06-25,57.7,flip_only,2026-06-25 15:49:42,1.33,16:00:00,1.42,EOD,6.767,0.9,9.774,-2.256,617,0.01,
MIMI,2026-06-25,60.9,+2%,2026-06-25 15:51:40,3.35,16:00:00,3.18,EOD,-5.075,-1.7,-0.299,-5.075,499,0.07,
MIMI,2026-06-25,60.9,+3%,2026-06-25 15:51:40,3.35,16:00:00,3.18,EOD,-5.075,-1.7,-0.299,-5.075,499,0.07,
MIMI,2026-06-25,60.9,flip_only,2026-06-25 15:51:40,3.35,16:00:00,3.18,EOD,-5.075,-1.7,-0.299,-5.075,499,0.07,
IVF,2026-06-26,48.4,+2%,2026-06-26 09:00:04,1.86,09:11:05,1.81,ATR_FLIP,-2.688,-0.5,1.613,-2.688,661,0.01,17
IVF,2026-06-26,48.4,+3%,2026-06-26 09:00:04,1.86,09:11:05,1.81,ATR_FLIP,-2.688,-0.5,1.613,-2.688,661,0.01,17
IVF,2026-06-26,48.4,flip_only,2026-06-26 09:00:04,1.86,09:11:05,1.81,ATR_FLIP,-2.688,-0.5,1.613,-2.688,661,0.01,17
IVF,2026-06-26,48.4,+2%,2026-06-26 09:28:43,1.89,09:30:21,1.9278,TARGET,2.0,0.378,2.646,-3.704,98,0.01,20
IVF,2026-06-26,48.4,+3%,2026-06-26 09:28:43,1.89,09:31:32,1.82,ATR_FLIP,-3.704,-0.7,2.646,-3.704,168,0.01,20
IVF,2026-06-26,48.4,flip_only,2026-06-26 09:28:43,1.89,09:31:32,1.82,ATR_FLIP,-3.704,-0.7,2.646,-3.704,168,0.01,20
IVF,2026-06-26,48.4,+2%,2026-06-26 09:51:03,2.09,09:51:03,2.1318,TARGET,2.0,0.418,14.833,-6.694,0,0.01,56
IVF,2026-06-26,48.4,+3%,2026-06-26 09:51:03,2.09,09:51:03,2.1527,TARGET,3.0,0.627,14.833,-6.694,0,0.01,56
IVF,2026-06-26,48.4,flip_only,2026-06-26 09:51:03,2.09,10:21:05,1.99,ATR_FLIP,-4.785,-1.0,14.833,-6.694,1802,0.01,56
SHPH,2026-06-26,38.4,+2%,2026-06-26 10:46:15,4.82,10:47:26,4.9164,TARGET,2.0,0.964,17.633,-3.527,70,0.06,27
SHPH,2026-06-26,38.4,+3%,2026-06-26 10:46:15,4.82,10:49:00,4.9646,TARGET,3.0,1.446,17.633,-3.527,164,0.06,27
SHPH,2026-06-26,38.4,flip_only,2026-06-26 10:46:15,4.82,11:15:25,4.69,ATR_FLIP,-2.697,-1.3,17.633,-3.527,1749,0.06,27
SDOT,2026-06-26,49.6,+2%,2026-06-26 11:00:08,10.99,11:00:34,11.2098,TARGET,2.0,2.198,9.19,-3.458,25,0.1,29
SDOT,2026-06-26,49.6,+3%,2026-06-26 11:00:08,10.99,11:01:23,11.3197,TARGET,3.0,3.297,9.19,-3.458,74,0.1,29
SDOT,2026-06-26,49.6,flip_only,2026-06-26 11:00:08,10.99,11:10:21,10.61,ATR_FLIP,-3.458,-3.8,9.19,-3.458,613,0.1,29
IVF,2026-06-26,48.4,+2%,2026-06-26 11:17:40,2.1,12:07:08,2.142,TARGET,2.0,0.42,4.281,-4.762,2967,0.01,18
IVF,2026-06-26,48.4,+3%,2026-06-26 11:17:40,2.1,12:07:09,2.163,TARGET,3.0,0.63,4.281,-4.762,2968,0.01,18
IVF,2026-06-26,48.4,flip_only,2026-06-26 11:17:40,2.1,12:27:31,2.03,ATR_FLIP,-3.333,-0.7,4.281,-4.762,4191,0.01,18
SDOT,2026-06-26,49.6,+2%,2026-06-26 11:39:07,11.6,11:54:28,11.832,TARGET,2.0,2.32,33.361,-7.672,920,0.07,24
SDOT,2026-06-26,49.6,+3%,2026-06-26 11:39:07,11.6,11:54:45,11.948,TARGET,3.0,3.48,33.361,-7.672,938,0.07,24
SDOT,2026-06-26,49.6,flip_only,2026-06-26 11:39:07,11.6,13:16:37,13.0,ATR_FLIP,12.069,14.0,33.361,-7.672,5850,0.07,24
SHPH,2026-06-26,38.4,+2%,2026-06-26 11:42:50,4.79,11:43:18,4.8858,TARGET,2.0,0.958,11.691,-2.296,28,0.06,97
SHPH,2026-06-26,38.4,+3%,2026-06-26 11:42:50,4.79,11:44:39,4.9337,TARGET,3.0,1.437,11.691,-2.296,108,0.06,97
SHPH,2026-06-26,38.4,flip_only,2026-06-26 11:42:50,4.79,12:31:48,4.88,ATR_FLIP,1.879,0.9,11.691,-2.296,2938,0.06,97
IVF,2026-06-26,48.4,+2%,2026-06-26 12:45:29,2.09,13:24:08,2.06,ATR_FLIP,-1.435,-0.3,2.392,-1.914,2318,0.01,18
IVF,2026-06-26,48.4,+3%,2026-06-26 12:45:29,2.09,13:24:08,2.06,ATR_FLIP,-1.435,-0.3,2.392,-1.914,2318,0.01,18
IVF,2026-06-26,48.4,flip_only,2026-06-26 12:45:29,2.09,13:24:08,2.06,ATR_FLIP,-1.435,-0.3,2.392,-1.914,2318,0.01,18
SDOT,2026-06-26,49.6,+2%,2026-06-26 13:40:32,13.65,13:41:29,13.923,TARGET,2.0,2.73,66.667,-1.758,57,0.09,5
SDOT,2026-06-26,49.6,+3%,2026-06-26 13:40:32,13.65,13:49:29,14.0595,TARGET,3.0,4.095,66.667,-1.758,537,0.09,5
SDOT,2026-06-26,49.6,flip_only,2026-06-26 13:40:32,13.65,15:47:22,18.7,ATR_FLIP,36.996,50.5,66.667,-1.758,7610,0.09,5
IVF,2026-06-26,48.4,+2%,2026-06-26 13:42:29,2.13,13:45:55,2.1726,TARGET,2.0,0.426,46.009,-3.286,205,0.01,28
IVF,2026-06-26,48.4,+3%,2026-06-26 13:42:29,2.13,14:28:51,2.1939,TARGET,3.0,0.639,46.009,-3.286,2781,0.01,28
IVF,2026-06-26,48.4,flip_only,2026-06-26 13:42:29,2.13,15:27:42,2.49,ATR_FLIP,16.901,3.6,46.009,-3.286,6312,0.01,28
SHPH,2026-06-26,38.4,+2%,2026-06-26 14:08:30,4.39,14:33:23,4.16,ATR_FLIP,-5.239,-2.3,0.0,-5.467,1493,0.1,20
SHPH,2026-06-26,38.4,+3%,2026-06-26 14:08:30,4.39,14:33:23,4.16,ATR_FLIP,-5.239,-2.3,0.0,-5.467,1493,0.1,20
SHPH,2026-06-26,38.4,flip_only,2026-06-26 14:08:30,4.39,14:33:23,4.16,ATR_FLIP,-5.239,-2.3,0.0,-5.467,1493,0.1,20
SHPH,2026-06-26,38.4,+2%,2026-06-26 14:53:05,4.2,15:17:31,4.06,ATR_FLIP,-3.333,-1.4,1.429,-3.571,1466,0.04,41
SHPH,2026-06-26,38.4,+3%,2026-06-26 14:53:05,4.2,15:17:31,4.06,ATR_FLIP,-3.333,-1.4,1.429,-3.571,1466,0.04,41
SHPH,2026-06-26,38.4,flip_only,2026-06-26 14:53:05,4.2,15:17:31,4.06,ATR_FLIP,-3.333,-1.4,1.429,-3.571,1466,0.04,41
IVF,2026-06-26,48.4,+2%,2026-06-26 15:55:41,2.66,16:00:00,2.43,EOD,-8.647,-2.3,0.0,-9.023,258,0.01,
IVF,2026-06-26,48.4,+3%,2026-06-26 15:55:41,2.66,16:00:00,2.43,EOD,-8.647,-2.3,0.0,-9.023,258,0.01,
IVF,2026-06-26,48.4,flip_only,2026-06-26 15:55:41,2.66,16:00:00,2.43,EOD,-8.647,-2.3,0.0,-9.023,258,0.01,
SHPH,2026-06-26,38.4,+2%,2026-06-26 15:59:56,4.04,16:00:00,3.97,EOD,-1.733,-0.7,0.495,-2.475,3,0.08,
SHPH,2026-06-26,38.4,+3%,2026-06-26 15:59:56,4.04,16:00:00,3.97,EOD,-1.733,-0.7,0.495,-2.475,3,0.08,
SHPH,2026-06-26,38.4,flip_only,2026-06-26 15:59:56,4.04,16:00:00,3.97,EOD,-1.733,-0.7,0.495,-2.475,3,0.08,
DCOY,2026-06-29,130.9,+2%,2026-06-29 09:17:23,12.76,09:31:23,13.0152,TARGET,2.0,2.552,6.348,-9.326,840,0.19,35
DCOY,2026-06-29,130.9,+3%,2026-06-29 09:17:23,12.76,09:31:23,13.1428,TARGET,3.0,3.828,6.348,-9.326,840,0.19,35
DCOY,2026-06-29,130.9,flip_only,2026-06-29 09:17:23,12.76,09:36:51,11.91,ATR_FLIP,-6.661,-8.5,6.348,-9.326,1167,0.19,35
DCOY,2026-06-29,130.9,+2%,2026-06-29 10:15:53,11.55,11:03:53,10.55,ATR_FLIP,-8.658,-10.0,2.338,-8.398,2879,0.1,43
DCOY,2026-06-29,130.9,+3%,2026-06-29 10:15:53,11.55,11:03:53,10.55,ATR_FLIP,-8.658,-10.0,2.338,-8.398,2879,0.1,43
DCOY,2026-06-29,130.9,flip_only,2026-06-29 10:15:53,11.55,11:03:53,10.55,ATR_FLIP,-8.658,-10.0,2.338,-8.398,2879,0.1,43
UPC,2026-06-29,315.1,+2%,2026-06-29 11:08:01,13.88,11:52:35,12.25,ATR_FLIP,-11.744,-16.3,1.729,-11.744,2673,0.18,38
UPC,2026-06-29,315.1,+3%,2026-06-29 11:08:01,13.88,11:52:35,12.25,ATR_FLIP,-11.744,-16.3,1.729,-11.744,2673,0.18,38
UPC,2026-06-29,315.1,flip_only,2026-06-29 11:08:01,13.88,11:52:35,12.25,ATR_FLIP,-11.744,-16.3,1.729,-11.744,2673,0.18,38
DCOY,2026-06-29,130.9,+2%,2026-06-29 11:46:51,10.29,12:24:29,10.4958,TARGET,2.0,2.058,5.248,-5.442,2258,0.19,7
DCOY,2026-06-29,130.9,+3%,2026-06-29 11:46:51,10.29,12:25:23,10.5987,TARGET,3.0,3.087,5.248,-5.442,2311,0.19,7
DCOY,2026-06-29,130.9,flip_only,2026-06-29 11:46:51,10.29,12:39:38,10.21,ATR_FLIP,-0.777,-0.8,5.248,-5.442,3166,0.19,7
UPC,2026-06-29,315.1,+2%,2026-06-29 12:30:52,11.62,12:31:00,11.8524,TARGET,2.0,2.324,9.122,-1.893,8,0.02,20
UPC,2026-06-29,315.1,+3%,2026-06-29 12:30:52,11.62,12:31:04,11.9686,TARGET,3.0,3.486,9.122,-1.893,12,0.02,20
UPC,2026-06-29,315.1,flip_only,2026-06-29 12:30:52,11.62,12:54:12,11.4,ATR_FLIP,-1.893,-2.2,9.122,-1.893,1400,0.02,20
DCOY,2026-06-29,130.9,+2%,2026-06-29 12:47:56,10.64,12:49:19,10.8528,TARGET,2.0,2.128,3.102,-2.35,82,0.14,13
DCOY,2026-06-29,130.9,+3%,2026-06-29 12:47:56,10.64,12:55:41,10.39,ATR_FLIP,-2.35,-2.5,3.102,-2.35,464,0.14,13
DCOY,2026-06-29,130.9,flip_only,2026-06-29 12:47:56,10.64,12:55:41,10.39,ATR_FLIP,-2.35,-2.5,3.102,-2.35,464,0.14,13
DCOY,2026-06-29,130.9,+2%,2026-06-29 13:08:30,11.0,14:03:06,10.3,ATR_FLIP,-6.364,-7.0,1.727,-6.364,3275,0.13,31
DCOY,2026-06-29,130.9,+3%,2026-06-29 13:08:30,11.0,14:03:06,10.3,ATR_FLIP,-6.364,-7.0,1.727,-6.364,3275,0.13,31
DCOY,2026-06-29,130.9,flip_only,2026-06-29 13:08:30,11.0,14:03:06,10.3,ATR_FLIP,-6.364,-7.0,1.727,-6.364,3275,0.13,31
UPC,2026-06-29,315.1,+2%,2026-06-29 13:14:51,11.65,13:26:12,11.883,TARGET,2.0,2.33,15.021,-4.206,681,0.07,26
UPC,2026-06-29,315.1,+3%,2026-06-29 13:14:51,11.65,13:27:52,11.9995,TARGET,3.0,3.495,15.021,-4.206,780,0.07,26
UPC,2026-06-29,315.1,flip_only,2026-06-29 13:14:51,11.65,15:04:48,11.79,ATR_FLIP,1.202,1.4,15.021,-4.206,6596,0.07,26
DCOY,2026-06-29,130.9,+2%,2026-06-29 14:34:33,10.42,14:43:20,10.6284,TARGET,2.0,2.084,9.405,-2.207,526,0.04,21
DCOY,2026-06-29,130.9,+3%,2026-06-29 14:34:33,10.42,14:43:20,10.7326,TARGET,3.0,3.126,9.405,-2.207,526,0.04,21
DCOY,2026-06-29,130.9,flip_only,2026-06-29 14:34:33,10.42,15:02:30,10.3,ATR_FLIP,-1.152,-1.2,9.405,-2.207,1676,0.04,21
DCOY,2026-06-29,130.9,+2%,2026-06-29 15:23:00,10.28,15:33:51,9.7,ATR_FLIP,-5.642,-5.8,2.14,-5.641,651,0.06,28
DCOY,2026-06-29,130.9,+3%,2026-06-29 15:23:00,10.28,15:33:51,9.7,ATR_FLIP,-5.642,-5.8,2.14,-5.641,651,0.06,28
DCOY,2026-06-29,130.9,flip_only,2026-06-29 15:23:00,10.28,15:33:51,9.7,ATR_FLIP,-5.642,-5.8,2.14,-5.641,651,0.06,28
UPC,2026-06-29,315.1,+2%,2026-06-29 15:30:14,12.49,15:31:19,12.7398,TARGET,2.0,2.498,8.807,-4.724,65,-0.02,4
UPC,2026-06-29,315.1,+3%,2026-06-29 15:30:14,12.49,15:31:22,12.8647,TARGET,3.0,3.747,8.807,-4.724,68,-0.02,4
UPC,2026-06-29,315.1,flip_only,2026-06-29 15:30:14,12.49,15:57:51,12.05,ATR_FLIP,-3.523,-4.4,8.807,-4.724,1657,-0.02,4
AVXX,2026-06-30,54.5,+2%,2026-06-30 09:25:00,7.93,09:29:52,7.58,ATR_FLIP,-4.414,-3.5,0.747,-4.414,292,0.08,32
AVXX,2026-06-30,54.5,+3%,2026-06-30 09:25:00,7.93,09:29:52,7.58,ATR_FLIP,-4.414,-3.5,0.747,-4.414,292,0.08,32
AVXX,2026-06-30,54.5,flip_only,2026-06-30 09:25:00,7.93,09:29:52,7.58,ATR_FLIP,-4.414,-3.5,0.747,-4.414,292,0.08,32
INTZ,2026-06-30,32.8,+2%,2026-06-30 09:28:08,0.9212,09:31:55,0.883,ATR_FLIP,-4.147,-0.382,1.824,-4.147,227,0.0118,5
INTZ,2026-06-30,32.8,+3%,2026-06-30 09:28:08,0.9212,09:31:55,0.883,ATR_FLIP,-4.147,-0.382,1.824,-4.147,227,0.0118,5
INTZ,2026-06-30,32.8,flip_only,2026-06-30 09:28:08,0.9212,09:31:55,0.883,ATR_FLIP,-4.147,-0.382,1.824,-4.147,227,0.0118,5
INTZ,2026-06-30,32.8,+2%,2026-06-30 09:36:29,0.9407,09:40:06,0.9595,TARGET,1.999,0.188,14.808,-2.604,216,0.0052,90
INTZ,2026-06-30,32.8,+3%,2026-06-30 09:36:29,0.9407,09:40:57,0.9689,TARGET,2.998,0.282,14.808,-2.604,268,0.0052,90
INTZ,2026-06-30,32.8,flip_only,2026-06-30 09:36:29,0.9407,10:40:20,0.96,ATR_FLIP,2.052,0.193,14.808,-2.604,3831,0.0052,90
AVXX,2026-06-30,54.5,+2%,2026-06-30 10:01:57,7.34,10:23:21,7.04,ATR_FLIP,-4.087,-3.0,0.545,-3.747,1284,0.04,61
AVXX,2026-06-30,54.5,+3%,2026-06-30 10:01:57,7.34,10:23:21,7.04,ATR_FLIP,-4.087,-3.0,0.545,-3.747,1284,0.04,61
AVXX,2026-06-30,54.5,flip_only,2026-06-30 10:01:57,7.34,10:23:21,7.04,ATR_FLIP,-4.087,-3.0,0.545,-3.747,1284,0.04,61
CELZ,2026-06-30,138.2,+2%,2026-06-30 11:02:52,3.73,11:05:12,3.8046,TARGET,2.0,0.746,8.043,-6.434,140,0.03,86
CELZ,2026-06-30,138.2,+3%,2026-06-30 11:02:52,3.73,11:12:07,3.8419,TARGET,3.0,1.119,8.043,-6.434,555,0.03,86
CELZ,2026-06-30,138.2,flip_only,2026-06-30 11:02:52,3.73,11:23:30,3.5,ATR_FLIP,-6.166,-2.3,8.043,-6.434,1238,0.03,86
AVXX,2026-06-30,54.5,+2%,2026-06-30 11:24:39,6.53,11:43:16,6.42,ATR_FLIP,-1.685,-1.1,1.072,-1.378,1117,0.03,12
AVXX,2026-06-30,54.5,+3%,2026-06-30 11:24:39,6.53,11:43:16,6.42,ATR_FLIP,-1.685,-1.1,1.072,-1.378,1117,0.03,12
AVXX,2026-06-30,54.5,flip_only,2026-06-30 11:24:39,6.53,11:43:16,6.42,ATR_FLIP,-1.685,-1.1,1.072,-1.378,1117,0.03,12
SVRE,2026-06-30,146.0,+2%,2026-06-30 11:43:15,3.06,11:43:43,3.1212,TARGET,2.0,0.612,4.902,-0.654,28,0.01,22
SVRE,2026-06-30,146.0,+3%,2026-06-30 11:43:15,3.06,11:45:22,3.1518,TARGET,3.0,0.918,4.902,-0.654,127,0.01,22
SVRE,2026-06-30,146.0,flip_only,2026-06-30 11:43:15,3.06,11:59:09,3.05,ATR_FLIP,-0.327,-0.1,4.902,-0.654,954,0.01,22
AVXX,2026-06-30,54.5,+2%,2026-06-30 11:55:16,6.59,12:13:01,6.49,ATR_FLIP,-1.517,-1.0,0.0,-1.517,1064,0.04,34
AVXX,2026-06-30,54.5,+3%,2026-06-30 11:55:16,6.59,12:13:01,6.49,ATR_FLIP,-1.517,-1.0,0.0,-1.517,1064,0.04,34
AVXX,2026-06-30,54.5,flip_only,2026-06-30 11:55:16,6.59,12:13:01,6.49,ATR_FLIP,-1.517,-1.0,0.0,-1.517,1064,0.04,34
INTZ,2026-06-30,32.8,+2%,2026-06-30 12:10:08,0.877,12:12:23,0.8945,TARGET,1.995,0.175,14.025,-1.517,134,0.0124,59
INTZ,2026-06-30,32.8,+3%,2026-06-30 12:10:08,0.877,12:42:49,0.9033,TARGET,2.999,0.263,14.025,-1.517,1960,0.0124,59
INTZ,2026-06-30,32.8,flip_only,2026-06-30 12:10:08,0.877,13:18:17,0.9454,ATR_FLIP,7.799,0.684,14.025,-1.517,4088,0.0124,59
SVRE,2026-06-30,146.0,+2%,2026-06-30 12:21:16,3.15,12:37:40,3.11,ATR_FLIP,-1.27,-0.4,0.635,-1.267,984,0.02,6
SVRE,2026-06-30,146.0,+3%,2026-06-30 12:21:16,3.15,12:37:40,3.11,ATR_FLIP,-1.27,-0.4,0.635,-1.267,984,0.02,6
SVRE,2026-06-30,146.0,flip_only,2026-06-30 12:21:16,3.15,12:37:40,3.11,ATR_FLIP,-1.27,-0.4,0.635,-1.267,984,0.02,6
SVRE,2026-06-30,146.0,+2%,2026-06-30 12:43:25,3.15,12:57:46,3.1,ATR_FLIP,-1.587,-0.5,0.635,-1.429,861,0.01,2
SVRE,2026-06-30,146.0,+3%,2026-06-30 12:43:25,3.15,12:57:46,3.1,ATR_FLIP,-1.587,-0.5,0.635,-1.429,861,0.01,2
SVRE,2026-06-30,146.0,flip_only,2026-06-30 12:43:25,3.15,12:57:46,3.1,ATR_FLIP,-1.587,-0.5,0.635,-1.429,861,0.01,2
CELZ,2026-06-30,138.2,+2%,2026-06-30 12:49:40,2.73,13:03:42,2.7846,TARGET,2.0,0.546,16.85,-4.396,842,0.01,117
CELZ,2026-06-30,138.2,+3%,2026-06-30 12:49:40,2.73,13:05:03,2.8119,TARGET,3.0,0.819,16.85,-4.396,922,0.01,117
CELZ,2026-06-30,138.2,flip_only,2026-06-30 12:49:40,2.73,13:33:45,2.94,ATR_FLIP,7.692,2.1,16.85,-4.396,2645,0.01,117
AVXX,2026-06-30,54.5,+2%,2026-06-30 12:49:45,6.55,13:06:57,6.681,TARGET,2.0,1.31,6.412,-0.305,1032,0.03,14
AVXX,2026-06-30,54.5,+3%,2026-06-30 12:49:45,6.55,13:14:54,6.7465,TARGET,3.0,1.965,6.412,-0.305,1509,0.03,14
AVXX,2026-06-30,54.5,flip_only,2026-06-30 12:49:45,6.55,13:34:39,6.8,ATR_FLIP,3.817,2.5,6.412,-0.305,2694,0.03,14
SVRE,2026-06-30,146.0,+2%,2026-06-30 12:59:57,3.15,13:04:56,3.07,ATR_FLIP,-2.54,-0.8,0.0,-2.537,298,0.03,94
SVRE,2026-06-30,146.0,+3%,2026-06-30 12:59:57,3.15,13:04:56,3.07,ATR_FLIP,-2.54,-0.8,0.0,-2.537,298,0.03,94
SVRE,2026-06-30,146.0,flip_only,2026-06-30 12:59:57,3.15,13:04:56,3.07,ATR_FLIP,-2.54,-0.8,0.0,-2.537,298,0.03,94
AVXX,2026-06-30,54.5,+2%,2026-06-30 13:48:48,6.77,14:12:12,6.71,ATR_FLIP,-0.886,-0.6,1.034,-1.256,1403,0.03,3
AVXX,2026-06-30,54.5,+3%,2026-06-30 13:48:48,6.77,14:12:12,6.71,ATR_FLIP,-0.886,-0.6,1.034,-1.256,1403,0.03,3
AVXX,2026-06-30,54.5,flip_only,2026-06-30 13:48:48,6.77,14:12:12,6.71,ATR_FLIP,-0.886,-0.6,1.034,-1.256,1403,0.03,3
AVXX,2026-06-30,54.5,+2%,2026-06-30 14:16:17,6.85,14:34:57,6.76,ATR_FLIP,-1.314,-0.9,0.582,-1.168,1120,0.05,1
AVXX,2026-06-30,54.5,+3%,2026-06-30 14:16:17,6.85,14:34:57,6.76,ATR_FLIP,-1.314,-0.9,0.582,-1.168,1120,0.05,1
AVXX,2026-06-30,54.5,flip_only,2026-06-30 14:16:17,6.85,14:34:57,6.76,ATR_FLIP,-1.314,-0.9,0.582,-1.168,1120,0.05,1
INTZ,2026-06-30,32.8,+2%,2026-06-30 14:17:22,0.9367,14:37:18,0.9269,ATR_FLIP,-1.046,-0.098,2.434,-1.046,1196,0.0068,29
INTZ,2026-06-30,32.8,+3%,2026-06-30 14:17:22,0.9367,14:37:18,0.9269,ATR_FLIP,-1.046,-0.098,2.434,-1.046,1196,0.0068,29
INTZ,2026-06-30,32.8,flip_only,2026-06-30 14:17:22,0.9367,14:37:18,0.9269,ATR_FLIP,-1.046,-0.098,2.434,-1.046,1196,0.0068,29
AVXX,2026-06-30,54.5,+2%,2026-06-30 14:35:48,6.86,14:54:15,6.69,ATR_FLIP,-2.478,-1.7,0.0,-2.125,1106,0.03,10
AVXX,2026-06-30,54.5,+3%,2026-06-30 14:35:48,6.86,14:54:15,6.69,ATR_FLIP,-2.478,-1.7,0.0,-2.125,1106,0.03,10
AVXX,2026-06-30,54.5,flip_only,2026-06-30 14:35:48,6.86,14:54:15,6.69,ATR_FLIP,-2.478,-1.7,0.0,-2.125,1106,0.03,10
SVRE,2026-06-30,146.0,+2%,2026-06-30 14:38:31,2.34,14:42:24,2.3868,TARGET,2.0,0.468,10.256,-1.709,232,0.04,22
SVRE,2026-06-30,146.0,+3%,2026-06-30 14:38:31,2.34,14:43:08,2.4102,TARGET,3.0,0.702,10.256,-1.709,276,0.04,22
SVRE,2026-06-30,146.0,flip_only,2026-06-30 14:38:31,2.34,14:49:01,2.41,ATR_FLIP,2.991,0.7,10.256,-1.709,629,0.04,22
INTZ,2026-06-30,32.8,+2%,2026-06-30 15:06:19,0.92,15:11:37,0.9159,ATR_FLIP,-0.446,-0.041,0.978,-0.837,318,0.0007,34
INTZ,2026-06-30,32.8,+3%,2026-06-30 15:06:19,0.92,15:11:37,0.9159,ATR_FLIP,-0.446,-0.041,0.978,-0.837,318,0.0007,34
INTZ,2026-06-30,32.8,flip_only,2026-06-30 15:06:19,0.92,15:11:37,0.9159,ATR_FLIP,-0.446,-0.041,0.978,-0.837,318,0.0007,34
AVXX,2026-06-30,54.5,+2%,2026-06-30 15:08:15,6.82,15:18:05,6.9564,TARGET,2.0,1.364,3.224,-0.399,590,0.05,7
AVXX,2026-06-30,54.5,+3%,2026-06-30 15:08:15,6.82,15:30:17,6.9,ATR_FLIP,1.173,0.8,3.224,-0.399,1322,0.05,7
AVXX,2026-06-30,54.5,flip_only,2026-06-30 15:08:15,6.82,15:30:17,6.9,ATR_FLIP,1.173,0.8,3.224,-0.399,1322,0.05,7
SVRE,2026-06-30,146.0,+2%,2026-06-30 15:12:59,2.45,15:23:05,2.499,TARGET,2.0,0.49,13.061,-0.816,605,0.02,
SVRE,2026-06-30,146.0,+3%,2026-06-30 15:12:59,2.45,15:26:36,2.5235,TARGET,3.0,0.735,13.061,-0.816,816,0.02,
SVRE,2026-06-30,146.0,flip_only,2026-06-30 15:12:59,2.45,16:00:00,2.63,EOD,7.347,1.8,13.061,-0.816,2820,0.02,
CELZ,2026-06-30,138.2,+2%,2026-06-30 15:30:06,1.54,15:54:23,1.4,ATR_FLIP,-9.091,-1.4,1.948,-9.091,1456,0.01,7
CELZ,2026-06-30,138.2,+3%,2026-06-30 15:30:06,1.54,15:54:23,1.4,ATR_FLIP,-9.091,-1.4,1.948,-9.091,1456,0.01,7
CELZ,2026-06-30,138.2,flip_only,2026-06-30 15:30:06,1.54,15:54:23,1.4,ATR_FLIP,-9.091,-1.4,1.948,-9.091,1456,0.01,7
AVXX,2026-06-30,54.5,+2%,2026-06-30 15:37:51,7.04,15:50:01,6.9,ATR_FLIP,-1.989,-1.4,0.568,-1.989,730,0.03,10
AVXX,2026-06-30,54.5,+3%,2026-06-30 15:37:51,7.04,15:50:01,6.9,ATR_FLIP,-1.989,-1.4,0.568,-1.989,730,0.03,10
AVXX,2026-06-30,54.5,flip_only,2026-06-30 15:37:51,7.04,15:50:01,6.9,ATR_FLIP,-1.989,-1.4,0.568,-1.989,730,0.03,10
INTZ,2026-06-30,32.8,+2%,2026-06-30 15:45:45,0.925,16:00:00,0.9301,EOD,0.551,0.051,1.405,-1.719,854,0.0158,
INTZ,2026-06-30,32.8,+3%,2026-06-30 15:45:45,0.925,16:00:00,0.9301,EOD,0.551,0.051,1.405,-1.719,854,0.0158,
INTZ,2026-06-30,32.8,flip_only,2026-06-30 15:45:45,0.925,16:00:00,0.9301,EOD,0.551,0.051,1.405,-1.719,854,0.0158,
EHGO,2026-07-01,82.3,+2%,2026-07-01 09:37:18,2.43,09:37:22,2.4786,TARGET,2.0,0.486,20.576,-5.753,3,0.02,32
EHGO,2026-07-01,82.3,+3%,2026-07-01 09:37:18,2.43,09:37:22,2.5029,TARGET,3.0,0.729,20.576,-5.753,3,0.02,32
EHGO,2026-07-01,82.3,flip_only,2026-07-01 09:37:18,2.43,09:50:49,2.29,ATR_FLIP,-5.761,-1.4,20.576,-5.753,810,0.02,32
CANF,2026-07-01,51.9,+2%,2026-07-01 09:49:01,5.47,09:49:21,5.5794,TARGET,2.0,1.094,9.324,-12.614,19,0.02,71
CANF,2026-07-01,51.9,+3%,2026-07-01 09:49:01,5.47,09:49:25,5.6341,TARGET,3.0,1.641,9.324,-12.614,23,0.02,71
CANF,2026-07-01,51.9,flip_only,2026-07-01 09:49:01,5.47,10:00:03,4.78,ATR_FLIP,-12.614,-6.9,9.324,-12.614,661,0.02,71
EHGO,2026-07-01,82.3,+2%,2026-07-01 10:22:16,2.23,10:27:08,2.11,ATR_FLIP,-5.381,-1.2,0.897,-5.605,291,0.02,28
EHGO,2026-07-01,82.3,+3%,2026-07-01 10:22:16,2.23,10:27:08,2.11,ATR_FLIP,-5.381,-1.2,0.897,-5.605,291,0.02,28
EHGO,2026-07-01,82.3,flip_only,2026-07-01 10:22:16,2.23,10:27:08,2.11,ATR_FLIP,-5.381,-1.2,0.897,-5.605,291,0.02,28
LHAI,2026-07-01,145.5,+2%,2026-07-01 10:47:53,1.56,10:50:10,1.5912,TARGET,2.0,0.312,11.538,-13.462,136,0.01,28
LHAI,2026-07-01,145.5,+3%,2026-07-01 10:47:53,1.56,10:50:10,1.6068,TARGET,3.0,0.468,11.538,-13.462,136,0.01,28
LHAI,2026-07-01,145.5,flip_only,2026-07-01 10:47:53,1.56,11:14:53,1.47,ATR_FLIP,-5.769,-0.9,11.538,-13.462,1619,0.01,28
EHGO,2026-07-01,82.3,+2%,2026-07-01 10:55:18,2.22,11:03:36,2.13,ATR_FLIP,-4.054,-0.9,1.802,-3.604,498,0.02,27
EHGO,2026-07-01,82.3,+3%,2026-07-01 10:55:18,2.22,11:03:36,2.13,ATR_FLIP,-4.054,-0.9,1.802,-3.604,498,0.02,27
EHGO,2026-07-01,82.3,flip_only,2026-07-01 10:55:18,2.22,11:03:36,2.13,ATR_FLIP,-4.054,-0.9,1.802,-3.604,498,0.02,27
CANF,2026-07-01,51.9,+2%,2026-07-01 11:11:23,4.31,11:11:23,4.3962,TARGET,2.0,0.862,3.248,-6.958,0,0.03,48
CANF,2026-07-01,51.9,+3%,2026-07-01 11:11:23,4.31,11:39:01,4.09,ATR_FLIP,-5.104,-2.2,3.248,-6.958,1658,0.03,48
CANF,2026-07-01,51.9,flip_only,2026-07-01 11:11:23,4.31,11:39:01,4.09,ATR_FLIP,-5.104,-2.2,3.248,-6.958,1658,0.03,48
EHGO,2026-07-01,82.3,+2%,2026-07-01 11:30:11,2.2,11:34:56,2.244,TARGET,2.0,0.44,9.091,-1.359,284,0.01,23
EHGO,2026-07-01,82.3,+3%,2026-07-01 11:30:11,2.2,11:34:56,2.266,TARGET,3.0,0.66,9.091,-1.359,284,0.01,23
EHGO,2026-07-01,82.3,flip_only,2026-07-01 11:30:11,2.2,11:55:23,2.19,ATR_FLIP,-0.455,-0.1,9.091,-1.359,1511,0.01,23
LHAI,2026-07-01,145.5,+2%,2026-07-01 11:42:03,1.57,11:58:09,1.6014,TARGET,2.0,0.314,8.28,-6.369,966,0.01,32
LHAI,2026-07-01,145.5,+3%,2026-07-01 11:42:03,1.57,12:02:43,1.6171,TARGET,3.0,0.471,8.28,-6.369,1239,0.01,32
LHAI,2026-07-01,145.5,flip_only,2026-07-01 11:42:03,1.57,12:31:34,1.49,ATR_FLIP,-5.096,-0.8,8.28,-6.369,2971,0.01,32
EHGO,2026-07-01,82.3,+2%,2026-07-01 12:18:56,2.34,12:37:07,2.22,ATR_FLIP,-5.128,-1.2,2.137,-5.983,1090,0.02,43
EHGO,2026-07-01,82.3,+3%,2026-07-01 12:18:56,2.34,12:37:07,2.22,ATR_FLIP,-5.128,-1.2,2.137,-5.983,1090,0.02,43
EHGO,2026-07-01,82.3,flip_only,2026-07-01 12:18:56,2.34,12:37:07,2.22,ATR_FLIP,-5.128,-1.2,2.137,-5.983,1090,0.02,43
CANF,2026-07-01,51.9,+2%,2026-07-01 12:27:27,4.11,12:36:00,4.1922,TARGET,2.0,0.822,6.083,-0.243,512,0.02,16
CANF,2026-07-01,51.9,+3%,2026-07-01 12:27:27,4.11,12:36:07,4.2333,TARGET,3.0,1.233,6.083,-0.243,519,0.02,16
CANF,2026-07-01,51.9,flip_only,2026-07-01 12:27:27,4.11,12:54:43,4.11,ATR_FLIP,0.0,0.0,6.083,-0.243,1636,0.02,16
LHAI,2026-07-01,145.5,+2%,2026-07-01 13:03:16,1.5,13:03:23,1.53,TARGET,2.0,0.3,35.333,-2.667,6,0.01,49
LHAI,2026-07-01,145.5,+3%,2026-07-01 13:03:16,1.5,13:28:21,1.545,TARGET,3.0,0.45,35.333,-2.667,1504,0.01,49
LHAI,2026-07-01,145.5,flip_only,2026-07-01 13:03:16,1.5,14:18:12,1.64,ATR_FLIP,9.333,1.4,35.333,-2.667,4496,0.01,49
CANF,2026-07-01,51.9,+2%,2026-07-01 13:10:54,4.33,13:12:40,4.4166,TARGET,2.0,0.866,3.926,-3.002,106,0.04,58
CANF,2026-07-01,51.9,+3%,2026-07-01 13:10:54,4.33,13:12:52,4.4599,TARGET,3.0,1.299,3.926,-3.002,118,0.04,58
CANF,2026-07-01,51.9,flip_only,2026-07-01 13:10:54,4.33,13:32:44,4.24,ATR_FLIP,-2.079,-0.9,3.926,-3.002,1309,0.04,58
EHGO,2026-07-01,82.3,+2%,2026-07-01 13:20:08,2.3,13:29:07,2.346,TARGET,2.0,0.46,19.13,-0.435,538,0.01,13
EHGO,2026-07-01,82.3,+3%,2026-07-01 13:20:08,2.3,13:31:44,2.369,TARGET,3.0,0.69,19.13,-0.435,695,0.01,13
EHGO,2026-07-01,82.3,flip_only,2026-07-01 13:20:08,2.3,14:06:42,2.4,ATR_FLIP,4.348,1.0,19.13,-0.435,2793,0.01,13
EHGO,2026-07-01,82.3,+2%,2026-07-01 14:19:19,2.52,14:50:34,2.5704,TARGET,2.0,0.504,13.889,-5.556,1875,0.02,13
EHGO,2026-07-01,82.3,+3%,2026-07-01 14:19:19,2.52,14:56:56,2.5956,TARGET,3.0,0.756,13.889,-5.556,2257,0.02,13
EHGO,2026-07-01,82.3,flip_only,2026-07-01 14:19:19,2.52,15:07:27,2.51,ATR_FLIP,-0.397,-0.1,13.889,-5.556,2888,0.02,13
CANF,2026-07-01,51.9,+2%,2026-07-01 14:30:52,4.37,14:41:09,4.4574,TARGET,2.0,0.874,9.84,-2.746,616,0.03,6
CANF,2026-07-01,51.9,+3%,2026-07-01 14:30:52,4.37,14:41:26,4.5011,TARGET,3.0,1.311,9.84,-2.746,633,0.03,6
CANF,2026-07-01,51.9,flip_only,2026-07-01 14:30:52,4.37,15:53:50,4.43,ATR_FLIP,1.373,0.6,9.84,-2.746,4977,0.03,6
LHAI,2026-07-01,145.5,+2%,2026-07-01 15:07:13,1.77,15:08:17,1.8054,TARGET,2.0,0.354,5.085,-7.91,64,0.01,9
LHAI,2026-07-01,145.5,+3%,2026-07-01 15:07:13,1.77,15:08:31,1.8231,TARGET,3.0,0.531,5.085,-7.91,77,0.01,9
LHAI,2026-07-01,145.5,flip_only,2026-07-01 15:07:13,1.77,15:27:58,1.63,ATR_FLIP,-7.91,-1.4,5.085,-7.91,1245,0.01,9
EHGO,2026-07-01,82.3,+2%,2026-07-01 15:20:58,2.75,15:25:24,2.805,TARGET,2.0,0.55,10.545,-6.909,265,0.02,26
EHGO,2026-07-01,82.3,+3%,2026-07-01 15:20:58,2.75,15:25:45,2.8325,TARGET,3.0,0.825,10.545,-6.909,286,0.02,26
EHGO,2026-07-01,82.3,flip_only,2026-07-01 15:20:58,2.75,15:33:17,2.56,ATR_FLIP,-6.909,-1.9,10.545,-6.909,738,0.02,26
LHAI,2026-07-01,145.5,+2%,2026-07-01 15:36:12,1.77,15:36:23,1.8054,TARGET,2.0,0.354,60.452,-2.26,11,0.01,
LHAI,2026-07-01,145.5,+3%,2026-07-01 15:36:12,1.77,15:36:24,1.8231,TARGET,3.0,0.531,60.452,-2.26,11,0.01,
LHAI,2026-07-01,145.5,flip_only,2026-07-01 15:36:12,1.77,16:00:00,2.73,EOD,54.237,9.6,60.452,-2.26,1427,0.01,
CANF,2026-07-01,51.9,+2%,2026-07-01 15:59:49,4.58,15:59:57,4.6716,TARGET,2.0,0.916,2.62,-0.546,8,0.05,
CANF,2026-07-01,51.9,+3%,2026-07-01 15:59:49,4.58,16:00:00,4.59,EOD,0.218,0.1,2.62,-0.546,10,0.05,
CANF,2026-07-01,51.9,flip_only,2026-07-01 15:59:49,4.58,16:00:00,4.59,EOD,0.218,0.1,2.62,-0.546,10,0.05,
EHGO,2026-07-01,82.3,+2%,2026-07-01 15:59:55,2.62,16:00:00,2.58,EOD,-1.527,-0.4,2.29,-1.527,4,0.02,
EHGO,2026-07-01,82.3,+3%,2026-07-01 15:59:55,2.62,16:00:00,2.58,EOD,-1.527,-0.4,2.29,-1.527,4,0.02,
EHGO,2026-07-01,82.3,flip_only,2026-07-01 15:59:55,2.62,16:00:00,2.58,EOD,-1.527,-0.4,2.29,-1.527,4,0.02,
CWD,2026-07-02,110.8,+2%,2026-07-02 09:16:35,1.42,09:18:03,1.4484,TARGET,2.0,0.284,22.535,-4.93,87,0.0,37
CWD,2026-07-02,110.8,+3%,2026-07-02 09:16:35,1.42,09:18:03,1.4626,TARGET,3.0,0.426,22.535,-4.93,87,0.0,37
CWD,2026-07-02,110.8,flip_only,2026-07-02 09:16:35,1.42,09:31:02,1.35,ATR_FLIP,-4.93,-0.7,22.535,-4.93,866,0.0,37
DSY,2026-07-02,44.7,+2%,2026-07-02 09:34:02,4.45,09:36:22,4.539,TARGET,2.0,0.89,5.169,-8.989,139,0.06,26
DSY,2026-07-02,44.7,+3%,2026-07-02 09:34:02,4.45,09:38:59,4.5835,TARGET,3.0,1.335,5.169,-8.989,296,0.06,26
DSY,2026-07-02,44.7,flip_only,2026-07-02 09:34:02,4.45,10:25:53,4.1,ATR_FLIP,-7.865,-3.5,5.169,-8.989,3110,0.06,26
CETX,2026-07-02,54.8,+2%,2026-07-02 09:38:03,3.58,09:38:28,3.6516,TARGET,2.0,0.716,13.128,-9.218,24,0.04,96
CETX,2026-07-02,54.8,+3%,2026-07-02 09:38:03,3.58,09:38:28,3.6874,TARGET,3.0,1.074,13.128,-9.218,24,0.04,96
CETX,2026-07-02,54.8,flip_only,2026-07-02 09:38:03,3.58,10:26:50,3.35,ATR_FLIP,-6.425,-2.3,13.128,-9.218,2926,0.04,96
CWD,2026-07-02,110.8,+2%,2026-07-02 10:16:04,1.32,10:18:14,1.3464,TARGET,2.0,0.264,3.788,-8.326,129,0.01,26
CWD,2026-07-02,110.8,+3%,2026-07-02 10:16:04,1.32,10:18:16,1.3596,TARGET,3.0,0.396,3.788,-8.326,131,0.01,26
CWD,2026-07-02,110.8,flip_only,2026-07-02 10:16:04,1.32,10:28:13,1.21,ATR_FLIP,-8.333,-1.1,3.788,-8.326,728,0.01,26
DSY,2026-07-02,44.7,+2%,2026-07-02 10:51:24,4.22,10:51:38,4.3044,TARGET,2.0,0.844,16.114,-1.185,14,0.04,4
DSY,2026-07-02,44.7,+3%,2026-07-02 10:51:24,4.22,10:56:19,4.3466,TARGET,3.0,1.266,16.114,-1.185,295,0.04,4
DSY,2026-07-02,44.7,flip_only,2026-07-02 10:51:24,4.22,11:34:23,4.17,ATR_FLIP,-1.185,-0.5,16.114,-1.185,2579,0.04,4
CWD,2026-07-02,110.8,+2%,2026-07-02 10:54:12,1.29,11:10:32,1.18,ATR_FLIP,-8.527,-1.1,2.326,-8.527,979,0.01,33
CWD,2026-07-02,110.8,+3%,2026-07-02 10:54:12,1.29,11:10:32,1.18,ATR_FLIP,-8.527,-1.1,2.326,-8.527,979,0.01,33
CWD,2026-07-02,110.8,flip_only,2026-07-02 10:54:12,1.29,11:10:32,1.18,ATR_FLIP,-8.527,-1.1,2.326,-8.527,979,0.01,33
DSY,2026-07-02,44.7,+2%,2026-07-02 11:38:36,4.33,12:01:14,4.08,ATR_FLIP,-5.774,-2.5,0.0,-6.005,1357,0.09,21
DSY,2026-07-02,44.7,+3%,2026-07-02 11:38:36,4.33,12:01:14,4.08,ATR_FLIP,-5.774,-2.5,0.0,-6.005,1357,0.09,21
DSY,2026-07-02,44.7,flip_only,2026-07-02 11:38:36,4.33,12:01:14,4.08,ATR_FLIP,-5.774,-2.5,0.0,-6.005,1357,0.09,21
CWD,2026-07-02,110.8,+2%,2026-07-02 11:43:59,1.21,12:22:51,1.15,ATR_FLIP,-4.959,-0.6,0.826,-6.612,2331,0.0,72
CWD,2026-07-02,110.8,+3%,2026-07-02 11:43:59,1.21,12:22:51,1.15,ATR_FLIP,-4.959,-0.6,0.826,-6.612,2331,0.0,72
CWD,2026-07-02,110.8,flip_only,2026-07-02 11:43:59,1.21,12:22:51,1.15,ATR_FLIP,-4.959,-0.6,0.826,-6.612,2331,0.0,72
CETX,2026-07-02,54.8,+2%,2026-07-02 12:02:57,2.92,12:05:33,2.9784,TARGET,2.0,0.584,6.849,-1.024,156,0.04,2
CETX,2026-07-02,54.8,+3%,2026-07-02 12:02:57,2.92,12:07:10,3.0076,TARGET,3.0,0.876,6.849,-1.024,253,0.04,2
CETX,2026-07-02,54.8,flip_only,2026-07-02 12:02:57,2.92,12:38:03,2.97,ATR_FLIP,1.712,0.5,6.849,-1.024,2106,0.04,2
DSY,2026-07-02,44.7,+2%,2026-07-02 12:22:38,4.28,12:35:49,4.3656,TARGET,2.0,0.856,2.671,-1.636,790,0.03,5
DSY,2026-07-02,44.7,+3%,2026-07-02 12:22:38,4.28,12:42:34,4.21,ATR_FLIP,-1.636,-0.7,2.671,-1.636,1196,0.03,5
DSY,2026-07-02,44.7,flip_only,2026-07-02 12:22:38,4.28,12:42:34,4.21,ATR_FLIP,-1.636,-0.7,2.671,-1.636,1196,0.03,5
CETX,2026-07-02,54.8,+2%,2026-07-02 12:40:34,2.99,12:48:53,2.9,ATR_FLIP,-3.01,-0.9,1.304,-3.01,498,0.02,18
CETX,2026-07-02,54.8,+3%,2026-07-02 12:40:34,2.99,12:48:53,2.9,ATR_FLIP,-3.01,-0.9,1.304,-3.01,498,0.02,18
CETX,2026-07-02,54.8,flip_only,2026-07-02 12:40:34,2.99,12:48:53,2.9,ATR_FLIP,-3.01,-0.9,1.304,-3.01,498,0.02,18
DSY,2026-07-02,44.7,+2%,2026-07-02 12:47:50,4.44,12:47:57,4.5288,TARGET,2.0,0.888,3.604,-4.279,6,0.02,33
DSY,2026-07-02,44.7,+3%,2026-07-02 12:47:50,4.44,12:48:44,4.5732,TARGET,3.0,1.332,3.604,-4.279,54,0.02,33
DSY,2026-07-02,44.7,flip_only,2026-07-02 12:47:50,4.44,13:31:24,4.25,ATR_FLIP,-4.279,-1.9,3.604,-4.279,2613,0.02,33
CETX,2026-07-02,54.8,+2%,2026-07-02 13:08:44,2.95,13:18:37,3.009,TARGET,2.0,0.59,4.407,-2.034,592,0.03,24
CETX,2026-07-02,54.8,+3%,2026-07-02 13:08:44,2.95,13:20:09,3.0385,TARGET,3.0,0.885,4.407,-2.034,685,0.03,24
CETX,2026-07-02,54.8,flip_only,2026-07-02 13:08:44,2.95,13:44:47,2.91,ATR_FLIP,-1.356,-0.4,4.407,-2.034,2163,0.03,24
CWD,2026-07-02,110.8,+2%,2026-07-02 13:34:52,1.09,13:36:22,1.1118,TARGET,2.0,0.218,17.431,-1.835,89,0.01,42
CWD,2026-07-02,110.8,+3%,2026-07-02 13:34:52,1.09,13:36:23,1.1227,TARGET,3.0,0.327,17.431,-1.835,90,0.01,42
CWD,2026-07-02,110.8,flip_only,2026-07-02 13:34:52,1.09,14:03:59,1.15,ATR_FLIP,5.505,0.6,17.431,-1.835,1746,0.01,42
DSY,2026-07-02,44.7,+2%,2026-07-02 14:05:24,4.32,14:37:09,4.29,ATR_FLIP,-0.694,-0.3,1.852,-1.62,1905,0.04,43
DSY,2026-07-02,44.7,+3%,2026-07-02 14:05:24,4.32,14:37:09,4.29,ATR_FLIP,-0.694,-0.3,1.852,-1.62,1905,0.04,43
DSY,2026-07-02,44.7,flip_only,2026-07-02 14:05:24,4.32,14:37:09,4.29,ATR_FLIP,-0.694,-0.3,1.852,-1.62,1905,0.04,43
CETX,2026-07-02,54.8,+2%,2026-07-02 14:11:11,2.91,14:18:25,2.9682,TARGET,2.0,0.582,6.186,-2.058,434,0.03,45
CETX,2026-07-02,54.8,+3%,2026-07-02 14:11:11,2.91,14:18:57,2.9973,TARGET,3.0,0.873,6.186,-2.058,466,0.03,45
CETX,2026-07-02,54.8,flip_only,2026-07-02 14:11:11,2.91,14:47:05,2.96,ATR_FLIP,1.718,0.5,6.186,-2.058,2154,0.03,45
CWD,2026-07-02,110.8,+2%,2026-07-02 14:45:31,1.15,15:29:33,1.08,ATR_FLIP,-6.087,-0.7,1.739,-6.087,2642,0.01,17
CWD,2026-07-02,110.8,+3%,2026-07-02 14:45:31,1.15,15:29:33,1.08,ATR_FLIP,-6.087,-0.7,1.739,-6.087,2642,0.01,17
CWD,2026-07-02,110.8,flip_only,2026-07-02 14:45:31,1.15,15:29:33,1.08,ATR_FLIP,-6.087,-0.7,1.739,-6.087,2642,0.01,17
DSY,2026-07-02,44.7,+2%,2026-07-02 15:21:09,4.23,15:37:51,4.1,ATR_FLIP,-3.073,-1.3,2.125,-2.837,1002,0.02,10
DSY,2026-07-02,44.7,+3%,2026-07-02 15:21:09,4.23,15:37:51,4.1,ATR_FLIP,-3.073,-1.3,2.125,-2.837,1002,0.02,10
DSY,2026-07-02,44.7,flip_only,2026-07-02 15:21:09,4.23,15:37:51,4.1,ATR_FLIP,-3.073,-1.3,2.125,-2.837,1002,0.02,10
CETX,2026-07-02,54.8,+2%,2026-07-02 15:35:05,2.84,15:59:55,2.8968,TARGET,2.0,0.568,5.282,-1.408,1490,0.07,
CETX,2026-07-02,54.8,+3%,2026-07-02 15:35:05,2.84,15:59:55,2.9252,TARGET,3.0,0.852,5.282,-1.408,1490,0.07,
CETX,2026-07-02,54.8,flip_only,2026-07-02 15:35:05,2.84,16:00:00,2.87,EOD,1.056,0.3,5.282,-1.408,1494,0.07,
CWD,2026-07-02,110.8,+2%,2026-07-02 15:46:27,1.15,15:47:18,1.173,TARGET,2.0,0.23,6.957,-2.609,51,0.01,5
CWD,2026-07-02,110.8,+3%,2026-07-02 15:46:27,1.15,15:47:20,1.1845,TARGET,3.0,0.345,6.957,-2.609,53,0.01,5
CWD,2026-07-02,110.8,flip_only,2026-07-02 15:46:27,1.15,15:54:33,1.12,ATR_FLIP,-2.609,-0.3,6.957,-2.609,486,0.01,5
DSY,2026-07-02,44.7,+2%,2026-07-02 15:47:31,4.3,15:49:16,4.386,TARGET,2.0,0.86,5.116,-1.163,105,0.05,
DSY,2026-07-02,44.7,+3%,2026-07-02 15:47:31,4.3,15:49:16,4.429,TARGET,3.0,1.29,5.116,-1.163,105,0.05,
DSY,2026-07-02,44.7,flip_only,2026-07-02 15:47:31,4.3,16:00:00,4.4,EOD,2.326,1.0,5.116,-1.163,748,0.05,
CWD,2026-07-02,110.8,+2%,2026-07-02 15:59:00,1.26,16:00:00,1.2,EOD,-4.762,-0.6,0.0,-6.349,59,0.01,
CWD,2026-07-02,110.8,+3%,2026-07-02 15:59:00,1.26,16:00:00,1.2,EOD,-4.762,-0.6,0.0,-6.349,59,0.01,
CWD,2026-07-02,110.8,flip_only,2026-07-02 15:59:00,1.26,16:00:00,1.2,EOD,-4.762,-0.6,0.0,-6.349,59,0.01,
KIDZ,2026-07-06,72.0,+2%,2026-07-06 09:17:30,1.17,09:17:43,1.1934,TARGET,2.0,0.234,6.838,-5.983,12,0.0,4
KIDZ,2026-07-06,72.0,+3%,2026-07-06 09:17:30,1.17,09:30:17,1.2051,TARGET,3.0,0.351,6.838,-5.983,766,0.0,4
KIDZ,2026-07-06,72.0,flip_only,2026-07-06 09:17:30,1.17,09:31:42,1.1,ATR_FLIP,-5.983,-0.7,6.838,-5.983,851,0.0,4
LUCY,2026-07-06,32.9,+2%,2026-07-06 09:26:05,1.06,09:30:58,1.0,ATR_FLIP,-5.66,-0.6,1.887,-5.66,293,0.01,3
LUCY,2026-07-06,32.9,+3%,2026-07-06 09:26:05,1.06,09:30:58,1.0,ATR_FLIP,-5.66,-0.6,1.887,-5.66,293,0.01,3
LUCY,2026-07-06,32.9,flip_only,2026-07-06 09:26:05,1.06,09:30:58,1.0,ATR_FLIP,-5.66,-0.6,1.887,-5.66,293,0.01,3
LUCY,2026-07-06,32.9,+2%,2026-07-06 09:33:06,1.1,09:33:49,1.122,TARGET,2.0,0.22,22.727,-7.273,42,0.01,9
LUCY,2026-07-06,32.9,+3%,2026-07-06 09:33:06,1.1,09:33:50,1.133,TARGET,3.0,0.33,22.727,-7.273,44,0.01,9
LUCY,2026-07-06,32.9,flip_only,2026-07-06 09:33:06,1.1,11:52:51,1.15,ATR_FLIP,4.545,0.5,22.727,-7.273,8385,0.01,9
KIDZ,2026-07-06,72.0,+2%,2026-07-06 09:35:55,1.3,09:35:57,1.326,TARGET,2.0,0.26,29.231,-3.846,1,0.01,102
KIDZ,2026-07-06,72.0,+3%,2026-07-06 09:35:55,1.3,09:35:57,1.339,TARGET,3.0,0.39,29.231,-3.846,1,0.01,102
KIDZ,2026-07-06,72.0,flip_only,2026-07-06 09:35:55,1.3,10:41:45,1.26,ATR_FLIP,-3.077,-0.4,29.231,-3.846,3949,0.01,102
LUCY,2026-07-06,32.9,+2%,2026-07-06 12:01:34,1.33,12:01:35,1.3566,TARGET,2.0,0.266,18.045,-6.015,0,0.01,105
LUCY,2026-07-06,32.9,+3%,2026-07-06 12:01:34,1.33,12:10:20,1.3699,TARGET,3.0,0.399,18.045,-6.015,525,0.01,105
LUCY,2026-07-06,32.9,flip_only,2026-07-06 12:01:34,1.33,13:20:10,1.38,ATR_FLIP,3.759,0.5,18.045,-6.015,4715,0.01,105
KIDZ,2026-07-06,72.0,+2%,2026-07-06 12:23:52,1.21,12:48:23,1.2342,TARGET,2.0,0.242,7.438,-4.132,1471,0.01,18
KIDZ,2026-07-06,72.0,+3%,2026-07-06 12:23:52,1.21,12:55:28,1.2463,TARGET,3.0,0.363,7.438,-4.132,1895,0.01,18
KIDZ,2026-07-06,72.0,flip_only,2026-07-06 12:23:52,1.21,13:09:18,1.2,ATR_FLIP,-0.826,-0.1,7.438,-4.132,2725,0.01,18
KIDZ,2026-07-06,72.0,+2%,2026-07-06 13:27:01,1.27,13:57:12,1.2954,TARGET,2.0,0.254,3.15,-5.512,1811,0.01,33
KIDZ,2026-07-06,72.0,+3%,2026-07-06 13:27:01,1.27,14:12:43,1.21,ATR_FLIP,-4.724,-0.6,3.15,-5.512,2741,0.01,33
KIDZ,2026-07-06,72.0,flip_only,2026-07-06 13:27:01,1.27,14:12:43,1.21,ATR_FLIP,-4.724,-0.6,3.15,-5.512,2741,0.01,33
KIDZ,2026-07-06,72.0,+2%,2026-07-06 14:45:13,1.24,14:46:27,1.2648,TARGET,2.0,0.248,6.452,-4.032,74,0.01,38
KIDZ,2026-07-06,72.0,+3%,2026-07-06 14:45:13,1.24,14:46:31,1.2772,TARGET,3.0,0.372,6.452,-4.032,78,0.01,38
KIDZ,2026-07-06,72.0,flip_only,2026-07-06 14:45:13,1.24,15:23:22,1.2,ATR_FLIP,-3.226,-0.4,6.452,-4.032,2289,0.01,38
LUCY,2026-07-06,32.9,+2%,2026-07-06 15:05:16,1.32,15:25:04,1.23,ATR_FLIP,-6.818,-0.9,0.0,-6.439,1188,0.01,11
LUCY,2026-07-06,32.9,+3%,2026-07-06 15:05:16,1.32,15:25:04,1.23,ATR_FLIP,-6.818,-0.9,0.0,-6.439,1188,0.01,11
LUCY,2026-07-06,32.9,flip_only,2026-07-06 15:05:16,1.32,15:25:04,1.23,ATR_FLIP,-6.818,-0.9,0.0,-6.439,1188,0.01,11
LUCY,2026-07-06,32.9,+2%,2026-07-06 15:36:03,1.31,15:37:10,1.3362,TARGET,2.0,0.262,4.58,-5.344,66,0.01,13
LUCY,2026-07-06,32.9,+3%,2026-07-06 15:36:03,1.31,15:37:34,1.3493,TARGET,3.0,0.393,4.58,-5.344,91,0.01,13
LUCY,2026-07-06,32.9,flip_only,2026-07-06 15:36:03,1.31,15:48:46,1.24,ATR_FLIP,-5.344,-0.7,4.58,-5.344,762,0.01,13
VTAK,2026-07-08,44.5,+2%,2026-07-08 09:09:20,1.07,09:16:46,1.0914,TARGET,2.0,0.214,62.617,-0.935,446,0.01,76
VTAK,2026-07-08,44.5,+3%,2026-07-08 09:09:20,1.07,09:16:50,1.1021,TARGET,3.0,0.321,62.617,-0.935,450,0.01,76
VTAK,2026-07-08,44.5,flip_only,2026-07-08 09:09:20,1.07,10:20:26,1.49,ATR_FLIP,39.252,4.2,62.617,-0.935,4265,0.01,76
VTAK,2026-07-08,44.5,+2%,2026-07-08 11:36:32,1.39,11:37:11,1.4178,TARGET,2.0,0.278,7.194,-2.878,39,0.02,24
VTAK,2026-07-08,44.5,+3%,2026-07-08 11:36:32,1.39,11:37:45,1.4317,TARGET,3.0,0.417,7.194,-2.878,73,0.02,24
VTAK,2026-07-08,44.5,flip_only,2026-07-08 11:36:32,1.39,11:51:35,1.35,ATR_FLIP,-2.878,-0.4,7.194,-2.878,903,0.02,24
VTAK,2026-07-08,44.5,+2%,2026-07-08 12:15:09,1.39,12:16:39,1.4178,TARGET,2.0,0.278,5.036,-2.878,90,0.01,23
VTAK,2026-07-08,44.5,+3%,2026-07-08 12:15:09,1.39,12:18:29,1.4317,TARGET,3.0,0.417,5.036,-2.878,200,0.01,23
VTAK,2026-07-08,44.5,flip_only,2026-07-08 12:15:09,1.39,12:20:34,1.35,ATR_FLIP,-2.878,-0.4,5.036,-2.878,324,0.01,23
VTAK,2026-07-08,44.5,+2%,2026-07-08 12:43:44,1.43,13:09:28,1.35,ATR_FLIP,-5.594,-0.8,1.399,-5.594,1543,0.0,52
VTAK,2026-07-08,44.5,+3%,2026-07-08 12:43:44,1.43,13:09:28,1.35,ATR_FLIP,-5.594,-0.8,1.399,-5.594,1543,0.0,52
VTAK,2026-07-08,44.5,flip_only,2026-07-08 12:43:44,1.43,13:09:28,1.35,ATR_FLIP,-5.594,-0.8,1.399,-5.594,1543,0.0,52
VTAK,2026-07-08,44.5,+2%,2026-07-08 14:01:11,1.34,14:12:57,1.3668,TARGET,2.0,0.268,14.925,-2.239,706,0.01,56
VTAK,2026-07-08,44.5,+3%,2026-07-08 14:01:11,1.34,14:19:46,1.3802,TARGET,3.0,0.402,14.925,-2.239,1115,0.01,56
VTAK,2026-07-08,44.5,flip_only,2026-07-08 14:01:11,1.34,14:52:09,1.42,ATR_FLIP,5.97,0.8,14.925,-2.239,3058,0.01,56
VTAK,2026-07-08,44.5,+2%,2026-07-08 15:48:54,1.39,15:48:54,1.4178,TARGET,2.0,0.278,3.597,-4.317,0,0.01,
VTAK,2026-07-08,44.5,+3%,2026-07-08 15:48:54,1.39,16:00:00,1.34,EOD,-3.597,-0.5,3.597,-4.317,665,0.01,
VTAK,2026-07-08,44.5,flip_only,2026-07-08 15:48:54,1.39,16:00:00,1.34,EOD,-3.597,-0.5,3.597,-4.317,665,0.01,
RPGL,2026-07-09,34.3,+2%,2026-07-09 09:17:10,2.4,09:31:15,2.36,ATR_FLIP,-1.667,-0.4,1.25,-2.083,845,0.01,1
RPGL,2026-07-09,34.3,+3%,2026-07-09 09:17:10,2.4,09:31:15,2.36,ATR_FLIP,-1.667,-0.4,1.25,-2.083,845,0.01,1
RPGL,2026-07-09,34.3,flip_only,2026-07-09 09:17:10,2.4,09:31:15,2.36,ATR_FLIP,-1.667,-0.4,1.25,-2.083,845,0.01,1
RPGL,2026-07-09,34.3,+2%,2026-07-09 09:32:45,2.43,09:32:56,2.4786,TARGET,2.0,0.486,6.173,-6.996,11,0.01,35
RPGL,2026-07-09,34.3,+3%,2026-07-09 09:32:45,2.43,09:32:56,2.5029,TARGET,3.0,0.729,6.173,-6.996,11,0.01,35
RPGL,2026-07-09,34.3,flip_only,2026-07-09 09:32:45,2.43,10:33:58,2.27,ATR_FLIP,-6.584,-1.6,6.173,-6.996,3673,0.01,35
VRAX,2026-07-09,244.0,+2%,2026-07-09 09:54:00,12.14,09:54:00,12.3828,TARGET,2.0,2.428,8.649,-12.685,0,0.11,37
VRAX,2026-07-09,244.0,+3%,2026-07-09 09:54:00,12.14,09:54:18,12.5042,TARGET,3.0,3.642,8.649,-12.685,18,0.11,37
VRAX,2026-07-09,244.0,flip_only,2026-07-09 09:54:00,12.14,10:05:45,10.6,ATR_FLIP,-12.685,-15.4,8.649,-12.685,705,0.11,37
VRAX,2026-07-09,244.0,+2%,2026-07-09 10:42:02,11.3,10:43:17,11.526,TARGET,2.0,2.26,2.212,-10.0,75,0.07,53
VRAX,2026-07-09,244.0,+3%,2026-07-09 10:42:02,11.3,10:54:55,10.18,ATR_FLIP,-9.912,-11.2,2.212,-10.0,773,0.07,53
VRAX,2026-07-09,244.0,flip_only,2026-07-09 10:42:02,11.3,10:54:55,10.18,ATR_FLIP,-9.912,-11.2,2.212,-10.0,773,0.07,53
RKTO,2026-07-09,38.5,+2%,2026-07-09 10:49:03,1.05,10:56:15,0.9833,ATR_FLIP,-6.352,-0.667,0.0,-6.352,432,0.01,54
RKTO,2026-07-09,38.5,+3%,2026-07-09 10:49:03,1.05,10:56:15,0.9833,ATR_FLIP,-6.352,-0.667,0.0,-6.352,432,0.01,54
RKTO,2026-07-09,38.5,flip_only,2026-07-09 10:49:03,1.05,10:56:15,0.9833,ATR_FLIP,-6.352,-0.667,0.0,-6.352,432,0.01,54
RPGL,2026-07-09,34.3,+2%,2026-07-09 11:08:59,2.26,11:27:18,2.3052,TARGET,2.0,0.452,3.097,-1.77,1099,0.01,1
RPGL,2026-07-09,34.3,+3%,2026-07-09 11:08:59,2.26,11:44:24,2.25,ATR_FLIP,-0.442,-0.1,3.097,-1.77,2125,0.01,1
RPGL,2026-07-09,34.3,flip_only,2026-07-09 11:08:59,2.26,11:44:24,2.25,ATR_FLIP,-0.442,-0.1,3.097,-1.77,2125,0.01,1
RPGL,2026-07-09,34.3,+2%,2026-07-09 11:45:15,2.3,12:03:10,2.346,TARGET,2.0,0.46,2.609,-1.304,1074,0.01,63
RPGL,2026-07-09,34.3,+3%,2026-07-09 11:45:15,2.3,12:12:13,2.27,ATR_FLIP,-1.304,-0.3,2.609,-1.304,1618,0.01,63
RPGL,2026-07-09,34.3,flip_only,2026-07-09 11:45:15,2.3,12:12:13,2.27,ATR_FLIP,-1.304,-0.3,2.609,-1.304,1618,0.01,63
VRAX,2026-07-09,244.0,+2%,2026-07-09 11:47:13,9.46,11:56:51,9.6492,TARGET,2.0,1.892,3.171,-6.765,578,0.06,51
VRAX,2026-07-09,244.0,+3%,2026-07-09 11:47:13,9.46,12:40:24,8.85,ATR_FLIP,-6.448,-6.1,3.171,-6.765,3190,0.06,51
VRAX,2026-07-09,244.0,flip_only,2026-07-09 11:47:13,9.46,12:40:24,8.85,ATR_FLIP,-6.448,-6.1,3.171,-6.765,3190,0.06,51
RKTO,2026-07-09,38.5,+2%,2026-07-09 11:50:36,0.985,12:06:14,0.95,ATR_FLIP,-3.553,-0.35,1.472,-3.584,938,0.006,22
RKTO,2026-07-09,38.5,+3%,2026-07-09 11:50:36,0.985,12:06:14,0.95,ATR_FLIP,-3.553,-0.35,1.472,-3.584,938,0.006,22
RKTO,2026-07-09,38.5,flip_only,2026-07-09 11:50:36,0.985,12:06:14,0.95,ATR_FLIP,-3.553,-0.35,1.472,-3.584,938,0.006,22
RKTO,2026-07-09,38.5,+2%,2026-07-09 12:28:06,0.93,12:40:00,0.9486,TARGET,2.0,0.186,4.011,-0.538,713,0.0029,4
RKTO,2026-07-09,38.5,+3%,2026-07-09 12:28:06,0.93,12:40:22,0.9579,TARGET,3.0,0.279,4.011,-0.538,735,0.0029,4
RKTO,2026-07-09,38.5,flip_only,2026-07-09 12:28:06,0.93,12:58:51,0.9379,ATR_FLIP,0.849,0.079,4.011,-0.538,1844,0.0029,4
RKTO,2026-07-09,38.5,+2%,2026-07-09 13:02:26,0.95,13:12:58,0.9129,ATR_FLIP,-3.905,-0.371,0.011,-4.105,631,0.014,24
RKTO,2026-07-09,38.5,+3%,2026-07-09 13:02:26,0.95,13:12:58,0.9129,ATR_FLIP,-3.905,-0.371,0.011,-4.105,631,0.014,24
RKTO,2026-07-09,38.5,flip_only,2026-07-09 13:02:26,0.95,13:12:58,0.9129,ATR_FLIP,-3.905,-0.371,0.011,-4.105,631,0.014,24
RPGL,2026-07-09,34.3,+2%,2026-07-09 13:15:35,2.26,13:31:33,2.21,ATR_FLIP,-2.212,-0.5,0.885,-2.212,958,0.01,11
RPGL,2026-07-09,34.3,+3%,2026-07-09 13:15:35,2.26,13:31:33,2.21,ATR_FLIP,-2.212,-0.5,0.885,-2.212,958,0.01,11
RPGL,2026-07-09,34.3,flip_only,2026-07-09 13:15:35,2.26,13:31:33,2.21,ATR_FLIP,-2.212,-0.5,0.885,-2.212,958,0.01,11
VRAX,2026-07-09,244.0,+2%,2026-07-09 13:31:03,8.96,13:35:48,8.52,ATR_FLIP,-4.911,-4.4,2.032,-5.134,284,0.04,29
VRAX,2026-07-09,244.0,+3%,2026-07-09 13:31:03,8.96,13:35:48,8.52,ATR_FLIP,-4.911,-4.4,2.032,-5.134,284,0.04,29
VRAX,2026-07-09,244.0,flip_only,2026-07-09 13:31:03,8.96,13:35:48,8.52,ATR_FLIP,-4.911,-4.4,2.032,-5.134,284,0.04,29
RKTO,2026-07-09,38.5,+2%,2026-07-09 13:36:03,0.92,14:02:40,0.905,ATR_FLIP,-1.63,-0.15,1.087,-1.902,1596,0.0103,10
RKTO,2026-07-09,38.5,+3%,2026-07-09 13:36:03,0.92,14:02:40,0.905,ATR_FLIP,-1.63,-0.15,1.087,-1.902,1596,0.0103,10
RKTO,2026-07-09,38.5,flip_only,2026-07-09 13:36:03,0.92,14:02:40,0.905,ATR_FLIP,-1.63,-0.15,1.087,-1.902,1596,0.0103,10
RPGL,2026-07-09,34.3,+2%,2026-07-09 13:42:38,2.22,13:43:29,2.2644,TARGET,2.0,0.444,6.757,0.0,51,0.01,
RPGL,2026-07-09,34.3,+3%,2026-07-09 13:42:38,2.22,13:46:46,2.2866,TARGET,3.0,0.666,6.757,0.0,248,0.01,
RPGL,2026-07-09,34.3,flip_only,2026-07-09 13:42:38,2.22,16:00:00,2.33,EOD,4.955,1.1,6.757,0.0,8241,0.01,
